{"type":"Topology","id":"x0402:28204","metadata":{"type":["町丁・字等境界"],"dc:title":"兵庫県西宮市:フル解像度TopoJSON","dc:source":"r2ka28204.shp","dc:issued":"2022-06-24","dc:subject":["町丁・字境界","国勢調査","政府統計"],"cc:license":"https://www.e-stat.go.jp/terms-of-use","cc:useGuidelines":"https://www.e-stat.go.jp/gis/statmap-search?page=1&type=2&aggregateUnitForBoundary=A&toukeiCode=00200521&toukeiYear=2020&serveyId=A002005212020&coordsys=1&format=shape&datum=2000","cc:attributionText":"「令和2年国勢調査町丁・字等別境界データ」をもとにNIIが加工","cc:attributionURL":"https://www.e-stat.go.jp/"},"objects":{"town":{"type":"GeometryCollection","geometries":[{"type":"Polygon","arcs":[[0,1,2,3,4,5,6,7]],"properties":{"KEY_CODE":"282040010","PREF":"28","CITY":"204","S_AREA":"001000","PREF_NAME":"兵庫県","CITY_NAME":"西宮市","S_NAME":"越水","KIGO_E":null,"HCODE":8101,"AREA":4984866.147,"PERIMETER":12509.622,"R2KAxx":4442,"R2KAxx_ID":4441,"KIHON1":"0010","DUMMY1":"-","KIHON2":"00","KEYCODE1":"204001000","KEYCODE2":"2040010","AREA_MAX_F":"M","KIGO_D":null,"N_KEN":null,"N_CITY":null,"KIGO_I":null,"KBSUM":1,"JINKO":0,"SETAI":0,"X_CODE":135.295752,"Y_CODE":34.783793,"KCODE1":"0010-00"}},{"type":"Polygon","arcs":[[8,9,10,-5]],"properties":{"KEY_CODE":"282040020","PREF":"28","CITY":"204","S_AREA":"002000","PREF_NAME":"兵庫県","CITY_NAME":"西宮市","S_NAME":"湯元町","KIGO_E":null,"HCODE":8101,"AREA":48550.39,"PERIMETER":1198.616,"R2KAxx":4443,"R2KAxx_ID":4442,"KIHON1":"0020","DUMMY1":"-","KIHON2":"00","KEYCODE1":"204002000","KEYCODE2":"2040020","AREA_MAX_F":"M","KIGO_D":null,"N_KEN":null,"N_CITY":null,"KIGO_I":null,"KBSUM":6,"JINKO":42,"SETAI":19,"X_CODE":135.314443,"Y_CODE":34.778132,"KCODE1":"0020-00"}},{"type":"Polygon","arcs":[[-11,11,12,13,14,15,16,17,-6]],"properties":{"KEY_CODE":"28204003000","PREF":"28","CITY":"204","S_AREA":"003000","PREF_NAME":"兵庫県","CITY_NAME":"西宮市","S_NAME":"鷲林寺字剣谷","KIGO_E":null,"HCODE":8101,"AREA":1263960.723,"PERIMETER":7566.706,"R2KAxx":4444,"R2KAxx_ID":4443,"KIHON1":"0030","DUMMY1":"-","KIHON2":"00","KEYCODE1":"204003000","KEYCODE2":"204003000","AREA_MAX_F":"M","KIGO_D":null,"N_KEN":null,"N_CITY":null,"KIGO_I":null,"KBSUM":1,"JINKO":0,"SETAI":0,"X_CODE":135.304681,"Y_CODE":34.772176,"KCODE1":"0030-00"}},{"type":"Polygon","arcs":[[-10,18,19,-12]],"properties":{"KEY_CODE":"28204003001","PREF":"28","CITY":"204","S_AREA":"003001","PREF_NAME":"兵庫県","CITY_NAME":"西宮市","S_NAME":"鷲林寺一丁目","KIGO_E":null,"HCODE":8101,"AREA":142996.086,"PERIMETER":1961.042,"R2KAxx":4445,"R2KAxx_ID":4444,"KIHON1":"0030","DUMMY1":"-","KIHON2":"01","KEYCODE1":"204003001","KEYCODE2":"204003001","AREA_MAX_F":"M","KIGO_D":null,"N_KEN":null,"N_CITY":null,"KIGO_I":null,"KBSUM":8,"JINKO":67,"SETAI":28,"X_CODE":135.311954,"Y_CODE":34.776351,"KCODE1":"0030-01"}},{"type":"Polygon","arcs":[[20,21,-19,-9,-4,22]],"properties":{"KEY_CODE":"28204003002","PREF":"28","CITY":"204","S_AREA":"003002","PREF_NAME":"兵庫県","CITY_NAME":"西宮市","S_NAME":"鷲林寺二丁目","KIGO_E":null,"HCODE":8101,"AREA":199937.995,"PERIMETER":2696.531,"R2KAxx":4446,"R2KAxx_ID":4445,"KIHON1":"0030","DUMMY1":"-","KIHON2":"02","KEYCODE1":"204003002","KEYCODE2":"204003002","AREA_MAX_F":"M","KIGO_D":null,"N_KEN":null,"N_CITY":null,"KIGO_I":null,"KBSUM":13,"JINKO":56,"SETAI":22,"X_CODE":135.317751,"Y_CODE":34.776167,"KCODE1":"0030-02"}},{"type":"Polygon","arcs":[[-22,23,24,-13,-20]],"properties":{"KEY_CODE":"282040040","PREF":"28","CITY":"204","S_AREA":"004000","PREF_NAME":"兵庫県","CITY_NAME":"西宮市","S_NAME":"鷲林寺町","KIGO_E":null,"HCODE":8101,"AREA":375729.43,"PERIMETER":3255.035,"R2KAxx":4447,"R2KAxx_ID":4446,"KIHON1":"0040","DUMMY1":"-","KIHON2":"00","KEYCODE1":"204004000","KEYCODE2":"2040040","AREA_MAX_F":"M","KIGO_D":null,"N_KEN":null,"N_CITY":null,"KIGO_I":null,"KBSUM":8,"JINKO":60,"SETAI":12,"X_CODE":135.310042,"Y_CODE":34.774306,"KCODE1":"0040-00"}},{"type":"Polygon","arcs":[[25,26,27,28,29]],"properties":{"KEY_CODE":"282040050","PREF":"28","CITY":"204","S_AREA":"005000","PREF_NAME":"兵庫県","CITY_NAME":"西宮市","S_NAME":"柏堂町","KIGO_E":null,"HCODE":8101,"AREA":159403.249,"PERIMETER":2058.978,"R2KAxx":4448,"R2KAxx_ID":4447,"KIHON1":"0050","DUMMY1":"-","KIHON2":"00","KEYCODE1":"204005000","KEYCODE2":"2040050","AREA_MAX_F":"M","KIGO_D":null,"N_KEN":null,"N_CITY":null,"KIGO_I":null,"KBSUM":14,"JINKO":941,"SETAI":347,"X_CODE":135.315,"Y_CODE":34.763887,"KCODE1":"0050-00"}},{"type":"Polygon","arcs":[[30,31,32,33,34,35,-26,36,37,-24,-21]],"properties":{"KEY_CODE":"282040060","PREF":"28","CITY":"204","S_AREA":"006000","PREF_NAME":"兵庫県","CITY_NAME":"西宮市","S_NAME":"北山町","KIGO_E":null,"HCODE":8101,"AREA":817295.297,"PERIMETER":4565.481,"R2KAxx":4449,"R2KAxx_ID":4448,"KIHON1":"0060","DUMMY1":"-","KIHON2":"00","KEYCODE1":"204006000","KEYCODE2":"2040060","AREA_MAX_F":"M","KIGO_D":null,"N_KEN":null,"N_CITY":null,"KIGO_I":null,"KBSUM":1,"JINKO":18,"SETAI":6,"X_CODE":135.319903,"Y_CODE":34.767186,"KCODE1":"0060-00"}},{"type":"Polygon","arcs":[[38,39,40,-31,-23,-3,41,42]],"properties":{"KEY_CODE":"282040070","PREF":"28","CITY":"204","S_AREA":"007000","PREF_NAME":"兵庫県","CITY_NAME":"西宮市","S_NAME":"甲陽園目神山町","KIGO_E":null,"HCODE":8101,"AREA":808172.631,"PERIMETER":6415.595,"R2KAxx":4450,"R2KAxx_ID":4449,"KIHON1":"0070","DUMMY1":"-","KIHON2":"00","KEYCODE1":"204007000","KEYCODE2":"2040070","AREA_MAX_F":"M","KIGO_D":null,"N_KEN":null,"N_CITY":null,"KIGO_I":null,"KBSUM":35,"JINKO":1612,"SETAI":659,"X_CODE":135.326552,"Y_CODE":34.769871,"KCODE1":"0070-00"}},{"type":"Polygon","arcs":[[43,44,45,-39,46]],"properties":{"KEY_CODE":"282040080","PREF":"28","CITY":"204","S_AREA":"008000","PREF_NAME":"兵庫県","CITY_NAME":"西宮市","S_NAME":"甲陽園東山町","KIGO_E":null,"HCODE":8101,"AREA":187504.616,"PERIMETER":2375.995,"R2KAxx":4451,"R2KAxx_ID":4450,"KIHON1":"0080","DUMMY1":"-","KIHON2":"00","KEYCODE1":"204008000","KEYCODE2":"2040080","AREA_MAX_F":"M","KIGO_D":null,"N_KEN":null,"N_CITY":null,"KIGO_I":null,"KBSUM":20,"JINKO":1847,"SETAI":713,"X_CODE":135.3367,"Y_CODE":34.766782,"KCODE1":"0080-00"}},{"type":"Polygon","arcs":[[-46,47,48,49,-40]],"properties":{"KEY_CODE":"282040090","PREF":"28","CITY":"204","S_AREA":"009000","PREF_NAME":"兵庫県","CITY_NAME":"西宮市","S_NAME":"甲陽園山王町","KIGO_E":null,"HCODE":8101,"AREA":140529.993,"PERIMETER":2112.314,"R2KAxx":4452,"R2KAxx_ID":4451,"KIHON1":"0090","DUMMY1":"-","KIHON2":"00","KEYCODE1":"204009000","KEYCODE2":"2040090","AREA_MAX_F":"M","KIGO_D":null,"N_KEN":null,"N_CITY":null,"KIGO_I":null,"KBSUM":9,"JINKO":1034,"SETAI":415,"X_CODE":135.332454,"Y_CODE":34.765062,"KCODE1":"0090-00"}},{"type":"Polygon","arcs":[[50,51,52,53,54,-32,-41,-50]],"properties":{"KEY_CODE":"282040100","PREF":"28","CITY":"204","S_AREA":"010000","PREF_NAME":"兵庫県","CITY_NAME":"西宮市","S_NAME":"甲陽園西山町","KIGO_E":null,"HCODE":8101,"AREA":277737.796,"PERIMETER":2510.447,"R2KAxx":4453,"R2KAxx_ID":4452,"KIHON1":"0100","DUMMY1":"-","KIHON2":"00","KEYCODE1":"204010000","KEYCODE2":"2040100","AREA_MAX_F":"M","KIGO_D":null,"N_KEN":null,"N_CITY":null,"KIGO_I":null,"KBSUM":22,"JINKO":1838,"SETAI":770,"X_CODE":135.32682,"Y_CODE":34.762955,"KCODE1":"0100-00"}},{"type":"Polygon","arcs":[[55,-52,56]],"properties":{"KEY_CODE":"282040110","PREF":"28","CITY":"204","S_AREA":"011000","PREF_NAME":"兵庫県","CITY_NAME":"西宮市","S_NAME":"甲陽園若江町","KIGO_E":null,"HCODE":8101,"AREA":57082.252,"PERIMETER":1195.583,"R2KAxx":4454,"R2KAxx_ID":4453,"KIHON1":"0110","DUMMY1":"-","KIHON2":"00","KEYCODE1":"204011000","KEYCODE2":"2040110","AREA_MAX_F":"M","KIGO_D":null,"N_KEN":null,"N_CITY":null,"KIGO_I":null,"KBSUM":9,"JINKO":716,"SETAI":285,"X_CODE":135.330742,"Y_CODE":34.759389,"KCODE1":"0110-00"}},{"type":"Polygon","arcs":[[57,58,59,-57,-51,60]],"properties":{"KEY_CODE":"282040120","PREF":"28","CITY":"204","S_AREA":"012000","PREF_NAME":"兵庫県","CITY_NAME":"西宮市","S_NAME":"甲陽園本庄町","KIGO_E":null,"HCODE":8101,"AREA":150819.498,"PERIMETER":1867.461,"R2KAxx":4455,"R2KAxx_ID":4454,"KIHON1":"0120","DUMMY1":"-","KIHON2":"00","KEYCODE1":"204012000","KEYCODE2":"2040120","AREA_MAX_F":"M","KIGO_D":null,"N_KEN":null,"N_CITY":null,"KIGO_I":null,"KBSUM":18,"JINKO":1655,"SETAI":778,"X_CODE":135.332596,"Y_CODE":34.760546,"KCODE1":"0120-00"}},{"type":"Polygon","arcs":[[61,-61,-49]],"properties":{"KEY_CODE":"282040130","PREF":"28","CITY":"204","S_AREA":"013000","PREF_NAME":"兵庫県","CITY_NAME":"西宮市","S_NAME":"甲陽園日之出町","KIGO_E":null,"HCODE":8101,"AREA":64409.94,"PERIMETER":1419.467,"R2KAxx":4456,"R2KAxx_ID":4455,"KIHON1":"0130","DUMMY1":"-","KIHON2":"00","KEYCODE1":"204013000","KEYCODE2":"2040130","AREA_MAX_F":"M","KIGO_D":null,"N_KEN":null,"N_CITY":null,"KIGO_I":null,"KBSUM":13,"JINKO":1106,"SETAI":448,"X_CODE":135.333732,"Y_CODE":34.762289,"KCODE1":"0130-00"}},{"type":"Polygon","arcs":[[62,63,64,-58,-62,-48,-45,65]],"properties":{"KEY_CODE":"282040140","PREF":"28","CITY":"204","S_AREA":"014000","PREF_NAME":"兵庫県","CITY_NAME":"西宮市","S_NAME":"新甲陽町","KIGO_E":null,"HCODE":8101,"AREA":145841.36,"PERIMETER":1807.793,"R2KAxx":4457,"R2KAxx_ID":4456,"KIHON1":"0140","DUMMY1":"-","KIHON2":"00","KEYCODE1":"204014000","KEYCODE2":"2040140","AREA_MAX_F":"M","KIGO_D":null,"N_KEN":null,"N_CITY":null,"KIGO_I":null,"KBSUM":15,"JINKO":1374,"SETAI":566,"X_CODE":135.33687,"Y_CODE":34.762869,"KCODE1":"0140-00"}},{"type":"Polygon","arcs":[[-56,-60,66,67,68,-53]],"properties":{"KEY_CODE":"282040150","PREF":"28","CITY":"204","S_AREA":"015000","PREF_NAME":"兵庫県","CITY_NAME":"西宮市","S_NAME":"神園町","KIGO_E":null,"HCODE":8101,"AREA":162748.892,"PERIMETER":2452.63,"R2KAxx":4458,"R2KAxx_ID":4457,"KIHON1":"0150","DUMMY1":"-","KIHON2":"00","KEYCODE1":"204015000","KEYCODE2":"2040150","AREA_MAX_F":"M","KIGO_D":null,"N_KEN":null,"N_CITY":null,"KIGO_I":null,"KBSUM":19,"JINKO":1754,"SETAI":667,"X_CODE":135.329463,"Y_CODE":34.758069,"KCODE1":"0150-00"}},{"type":"Polygon","arcs":[[-69,69,70,71,72,-54]],"properties":{"KEY_CODE":"282040160","PREF":"28","CITY":"204","S_AREA":"016000","PREF_NAME":"兵庫県","CITY_NAME":"西宮市","S_NAME":"獅子ケ口町","KIGO_E":null,"HCODE":8101,"AREA":124762.481,"PERIMETER":1932.075,"R2KAxx":4459,"R2KAxx_ID":4458,"KIHON1":"0160","DUMMY1":"-","KIHON2":"00","KEYCODE1":"204016000","KEYCODE2":"2040160","AREA_MAX_F":"M","KIGO_D":null,"N_KEN":null,"N_CITY":null,"KIGO_I":null,"KBSUM":25,"JINKO":2015,"SETAI":877,"X_CODE":135.327195,"Y_CODE":34.757965,"KCODE1":"0160-00"}},{"type":"Polygon","arcs":[[-73,73,74,75,-33,-55]],"properties":{"KEY_CODE":"282040170","PREF":"28","CITY":"204","S_AREA":"017000","PREF_NAME":"兵庫県","CITY_NAME":"西宮市","S_NAME":"甑岩町","KIGO_E":null,"HCODE":8101,"AREA":89249.147,"PERIMETER":1209.349,"R2KAxx":4460,"R2KAxx_ID":4459,"KIHON1":"0170","DUMMY1":"-","KIHON2":"00","KEYCODE1":"204017000","KEYCODE2":"2040170","AREA_MAX_F":"M","KIGO_D":null,"N_KEN":null,"N_CITY":null,"KIGO_I":null,"KBSUM":11,"JINKO":721,"SETAI":306,"X_CODE":135.323094,"Y_CODE":34.759355,"KCODE1":"0170-00"}},{"type":"Polygon","arcs":[[76,77,-34,-76]],"properties":{"KEY_CODE":"282040180","PREF":"28","CITY":"204","S_AREA":"018000","PREF_NAME":"兵庫県","CITY_NAME":"西宮市","S_NAME":"毘沙門町","KIGO_E":null,"HCODE":8101,"AREA":52547.354,"PERIMETER":1381.131,"R2KAxx":4461,"R2KAxx_ID":4460,"KIHON1":"0180","DUMMY1":"-","KIHON2":"00","KEYCODE1":"204018000","KEYCODE2":"2040180","AREA_MAX_F":"M","KIGO_D":null,"N_KEN":null,"N_CITY":null,"KIGO_I":null,"KBSUM":8,"JINKO":254,"SETAI":100,"X_CODE":135.320843,"Y_CODE":34.758946,"KCODE1":"0180-00"}},{"type":"Polygon","arcs":[[-78,78,79,80,-35]],"properties":{"KEY_CODE":"282040190","PREF":"28","CITY":"204","S_AREA":"019000","PREF_NAME":"兵庫県","CITY_NAME":"西宮市","S_NAME":"角石町","KIGO_E":null,"HCODE":8101,"AREA":177213.665,"PERIMETER":1821.363,"R2KAxx":4462,"R2KAxx_ID":4461,"KIHON1":"0190","DUMMY1":"-","KIHON2":"00","KEYCODE1":"204019000","KEYCODE2":"2040190","AREA_MAX_F":"M","KIGO_D":null,"N_KEN":null,"N_CITY":null,"KIGO_I":null,"KBSUM":3,"JINKO":255,"SETAI":95,"X_CODE":135.318368,"Y_CODE":34.758965,"KCODE1":"0190-00"}},{"type":"Polygon","arcs":[[81,82,-74,-72,83]],"properties":{"KEY_CODE":"282040200","PREF":"28","CITY":"204","S_AREA":"020000","PREF_NAME":"兵庫県","CITY_NAME":"西宮市","S_NAME":"西平町","KIGO_E":null,"HCODE":8101,"AREA":121230.339,"PERIMETER":1552.606,"R2KAxx":4463,"R2KAxx_ID":4462,"KIHON1":"0200","DUMMY1":"-","KIHON2":"00","KEYCODE1":"204020000","KEYCODE2":"2040200","AREA_MAX_F":"M","KIGO_D":null,"N_KEN":null,"N_CITY":null,"KIGO_I":null,"KBSUM":20,"JINKO":1105,"SETAI":432,"X_CODE":135.324883,"Y_CODE":34.756719,"KCODE1":"0200-00"}},{"type":"Polygon","arcs":[[-83,84,85,-79,-77,-75]],"properties":{"KEY_CODE":"282040210","PREF":"28","CITY":"204","S_AREA":"021000","PREF_NAME":"兵庫県","CITY_NAME":"西宮市","S_NAME":"美作町","KIGO_E":null,"HCODE":8101,"AREA":73239.498,"PERIMETER":1265.775,"R2KAxx":4464,"R2KAxx_ID":4463,"KIHON1":"0210","DUMMY1":"-","KIHON2":"00","KEYCODE1":"204021000","KEYCODE2":"2040210","AREA_MAX_F":"M","KIGO_D":null,"N_KEN":null,"N_CITY":null,"KIGO_I":null,"KBSUM":10,"JINKO":634,"SETAI":251,"X_CODE":135.321062,"Y_CODE":34.756159,"KCODE1":"0210-00"}},{"type":"Polygon","arcs":[[86,87,-85,88]],"properties":{"KEY_CODE":"282040220","PREF":"28","CITY":"204","S_AREA":"022000","PREF_NAME":"兵庫県","CITY_NAME":"西宮市","S_NAME":"桜町","KIGO_E":null,"HCODE":8101,"AREA":80634.435,"PERIMETER":1263.21,"R2KAxx":4465,"R2KAxx_ID":4464,"KIHON1":"0220","DUMMY1":"-","KIHON2":"00","KEYCODE1":"204022000","KEYCODE2":"2040220","AREA_MAX_F":"M","KIGO_D":null,"N_KEN":null,"N_CITY":null,"KIGO_I":null,"KBSUM":9,"JINKO":976,"SETAI":376,"X_CODE":135.321884,"Y_CODE":34.753945,"KCODE1":"0220-00"}},{"type":"Polygon","arcs":[[89,90,-89,-82,91,92]],"properties":{"KEY_CODE":"282040230","PREF":"28","CITY":"204","S_AREA":"023000","PREF_NAME":"兵庫県","CITY_NAME":"西宮市","S_NAME":"豊楽町","KIGO_E":null,"HCODE":8101,"AREA":103031.655,"PERIMETER":1365.3,"R2KAxx":4466,"R2KAxx_ID":4465,"KIHON1":"0230","DUMMY1":"-","KIHON2":"00","KEYCODE1":"204023000","KEYCODE2":"2040230","AREA_MAX_F":"M","KIGO_D":null,"N_KEN":null,"N_CITY":null,"KIGO_I":null,"KBSUM":18,"JINKO":1047,"SETAI":443,"X_CODE":135.324728,"Y_CODE":34.753518,"KCODE1":"0230-00"}},{"type":"Polygon","arcs":[[93,94,-92,-84,-71]],"properties":{"KEY_CODE":"282040240","PREF":"28","CITY":"204","S_AREA":"024000","PREF_NAME":"兵庫県","CITY_NAME":"西宮市","S_NAME":"松風町","KIGO_E":null,"HCODE":8101,"AREA":65235.557,"PERIMETER":1125.175,"R2KAxx":4467,"R2KAxx_ID":4466,"KIHON1":"0240","DUMMY1":"-","KIHON2":"00","KEYCODE1":"204024000","KEYCODE2":"2040240","AREA_MAX_F":"M","KIGO_D":null,"N_KEN":null,"N_CITY":null,"KIGO_I":null,"KBSUM":12,"JINKO":700,"SETAI":323,"X_CODE":135.327288,"Y_CODE":34.754213,"KCODE1":"0240-00"}},{"type":"Polygon","arcs":[[95,96,-93,-95,97,98,99]],"properties":{"KEY_CODE":"282040250","PREF":"28","CITY":"204","S_AREA":"025000","PREF_NAME":"兵庫県","CITY_NAME":"西宮市","S_NAME":"石刎町","KIGO_E":null,"HCODE":8101,"AREA":92764.162,"PERIMETER":1539.489,"R2KAxx":4468,"R2KAxx_ID":4467,"KIHON1":"0250","DUMMY1":"-","KIHON2":"00","KEYCODE1":"204025000","KEYCODE2":"2040250","AREA_MAX_F":"M","KIGO_D":null,"N_KEN":null,"N_CITY":null,"KIGO_I":null,"KBSUM":19,"JINKO":754,"SETAI":375,"X_CODE":135.328157,"Y_CODE":34.751819,"KCODE1":"0250-00"}},{"type":"Polygon","arcs":[[-80,-86,-88,100,101,102]],"properties":{"KEY_CODE":"282040260","PREF":"28","CITY":"204","S_AREA":"026000","PREF_NAME":"兵庫県","CITY_NAME":"西宮市","S_NAME":"苦楽園一番町","KIGO_E":null,"HCODE":8101,"AREA":130615.452,"PERIMETER":1974.677,"R2KAxx":4469,"R2KAxx_ID":4468,"KIHON1":"0260","DUMMY1":"-","KIHON2":"00","KEYCODE1":"204026000","KEYCODE2":"2040260","AREA_MAX_F":"M","KIGO_D":null,"N_KEN":null,"N_CITY":null,"KIGO_I":null,"KBSUM":17,"JINKO":1174,"SETAI":471,"X_CODE":135.317397,"Y_CODE":34.755289,"KCODE1":"0260-00"}},{"type":"Polygon","arcs":[[-36,-81,-103,103,104,-27]],"properties":{"KEY_CODE":"282040270","PREF":"28","CITY":"204","S_AREA":"027000","PREF_NAME":"兵庫県","CITY_NAME":"西宮市","S_NAME":"苦楽園二番町","KIGO_E":null,"HCODE":8101,"AREA":250345.718,"PERIMETER":2381.985,"R2KAxx":4470,"R2KAxx_ID":4469,"KIHON1":"0270","DUMMY1":"-","KIHON2":"00","KEYCODE1":"204027000","KEYCODE2":"2040270","AREA_MAX_F":"M","KIGO_D":null,"N_KEN":null,"N_CITY":null,"KIGO_I":null,"KBSUM":19,"JINKO":1056,"SETAI":367,"X_CODE":135.314146,"Y_CODE":34.759728,"KCODE1":"0270-00"}},{"type":"Polygon","arcs":[[105,-28,-105,106,107,-17]],"properties":{"KEY_CODE":"282040280","PREF":"28","CITY":"204","S_AREA":"028000","PREF_NAME":"兵庫県","CITY_NAME":"西宮市","S_NAME":"苦楽園三番町","KIGO_E":null,"HCODE":8101,"AREA":440998.872,"PERIMETER":4246.222,"R2KAxx":4471,"R2KAxx_ID":4470,"KIHON1":"0280","DUMMY1":"-","KIHON2":"00","KEYCODE1":"204028000","KEYCODE2":"2040280","AREA_MAX_F":"M","KIGO_D":null,"N_KEN":null,"N_CITY":null,"KIGO_I":null,"KBSUM":21,"JINKO":642,"SETAI":260,"X_CODE":135.305915,"Y_CODE":34.763772,"KCODE1":"0280-00"}},{"type":"Polygon","arcs":[[108,109,110,-107,-104]],"properties":{"KEY_CODE":"282040290","PREF":"28","CITY":"204","S_AREA":"029000","PREF_NAME":"兵庫県","CITY_NAME":"西宮市","S_NAME":"苦楽園四番町","KIGO_E":null,"HCODE":8101,"AREA":214440.302,"PERIMETER":2875.173,"R2KAxx":4472,"R2KAxx_ID":4471,"KIHON1":"0290","DUMMY1":"-","KIHON2":"00","KEYCODE1":"204029000","KEYCODE2":"2040290","AREA_MAX_F":"M","KIGO_D":null,"N_KEN":null,"N_CITY":null,"KIGO_I":null,"KBSUM":27,"JINKO":911,"SETAI":355,"X_CODE":135.309197,"Y_CODE":34.758394,"KCODE1":"0290-00"}},{"type":"Polygon","arcs":[[111,112,113,-109,-102]],"properties":{"KEY_CODE":"282040300","PREF":"28","CITY":"204","S_AREA":"030000","PREF_NAME":"兵庫県","CITY_NAME":"西宮市","S_NAME":"苦楽園五番町","KIGO_E":null,"HCODE":8101,"AREA":125006.619,"PERIMETER":1825.795,"R2KAxx":4473,"R2KAxx_ID":4472,"KIHON1":"0300","DUMMY1":"-","KIHON2":"00","KEYCODE1":"204030000","KEYCODE2":"2040300","AREA_MAX_F":"M","KIGO_D":null,"N_KEN":null,"N_CITY":null,"KIGO_I":null,"KBSUM":14,"JINKO":774,"SETAI":292,"X_CODE":135.314361,"Y_CODE":34.754758,"KCODE1":"0300-00"}},{"type":"Polygon","arcs":[[-87,-91,114,115,116,117,118,-112,-101]],"properties":{"KEY_CODE":"282040310","PREF":"28","CITY":"204","S_AREA":"031000","PREF_NAME":"兵庫県","CITY_NAME":"西宮市","S_NAME":"樋之池町","KIGO_E":null,"HCODE":8101,"AREA":237768.021,"PERIMETER":2308.34,"R2KAxx":4474,"R2KAxx_ID":4473,"KIHON1":"0310","DUMMY1":"-","KIHON2":"00","KEYCODE1":"204031000","KEYCODE2":"2040310","AREA_MAX_F":"M","KIGO_D":null,"N_KEN":null,"N_CITY":null,"KIGO_I":null,"KBSUM":45,"JINKO":4492,"SETAI":1843,"X_CODE":135.319475,"Y_CODE":34.751684,"KCODE1":"0310-00"}},{"type":"Polygon","arcs":[[119,120,121,-113,-119]],"properties":{"KEY_CODE":"282040320","PREF":"28","CITY":"204","S_AREA":"032000","PREF_NAME":"兵庫県","CITY_NAME":"西宮市","S_NAME":"老松町","KIGO_E":null,"HCODE":8101,"AREA":128800.197,"PERIMETER":1846.73,"R2KAxx":4475,"R2KAxx_ID":4474,"KIHON1":"0320","DUMMY1":"-","KIHON2":"00","KEYCODE1":"204032000","KEYCODE2":"2040320","AREA_MAX_F":"M","KIGO_D":null,"N_KEN":null,"N_CITY":null,"KIGO_I":null,"KBSUM":29,"JINKO":2722,"SETAI":1170,"X_CODE":135.316243,"Y_CODE":34.749808,"KCODE1":"0320-00"}},{"type":"Polygon","arcs":[[122,123,-120,124]],"properties":{"KEY_CODE":"282040330","PREF":"28","CITY":"204","S_AREA":"033000","PREF_NAME":"兵庫県","CITY_NAME":"西宮市","S_NAME":"深谷町","KIGO_E":null,"HCODE":8101,"AREA":102024.298,"PERIMETER":1531.596,"R2KAxx":4476,"R2KAxx_ID":4475,"KIHON1":"0330","DUMMY1":"-","KIHON2":"00","KEYCODE1":"204033000","KEYCODE2":"2040330","AREA_MAX_F":"M","KIGO_D":null,"N_KEN":null,"N_CITY":null,"KIGO_I":null,"KBSUM":13,"JINKO":830,"SETAI":329,"X_CODE":135.318067,"Y_CODE":34.746775,"KCODE1":"0330-00"}},{"type":"Polygon","arcs":[[-125,-118,125,126,127]],"properties":{"KEY_CODE":"282040340","PREF":"28","CITY":"204","S_AREA":"034000","PREF_NAME":"兵庫県","CITY_NAME":"西宮市","S_NAME":"木津山町","KIGO_E":null,"HCODE":8101,"AREA":70836.23,"PERIMETER":1319.224,"R2KAxx":4477,"R2KAxx_ID":4476,"KIHON1":"0340","DUMMY1":"-","KIHON2":"00","KEYCODE1":"204034000","KEYCODE2":"2040340","AREA_MAX_F":"M","KIGO_D":null,"N_KEN":null,"N_CITY":null,"KIGO_I":null,"KBSUM":11,"JINKO":444,"SETAI":182,"X_CODE":135.320624,"Y_CODE":34.746907,"KCODE1":"0340-00"}},{"type":"Polygon","arcs":[[-126,-117,128,129]],"properties":{"KEY_CODE":"282040350","PREF":"28","CITY":"204","S_AREA":"035000","PREF_NAME":"兵庫県","CITY_NAME":"西宮市","S_NAME":"松ケ丘町","KIGO_E":null,"HCODE":8101,"AREA":86777.233,"PERIMETER":1351.459,"R2KAxx":4478,"R2KAxx_ID":4477,"KIHON1":"0350","DUMMY1":"-","KIHON2":"00","KEYCODE1":"204035000","KEYCODE2":"2040350","AREA_MAX_F":"M","KIGO_D":null,"N_KEN":null,"N_CITY":null,"KIGO_I":null,"KBSUM":14,"JINKO":640,"SETAI":260,"X_CODE":135.321717,"Y_CODE":34.748538,"KCODE1":"0350-00"}},{"type":"Polygon","arcs":[[130,-129,-116,131,132]],"properties":{"KEY_CODE":"282040360","PREF":"28","CITY":"204","S_AREA":"036000","PREF_NAME":"兵庫県","CITY_NAME":"西宮市","S_NAME":"菊谷町","KIGO_E":null,"HCODE":8101,"AREA":93258.285,"PERIMETER":1226.246,"R2KAxx":4479,"R2KAxx_ID":4478,"KIHON1":"0360","DUMMY1":"-","KIHON2":"00","KEYCODE1":"204036000","KEYCODE2":"2040360","AREA_MAX_F":"M","KIGO_D":null,"N_KEN":null,"N_CITY":null,"KIGO_I":null,"KBSUM":13,"JINKO":791,"SETAI":304,"X_CODE":135.324388,"Y_CODE":34.749462,"KCODE1":"0360-00"}},{"type":"Polygon","arcs":[[133,-132,-115,-90,-97,134,135,136]],"properties":{"KEY_CODE":"282040370","PREF":"28","CITY":"204","S_AREA":"037000","PREF_NAME":"兵庫県","CITY_NAME":"西宮市","S_NAME":"南越木岩町","KIGO_E":null,"HCODE":8101,"AREA":87908.317,"PERIMETER":1701.343,"R2KAxx":4480,"R2KAxx_ID":4479,"KIHON1":"0370","DUMMY1":"-","KIHON2":"00","KEYCODE1":"204037000","KEYCODE2":"2040370","AREA_MAX_F":"M","KIGO_D":null,"N_KEN":null,"N_CITY":null,"KIGO_I":null,"KBSUM":17,"JINKO":791,"SETAI":393,"X_CODE":135.327299,"Y_CODE":34.749708,"KCODE1":"0370-00"}},{"type":"Polygon","arcs":[[137,138,-133,-134,139,140,141]],"properties":{"KEY_CODE":"282040380","PREF":"28","CITY":"204","S_AREA":"038000","PREF_NAME":"兵庫県","CITY_NAME":"西宮市","S_NAME":"松生町","KIGO_E":null,"HCODE":8101,"AREA":95192.4,"PERIMETER":1354.188,"R2KAxx":4481,"R2KAxx_ID":4480,"KIHON1":"0380","DUMMY1":"-","KIHON2":"00","KEYCODE1":"204038000","KEYCODE2":"2040380","AREA_MAX_F":"M","KIGO_D":null,"N_KEN":null,"N_CITY":null,"KIGO_I":null,"KBSUM":20,"JINKO":965,"SETAI":430,"X_CODE":135.327814,"Y_CODE":34.746718,"KCODE1":"0380-00"}},{"type":"Polygon","arcs":[[142,143,144,-127,-130,-131,-139]],"properties":{"KEY_CODE":"282040390","PREF":"28","CITY":"204","S_AREA":"039000","PREF_NAME":"兵庫県","CITY_NAME":"西宮市","S_NAME":"久出ケ谷町","KIGO_E":null,"HCODE":8101,"AREA":109358.585,"PERIMETER":1372.133,"R2KAxx":4482,"R2KAxx_ID":4481,"KIHON1":"0390","DUMMY1":"-","KIHON2":"00","KEYCODE1":"204039000","KEYCODE2":"2040390","AREA_MAX_F":"M","KIGO_D":null,"N_KEN":null,"N_CITY":null,"KIGO_I":null,"KBSUM":16,"JINKO":959,"SETAI":391,"X_CODE":135.325008,"Y_CODE":34.74641,"KCODE1":"0390-00"}},{"type":"Polygon","arcs":[[145,146,147,-123]],"properties":{"KEY_CODE":"282040400","PREF":"28","CITY":"204","S_AREA":"040000","PREF_NAME":"兵庫県","CITY_NAME":"西宮市","S_NAME":"高塚町","KIGO_E":null,"HCODE":8101,"AREA":140146.523,"PERIMETER":1585.648,"R2KAxx":4483,"R2KAxx_ID":4482,"KIHON1":"0400","DUMMY1":"-","KIHON2":"00","KEYCODE1":"204040000","KEYCODE2":"2040400","AREA_MAX_F":"M","KIGO_D":null,"N_KEN":null,"N_CITY":null,"KIGO_I":null,"KBSUM":14,"JINKO":987,"SETAI":374,"X_CODE":135.318713,"Y_CODE":34.743291,"KCODE1":"0400-00"}},{"type":"Polygon","arcs":[[148,149,-146,-128,-145]],"properties":{"KEY_CODE":"282040410","PREF":"28","CITY":"204","S_AREA":"041000","PREF_NAME":"兵庫県","CITY_NAME":"西宮市","S_NAME":"殿山町","KIGO_E":null,"HCODE":8101,"AREA":106679.416,"PERIMETER":1554.998,"R2KAxx":4484,"R2KAxx_ID":4483,"KIHON1":"0410","DUMMY1":"-","KIHON2":"00","KEYCODE1":"204041000","KEYCODE2":"2040410","AREA_MAX_F":"M","KIGO_D":null,"N_KEN":null,"N_CITY":null,"KIGO_I":null,"KBSUM":13,"JINKO":735,"SETAI":313,"X_CODE":135.322066,"Y_CODE":34.744034,"KCODE1":"0410-00"}},{"type":"Polygon","arcs":[[150,151,152,153,-149,-144]],"properties":{"KEY_CODE":"282040420","PREF":"28","CITY":"204","S_AREA":"042000","PREF_NAME":"兵庫県","CITY_NAME":"西宮市","S_NAME":"雲井町","KIGO_E":null,"HCODE":8101,"AREA":74972.263,"PERIMETER":1278.527,"R2KAxx":4485,"R2KAxx_ID":4484,"KIHON1":"0420","DUMMY1":"-","KIHON2":"00","KEYCODE1":"204042000","KEYCODE2":"2040420","AREA_MAX_F":"M","KIGO_D":null,"N_KEN":null,"N_CITY":null,"KIGO_I":null,"KBSUM":10,"JINKO":574,"SETAI":224,"X_CODE":135.324615,"Y_CODE":34.743509,"KCODE1":"0420-00"}},{"type":"Polygon","arcs":[[154,155,156,-151,-143,-138,157]],"properties":{"KEY_CODE":"282040430","PREF":"28","CITY":"204","S_AREA":"043000","PREF_NAME":"兵庫県","CITY_NAME":"西宮市","S_NAME":"相生町","KIGO_E":null,"HCODE":8101,"AREA":73414.473,"PERIMETER":1132.286,"R2KAxx":4486,"R2KAxx_ID":4485,"KIHON1":"0430","DUMMY1":"-","KIHON2":"00","KEYCODE1":"204043000","KEYCODE2":"2040430","AREA_MAX_F":"M","KIGO_D":null,"N_KEN":null,"N_CITY":null,"KIGO_I":null,"KBSUM":13,"JINKO":732,"SETAI":358,"X_CODE":135.327232,"Y_CODE":34.743427,"KCODE1":"0430-00"}},{"type":"Polygon","arcs":[[158,159,160,161]],"properties":{"KEY_CODE":"282040440","PREF":"28","CITY":"204","S_AREA":"044000","PREF_NAME":"兵庫県","CITY_NAME":"西宮市","S_NAME":"岡田山","KIGO_E":null,"HCODE":8101,"AREA":215715.71,"PERIMETER":2341.498,"R2KAxx":4487,"R2KAxx_ID":4486,"KIHON1":"0440","DUMMY1":"-","KIHON2":"00","KEYCODE1":"204044000","KEYCODE2":"2040440","AREA_MAX_F":"M","KIGO_D":null,"N_KEN":null,"N_CITY":null,"KIGO_I":null,"KBSUM":10,"JINKO":579,"SETAI":198,"X_CODE":135.351145,"Y_CODE":34.759179,"KCODE1":"0440-00"}},{"type":"Polygon","arcs":[[162,163,164,165,166,-160]],"properties":{"KEY_CODE":"282040450","PREF":"28","CITY":"204","S_AREA":"045000","PREF_NAME":"兵庫県","CITY_NAME":"西宮市","S_NAME":"愛宕山","KIGO_E":null,"HCODE":8101,"AREA":211201.716,"PERIMETER":2226.537,"R2KAxx":4488,"R2KAxx_ID":4487,"KIHON1":"0450","DUMMY1":"-","KIHON2":"00","KEYCODE1":"204045000","KEYCODE2":"2040450","AREA_MAX_F":"M","KIGO_D":null,"N_KEN":null,"N_CITY":null,"KIGO_I":null,"KBSUM":24,"JINKO":2210,"SETAI":892,"X_CODE":135.348915,"Y_CODE":34.755431,"KCODE1":"0450-00"}},{"type":"Polygon","arcs":[[-166,167,168,169,170,171,172,173,174]],"properties":{"KEY_CODE":"282040460","PREF":"28","CITY":"204","S_AREA":"046000","PREF_NAME":"兵庫県","CITY_NAME":"西宮市","S_NAME":"高座町","KIGO_E":null,"HCODE":8101,"AREA":276398.511,"PERIMETER":2292.086,"R2KAxx":4489,"R2KAxx_ID":4488,"KIHON1":"0460","DUMMY1":"-","KIHON2":"00","KEYCODE1":"204046000","KEYCODE2":"2040460","AREA_MAX_F":"M","KIGO_D":null,"N_KEN":null,"N_CITY":null,"KIGO_I":null,"KBSUM":25,"JINKO":2442,"SETAI":988,"X_CODE":135.344353,"Y_CODE":34.75506,"KCODE1":"0460-00"}},{"type":"Polygon","arcs":[[175,176,-171,177,178,179,180]],"properties":{"KEY_CODE":"282040470","PREF":"28","CITY":"204","S_AREA":"047000","PREF_NAME":"兵庫県","CITY_NAME":"西宮市","S_NAME":"一ケ谷町","KIGO_E":null,"HCODE":8101,"AREA":89397.665,"PERIMETER":2302.978,"R2KAxx":4490,"R2KAxx_ID":4489,"KIHON1":"0470","DUMMY1":"-","KIHON2":"00","KEYCODE1":"204047000","KEYCODE2":"2040470","AREA_MAX_F":"M","KIGO_D":null,"N_KEN":null,"N_CITY":null,"KIGO_I":null,"KBSUM":19,"JINKO":2003,"SETAI":848,"X_CODE":135.340584,"Y_CODE":34.757616,"KCODE1":"0470-00"}},{"type":"Polygon","arcs":[[-180,181,-63,182]],"properties":{"KEY_CODE":"282040480","PREF":"28","CITY":"204","S_AREA":"048000","PREF_NAME":"兵庫県","CITY_NAME":"西宮市","S_NAME":"五月ケ丘","KIGO_E":null,"HCODE":8101,"AREA":97318.872,"PERIMETER":2105.335,"R2KAxx":4491,"R2KAxx_ID":4490,"KIHON1":"0480","DUMMY1":"-","KIHON2":"00","KEYCODE1":"204048000","KEYCODE2":"2040480","AREA_MAX_F":"M","KIGO_D":null,"N_KEN":null,"N_CITY":null,"KIGO_I":null,"KBSUM":14,"JINKO":1056,"SETAI":414,"X_CODE":135.338221,"Y_CODE":34.758457,"KCODE1":"0480-00"}},{"type":"Polygon","arcs":[[-179,183,184,185,-64,-182]],"properties":{"KEY_CODE":"282040490","PREF":"28","CITY":"204","S_AREA":"049000","PREF_NAME":"兵庫県","CITY_NAME":"西宮市","S_NAME":"六軒町","KIGO_E":null,"HCODE":8101,"AREA":88565.768,"PERIMETER":1853.64,"R2KAxx":4492,"R2KAxx_ID":4491,"KIHON1":"0490","DUMMY1":"-","KIHON2":"00","KEYCODE1":"204049000","KEYCODE2":"2040490","AREA_MAX_F":"M","KIGO_D":null,"N_KEN":null,"N_CITY":null,"KIGO_I":null,"KBSUM":16,"JINKO":1416,"SETAI":625,"X_CODE":135.336915,"Y_CODE":34.757422,"KCODE1":"0490-00"}},{"type":"Polygon","arcs":[[186,-67,-59,-65,-186,187]],"properties":{"KEY_CODE":"282040500","PREF":"28","CITY":"204","S_AREA":"050000","PREF_NAME":"兵庫県","CITY_NAME":"西宮市","S_NAME":"神原","KIGO_E":null,"HCODE":8101,"AREA":197435.064,"PERIMETER":2259.698,"R2KAxx":4493,"R2KAxx_ID":4492,"KIHON1":"0500","DUMMY1":"-","KIHON2":"00","KEYCODE1":"204050000","KEYCODE2":"2040500","AREA_MAX_F":"M","KIGO_D":null,"N_KEN":null,"N_CITY":null,"KIGO_I":null,"KBSUM":27,"JINKO":1888,"SETAI":927,"X_CODE":135.333294,"Y_CODE":34.755634,"KCODE1":"0500-00"}},{"type":"Polygon","arcs":[[188,189,190,-188,-185,191]],"properties":{"KEY_CODE":"282040510","PREF":"28","CITY":"204","S_AREA":"051000","PREF_NAME":"兵庫県","CITY_NAME":"西宮市","S_NAME":"奥畑","KIGO_E":null,"HCODE":8101,"AREA":190030.535,"PERIMETER":1910.149,"R2KAxx":4494,"R2KAxx_ID":4493,"KIHON1":"0510","DUMMY1":"-","KIHON2":"00","KEYCODE1":"204051000","KEYCODE2":"2040510","AREA_MAX_F":"M","KIGO_D":null,"N_KEN":null,"N_CITY":null,"KIGO_I":null,"KBSUM":10,"JINKO":739,"SETAI":302,"X_CODE":135.33585,"Y_CODE":34.753248,"KCODE1":"0510-00"}},{"type":"Polygon","arcs":[[192,193,-192,-184,-178,-170,194]],"properties":{"KEY_CODE":"282040520","PREF":"28","CITY":"204","S_AREA":"052000","PREF_NAME":"兵庫県","CITY_NAME":"西宮市","S_NAME":"大社町","KIGO_E":null,"HCODE":8101,"AREA":208171.173,"PERIMETER":1973.9,"R2KAxx":4495,"R2KAxx_ID":4494,"KIHON1":"0520","DUMMY1":"-","KIHON2":"00","KEYCODE1":"204052000","KEYCODE2":"2040520","AREA_MAX_F":"M","KIGO_D":null,"N_KEN":null,"N_CITY":null,"KIGO_I":null,"KBSUM":25,"JINKO":2271,"SETAI":937,"X_CODE":135.33994,"Y_CODE":34.752787,"KCODE1":"0520-00"}},{"type":"Polygon","arcs":[[195,-164,196,197,198]],"properties":{"KEY_CODE":"282040530","PREF":"28","CITY":"204","S_AREA":"053000","PREF_NAME":"兵庫県","CITY_NAME":"西宮市","S_NAME":"能登町","KIGO_E":null,"HCODE":8101,"AREA":126155.219,"PERIMETER":1469.206,"R2KAxx":4496,"R2KAxx_ID":4495,"KIHON1":"0530","DUMMY1":"-","KIHON2":"00","KEYCODE1":"204053000","KEYCODE2":"2040530","AREA_MAX_F":"M","KIGO_D":null,"N_KEN":null,"N_CITY":null,"KIGO_I":null,"KBSUM":20,"JINKO":1834,"SETAI":740,"X_CODE":135.351174,"Y_CODE":34.75162,"KCODE1":"0530-00"}},{"type":"Polygon","arcs":[[-196,199,200,201,-168,-165]],"properties":{"KEY_CODE":"282040540","PREF":"28","CITY":"204","S_AREA":"054000","PREF_NAME":"兵庫県","CITY_NAME":"西宮市","S_NAME":"広田町","KIGO_E":null,"HCODE":8101,"AREA":138750.333,"PERIMETER":1658.151,"R2KAxx":4497,"R2KAxx_ID":4496,"KIHON1":"0540","DUMMY1":"-","KIHON2":"00","KEYCODE1":"204054000","KEYCODE2":"2040540","AREA_MAX_F":"M","KIGO_D":null,"N_KEN":null,"N_CITY":null,"KIGO_I":null,"KBSUM":24,"JINKO":2248,"SETAI":1001,"X_CODE":135.347206,"Y_CODE":34.751505,"KCODE1":"0540-00"}},{"type":"Polygon","arcs":[[202,203,204,205,-200,-199]],"properties":{"KEY_CODE":"282040550","PREF":"28","CITY":"204","S_AREA":"055000","PREF_NAME":"兵庫県","CITY_NAME":"西宮市","S_NAME":"大畑町","KIGO_E":null,"HCODE":8101,"AREA":77290.401,"PERIMETER":1105.959,"R2KAxx":4498,"R2KAxx_ID":4497,"KIHON1":"0550","DUMMY1":"-","KIHON2":"00","KEYCODE1":"204055000","KEYCODE2":"2040550","AREA_MAX_F":"M","KIGO_D":null,"N_KEN":null,"N_CITY":null,"KIGO_I":null,"KBSUM":17,"JINKO":1428,"SETAI":753,"X_CODE":135.349981,"Y_CODE":34.748569,"KCODE1":"0550-00"}},{"type":"Polygon","arcs":[[206,-204,207,208]],"properties":{"KEY_CODE":"282040560","PREF":"28","CITY":"204","S_AREA":"056000","PREF_NAME":"兵庫県","CITY_NAME":"西宮市","S_NAME":"平木町","KIGO_E":null,"HCODE":8101,"AREA":86963.83,"PERIMETER":1193.403,"R2KAxx":4499,"R2KAxx_ID":4498,"KIHON1":"0560","DUMMY1":"-","KIHON2":"00","KEYCODE1":"204056000","KEYCODE2":"2040560","AREA_MAX_F":"M","KIGO_D":null,"N_KEN":null,"N_CITY":null,"KIGO_I":null,"KBSUM":17,"JINKO":804,"SETAI":605,"X_CODE":135.350137,"Y_CODE":34.746168,"KCODE1":"0560-00"}},{"type":"Polygon","arcs":[[209,210,-195,-169,-202]],"properties":{"KEY_CODE":"282040570","PREF":"28","CITY":"204","S_AREA":"057000","PREF_NAME":"兵庫県","CITY_NAME":"西宮市","S_NAME":"中屋町","KIGO_E":null,"HCODE":8101,"AREA":66497.806,"PERIMETER":1339.592,"R2KAxx":4500,"R2KAxx_ID":4499,"KIHON1":"0570","DUMMY1":"-","KIHON2":"00","KEYCODE1":"204057000","KEYCODE2":"2040570","AREA_MAX_F":"M","KIGO_D":null,"N_KEN":null,"N_CITY":null,"KIGO_I":null,"KBSUM":14,"JINKO":1196,"SETAI":519,"X_CODE":135.34421,"Y_CODE":34.750656,"KCODE1":"0570-00"}},{"type":"Polygon","arcs":[[211,-210,-201,-206,212]],"properties":{"KEY_CODE":"282040580","PREF":"28","CITY":"204","S_AREA":"058000","PREF_NAME":"兵庫県","CITY_NAME":"西宮市","S_NAME":"河原町","KIGO_E":null,"HCODE":8101,"AREA":91531.971,"PERIMETER":1236.699,"R2KAxx":4501,"R2KAxx_ID":4500,"KIHON1":"0580","DUMMY1":"-","KIHON2":"00","KEYCODE1":"204058000","KEYCODE2":"2040580","AREA_MAX_F":"M","KIGO_D":null,"N_KEN":null,"N_CITY":null,"KIGO_I":null,"KBSUM":6,"JINKO":209,"SETAI":134,"X_CODE":135.346103,"Y_CODE":34.748591,"KCODE1":"0580-00"}},{"type":"Polygon","arcs":[[-207,213,214,215,216,-213,-205]],"properties":{"KEY_CODE":"282040590","PREF":"28","CITY":"204","S_AREA":"059000","PREF_NAME":"兵庫県","CITY_NAME":"西宮市","S_NAME":"青木町","KIGO_E":null,"HCODE":8101,"AREA":129432.409,"PERIMETER":1492.446,"R2KAxx":4502,"R2KAxx_ID":4501,"KIHON1":"0590","DUMMY1":"-","KIHON2":"00","KEYCODE1":"204059000","KEYCODE2":"2040590","AREA_MAX_F":"M","KIGO_D":null,"N_KEN":null,"N_CITY":null,"KIGO_I":null,"KBSUM":23,"JINKO":2215,"SETAI":1152,"X_CODE":135.346531,"Y_CODE":34.745875,"KCODE1":"0590-00"}},{"type":"Polygon","arcs":[[217,218,-193,-211,-212,219]],"properties":{"KEY_CODE":"282040600","PREF":"28","CITY":"204","S_AREA":"060000","PREF_NAME":"兵庫県","CITY_NAME":"西宮市","S_NAME":"柳本町","KIGO_E":null,"HCODE":8101,"AREA":94724.936,"PERIMETER":1207.067,"R2KAxx":4503,"R2KAxx_ID":4502,"KIHON1":"0600","DUMMY1":"-","KIHON2":"00","KEYCODE1":"204060000","KEYCODE2":"2040600","AREA_MAX_F":"M","KIGO_D":null,"N_KEN":null,"N_CITY":null,"KIGO_I":null,"KBSUM":16,"JINKO":1548,"SETAI":683,"X_CODE":135.342663,"Y_CODE":34.748628,"KCODE1":"0600-00"}},{"type":"Polygon","arcs":[[220,221,222,223,-220,-217,224]],"properties":{"KEY_CODE":"282040610","PREF":"28","CITY":"204","S_AREA":"061000","PREF_NAME":"兵庫県","CITY_NAME":"西宮市","S_NAME":"室川町","KIGO_E":null,"HCODE":8101,"AREA":110073.297,"PERIMETER":1335.034,"R2KAxx":4504,"R2KAxx_ID":4503,"KIHON1":"0610","DUMMY1":"-","KIHON2":"00","KEYCODE1":"204061000","KEYCODE2":"2040610","AREA_MAX_F":"M","KIGO_D":null,"N_KEN":null,"N_CITY":null,"KIGO_I":null,"KBSUM":20,"JINKO":1273,"SETAI":557,"X_CODE":135.342848,"Y_CODE":34.745485,"KCODE1":"0610-00"}},{"type":"Polygon","arcs":[[-219,225,226,227,228,-194]],"properties":{"KEY_CODE":"282040620","PREF":"28","CITY":"204","S_AREA":"062000","PREF_NAME":"兵庫県","CITY_NAME":"西宮市","S_NAME":"神垣町","KIGO_E":null,"HCODE":8101,"AREA":97033.785,"PERIMETER":1400.879,"R2KAxx":4505,"R2KAxx_ID":4504,"KIHON1":"0620","DUMMY1":"-","KIHON2":"00","KEYCODE1":"204062000","KEYCODE2":"2040620","AREA_MAX_F":"M","KIGO_D":null,"N_KEN":null,"N_CITY":null,"KIGO_I":null,"KBSUM":19,"JINKO":2198,"SETAI":802,"X_CODE":135.339487,"Y_CODE":34.74902,"KCODE1":"0620-00"}},{"type":"Polygon","arcs":[[226,-226,-218,-224,222,-222,229,230,231,232,-228]],"properties":{"KEY_CODE":"282040630","PREF":"28","CITY":"204","S_AREA":"063000","PREF_NAME":"兵庫県","CITY_NAME":"西宮市","S_NAME":"越水町","KIGO_E":null,"HCODE":8101,"AREA":100829.134,"PERIMETER":1498.321,"R2KAxx":4506,"R2KAxx_ID":4505,"KIHON1":"0630","DUMMY1":"-","KIHON2":"00","KEYCODE1":"204063000","KEYCODE2":"2040630","AREA_MAX_F":"M","KIGO_D":null,"N_KEN":null,"N_CITY":null,"KIGO_I":null,"KBSUM":15,"JINKO":1646,"SETAI":712,"X_CODE":135.339947,"Y_CODE":34.745516,"KCODE1":"0630-00"}},{"type":"Polygon","arcs":[[-233,233,234,-189,-229]],"properties":{"KEY_CODE":"282040640","PREF":"28","CITY":"204","S_AREA":"064000","PREF_NAME":"兵庫県","CITY_NAME":"西宮市","S_NAME":"城山","KIGO_E":null,"HCODE":8101,"AREA":88852.171,"PERIMETER":1243.704,"R2KAxx":4507,"R2KAxx_ID":4506,"KIHON1":"0640","DUMMY1":"-","KIHON2":"00","KEYCODE1":"204064000","KEYCODE2":"2040640","AREA_MAX_F":"M","KIGO_D":null,"N_KEN":null,"N_CITY":null,"KIGO_I":null,"KBSUM":14,"JINKO":979,"SETAI":379,"X_CODE":135.336562,"Y_CODE":34.749331,"KCODE1":"0640-00"}},{"type":"Polygon","arcs":[[-232,235,236,237,238,239,240,-234]],"properties":{"KEY_CODE":"282040650","PREF":"28","CITY":"204","S_AREA":"065000","PREF_NAME":"兵庫県","CITY_NAME":"西宮市","S_NAME":"桜谷町","KIGO_E":null,"HCODE":8101,"AREA":101826.715,"PERIMETER":1385.735,"R2KAxx":4508,"R2KAxx_ID":4507,"KIHON1":"0650","DUMMY1":"-","KIHON2":"00","KEYCODE1":"204065000","KEYCODE2":"2040650","AREA_MAX_F":"M","KIGO_D":null,"N_KEN":null,"N_CITY":null,"KIGO_I":null,"KBSUM":18,"JINKO":1108,"SETAI":463,"X_CODE":135.337314,"Y_CODE":34.745856,"KCODE1":"0650-00"}},{"type":"Polygon","arcs":[[241,242,-236,-231,243]],"properties":{"KEY_CODE":"282040660","PREF":"28","CITY":"204","S_AREA":"066000","PREF_NAME":"兵庫県","CITY_NAME":"西宮市","S_NAME":"西田町","KIGO_E":null,"HCODE":8101,"AREA":51302.783,"PERIMETER":1072.482,"R2KAxx":4509,"R2KAxx_ID":4508,"KIHON1":"0660","DUMMY1":"-","KIHON2":"00","KEYCODE1":"204066000","KEYCODE2":"2040660","AREA_MAX_F":"M","KIGO_D":null,"N_KEN":null,"N_CITY":null,"KIGO_I":null,"KBSUM":6,"JINKO":412,"SETAI":236,"X_CODE":135.336751,"Y_CODE":34.743468,"KCODE1":"0660-00"}},{"type":"Polygon","arcs":[[240,-240,238,-238,244,245,246,247,248,249,-190,-235]],"properties":{"KEY_CODE":"282040670","PREF":"28","CITY":"204","S_AREA":"067000","PREF_NAME":"兵庫県","CITY_NAME":"西宮市","S_NAME":"満池谷町","KIGO_E":null,"HCODE":8101,"AREA":106895.812,"PERIMETER":1903.621,"R2KAxx":4510,"R2KAxx_ID":4509,"KIHON1":"0670","DUMMY1":"-","KIHON2":"00","KEYCODE1":"204067000","KEYCODE2":"2040670","AREA_MAX_F":"M","KIGO_D":null,"N_KEN":null,"N_CITY":null,"KIGO_I":null,"KBSUM":15,"JINKO":938,"SETAI":381,"X_CODE":135.334373,"Y_CODE":34.748261,"KCODE1":"0670-00"}},{"type":"Polygon","arcs":[[-237,-243,250,251,-245]],"properties":{"KEY_CODE":"282040680","PREF":"28","CITY":"204","S_AREA":"068000","PREF_NAME":"兵庫県","CITY_NAME":"西宮市","S_NAME":"清水町","KIGO_E":null,"HCODE":8101,"AREA":51862.611,"PERIMETER":924.829,"R2KAxx":4511,"R2KAxx_ID":4510,"KIHON1":"0680","DUMMY1":"-","KIHON2":"00","KEYCODE1":"204068000","KEYCODE2":"2040680","AREA_MAX_F":"M","KIGO_D":null,"N_KEN":null,"N_CITY":null,"KIGO_I":null,"KBSUM":10,"JINKO":547,"SETAI":239,"X_CODE":135.334753,"Y_CODE":34.744858,"KCODE1":"0680-00"}},{"type":"Polygon","arcs":[[-187,-191,-250,252,-98,-94,-70,-68]],"properties":{"KEY_CODE":"282040690","PREF":"28","CITY":"204","S_AREA":"069000","PREF_NAME":"兵庫県","CITY_NAME":"西宮市","S_NAME":"北名次町","KIGO_E":null,"HCODE":8101,"AREA":115239.473,"PERIMETER":1914.259,"R2KAxx":4512,"R2KAxx_ID":4511,"KIHON1":"0690","DUMMY1":"-","KIHON2":"00","KEYCODE1":"204069000","KEYCODE2":"2040690","AREA_MAX_F":"M","KIGO_D":null,"N_KEN":null,"N_CITY":null,"KIGO_I":null,"KBSUM":17,"JINKO":1172,"SETAI":569,"X_CODE":135.33061,"Y_CODE":34.752392,"KCODE1":"0690-00"}},{"type":"Polygon","arcs":[[253,254,-99,-253,-249]],"properties":{"KEY_CODE":"282040700","PREF":"28","CITY":"204","S_AREA":"070000","PREF_NAME":"兵庫県","CITY_NAME":"西宮市","S_NAME":"名次町","KIGO_E":null,"HCODE":8101,"AREA":93880.883,"PERIMETER":1334.352,"R2KAxx":4513,"R2KAxx_ID":4512,"KIHON1":"0700","DUMMY1":"-","KIHON2":"00","KEYCODE1":"204070000","KEYCODE2":"2040700","AREA_MAX_F":"M","KIGO_D":null,"N_KEN":null,"N_CITY":null,"KIGO_I":null,"KBSUM":16,"JINKO":886,"SETAI":425,"X_CODE":135.33188,"Y_CODE":34.749663,"KCODE1":"0700-00"}},{"type":"Polygon","arcs":[[-248,246,-246,-252,255,256,257,-254]],"properties":{"KEY_CODE":"282040710","PREF":"28","CITY":"204","S_AREA":"071000","PREF_NAME":"兵庫県","CITY_NAME":"西宮市","S_NAME":"南郷町","KIGO_E":null,"HCODE":8101,"AREA":103841.101,"PERIMETER":1494.611,"R2KAxx":4514,"R2KAxx_ID":4513,"KIHON1":"0710","DUMMY1":"-","KIHON2":"00","KEYCODE1":"204071000","KEYCODE2":"2040710","AREA_MAX_F":"M","KIGO_D":null,"N_KEN":null,"N_CITY":null,"KIGO_I":null,"KBSUM":14,"JINKO":799,"SETAI":357,"X_CODE":135.332231,"Y_CODE":34.746104,"KCODE1":"0710-00"}},{"type":"Polygon","arcs":[[258,-256,-251,-242,259]],"properties":{"KEY_CODE":"282040720","PREF":"28","CITY":"204","S_AREA":"072000","PREF_NAME":"兵庫県","CITY_NAME":"西宮市","S_NAME":"若松町","KIGO_E":null,"HCODE":8101,"AREA":46622.509,"PERIMETER":908.037,"R2KAxx":4515,"R2KAxx_ID":4514,"KIHON1":"0720","DUMMY1":"-","KIHON2":"00","KEYCODE1":"204072000","KEYCODE2":"2040720","AREA_MAX_F":"M","KIGO_D":null,"N_KEN":null,"N_CITY":null,"KIGO_I":null,"KBSUM":9,"JINKO":744,"SETAI":371,"X_CODE":135.332982,"Y_CODE":34.743105,"KCODE1":"0720-00"}},{"type":"Polygon","arcs":[[-258,260,-140,-137,135,-135,-96,99,-255]],"properties":{"KEY_CODE":"282040730","PREF":"28","CITY":"204","S_AREA":"073000","PREF_NAME":"兵庫県","CITY_NAME":"西宮市","S_NAME":"結善町","KIGO_E":null,"HCODE":8101,"AREA":56985.954,"PERIMETER":1090.529,"R2KAxx":4516,"R2KAxx_ID":4515,"KIHON1":"0730","DUMMY1":"-","KIHON2":"00","KEYCODE1":"204073000","KEYCODE2":"2040730","AREA_MAX_F":"M","KIGO_D":null,"N_KEN":null,"N_CITY":null,"KIGO_I":null,"KBSUM":7,"JINKO":892,"SETAI":378,"X_CODE":135.330179,"Y_CODE":34.747104,"KCODE1":"0730-00"}},{"type":"Polygon","arcs":[[-259,261,262,-156,154,-158,-142,140,-261,-257]],"properties":{"KEY_CODE":"282040740","PREF":"28","CITY":"204","S_AREA":"074000","PREF_NAME":"兵庫県","CITY_NAME":"西宮市","S_NAME":"大井手町","KIGO_E":null,"HCODE":8101,"AREA":81248.655,"PERIMETER":1241.48,"R2KAxx":4517,"R2KAxx_ID":4516,"KIHON1":"0740","DUMMY1":"-","KIHON2":"00","KEYCODE1":"204074000","KEYCODE2":"2040740","AREA_MAX_F":"M","KIGO_D":null,"N_KEN":null,"N_CITY":null,"KIGO_I":null,"KBSUM":11,"JINKO":815,"SETAI":367,"X_CODE":135.330063,"Y_CODE":34.743785,"KCODE1":"0740-00"}},{"type":"Polygon","arcs":[[263,264,265,266,267,268]],"properties":{"KEY_CODE":"282040750","PREF":"28","CITY":"204","S_AREA":"075000","PREF_NAME":"兵庫県","CITY_NAME":"西宮市","S_NAME":"芦原町","KIGO_E":null,"HCODE":8101,"AREA":82702.116,"PERIMETER":1293.929,"R2KAxx":4518,"R2KAxx_ID":4517,"KIHON1":"0750","DUMMY1":"-","KIHON2":"00","KEYCODE1":"204075000","KEYCODE2":"2040750","AREA_MAX_F":"M","KIGO_D":null,"N_KEN":null,"N_CITY":null,"KIGO_I":null,"KBSUM":13,"JINKO":912,"SETAI":409,"X_CODE":135.353456,"Y_CODE":34.741635,"KCODE1":"0750-00"}},{"type":"Polygon","arcs":[[269,270,-266,271]],"properties":{"KEY_CODE":"282040760","PREF":"28","CITY":"204","S_AREA":"076000","PREF_NAME":"兵庫県","CITY_NAME":"西宮市","S_NAME":"神祇官町","KIGO_E":null,"HCODE":8101,"AREA":84509.882,"PERIMETER":1239.356,"R2KAxx":4519,"R2KAxx_ID":4518,"KIHON1":"0760","DUMMY1":"-","KIHON2":"00","KEYCODE1":"204076000","KEYCODE2":"2040760","AREA_MAX_F":"M","KIGO_D":null,"N_KEN":null,"N_CITY":null,"KIGO_I":null,"KBSUM":16,"JINKO":1416,"SETAI":542,"X_CODE":135.353331,"Y_CODE":34.739851,"KCODE1":"0760-00"}},{"type":"Polygon","arcs":[[-268,272,273,-214,-209,274,275]],"properties":{"KEY_CODE":"282040770","PREF":"28","CITY":"204","S_AREA":"077000","PREF_NAME":"兵庫県","CITY_NAME":"西宮市","S_NAME":"森下町","KIGO_E":null,"HCODE":8101,"AREA":61694.796,"PERIMETER":1018.302,"R2KAxx":4520,"R2KAxx_ID":4519,"KIHON1":"0770","DUMMY1":"-","KIHON2":"00","KEYCODE1":"204077000","KEYCODE2":"2040770","AREA_MAX_F":"M","KIGO_D":null,"N_KEN":null,"N_CITY":null,"KIGO_I":null,"KBSUM":18,"JINKO":1087,"SETAI":619,"X_CODE":135.350495,"Y_CODE":34.743913,"KCODE1":"0770-00"}},{"type":"Polygon","arcs":[[276,277,-273,-267]],"properties":{"KEY_CODE":"282040780","PREF":"28","CITY":"204","S_AREA":"078000","PREF_NAME":"兵庫県","CITY_NAME":"西宮市","S_NAME":"神明町","KIGO_E":null,"HCODE":8101,"AREA":37843.045,"PERIMETER":871.488,"R2KAxx":4521,"R2KAxx_ID":4520,"KIHON1":"0780","DUMMY1":"-","KIHON2":"00","KEYCODE1":"204078000","KEYCODE2":"2040780","AREA_MAX_F":"M","KIGO_D":null,"N_KEN":null,"N_CITY":null,"KIGO_I":null,"KBSUM":11,"JINKO":460,"SETAI":253,"X_CODE":135.350222,"Y_CODE":34.741949,"KCODE1":"0780-00"}},{"type":"Polygon","arcs":[[278,279,280,281,-277,-271]],"properties":{"KEY_CODE":"282040790","PREF":"28","CITY":"204","S_AREA":"079000","PREF_NAME":"兵庫県","CITY_NAME":"西宮市","S_NAME":"西福町","KIGO_E":null,"HCODE":8101,"AREA":102150.986,"PERIMETER":1459.681,"R2KAxx":4522,"R2KAxx_ID":4521,"KIHON1":"0790","DUMMY1":"-","KIHON2":"00","KEYCODE1":"204079000","KEYCODE2":"2040790","AREA_MAX_F":"M","KIGO_D":null,"N_KEN":null,"N_CITY":null,"KIGO_I":null,"KBSUM":18,"JINKO":628,"SETAI":381,"X_CODE":135.348646,"Y_CODE":34.739807,"KCODE1":"0790-00"}},{"type":"Polygon","arcs":[[282,283,-215,-274,-278,-282]],"properties":{"KEY_CODE":"282040800","PREF":"28","CITY":"204","S_AREA":"080000","PREF_NAME":"兵庫県","CITY_NAME":"西宮市","S_NAME":"中殿町","KIGO_E":null,"HCODE":8101,"AREA":55579.86,"PERIMETER":1071.25,"R2KAxx":4523,"R2KAxx_ID":4522,"KIHON1":"0800","DUMMY1":"-","KIHON2":"00","KEYCODE1":"204080000","KEYCODE2":"2040800","AREA_MAX_F":"M","KIGO_D":null,"N_KEN":null,"N_CITY":null,"KIGO_I":null,"KBSUM":12,"JINKO":943,"SETAI":500,"X_CODE":135.34836,"Y_CODE":34.742662,"KCODE1":"0800-00"}},{"type":"Polygon","arcs":[[284,285,-216,-284]],"properties":{"KEY_CODE":"282040810","PREF":"28","CITY":"204","S_AREA":"081000","PREF_NAME":"兵庫県","CITY_NAME":"西宮市","S_NAME":"中須佐町","KIGO_E":null,"HCODE":8101,"AREA":86604.615,"PERIMETER":1247.794,"R2KAxx":4524,"R2KAxx_ID":4523,"KIHON1":"0810","DUMMY1":"-","KIHON2":"00","KEYCODE1":"204081000","KEYCODE2":"2040810","AREA_MAX_F":"M","KIGO_D":null,"N_KEN":null,"N_CITY":null,"KIGO_I":null,"KBSUM":14,"JINKO":1230,"SETAI":672,"X_CODE":135.346155,"Y_CODE":34.742782,"KCODE1":"0810-00"}},{"type":"Polygon","arcs":[[-283,-281,286,287,-285]],"properties":{"KEY_CODE":"282040820","PREF":"28","CITY":"204","S_AREA":"082000","PREF_NAME":"兵庫県","CITY_NAME":"西宮市","S_NAME":"津田町","KIGO_E":null,"HCODE":8101,"AREA":45820.623,"PERIMETER":976.345,"R2KAxx":4525,"R2KAxx_ID":4524,"KIHON1":"0820","DUMMY1":"-","KIHON2":"00","KEYCODE1":"204082000","KEYCODE2":"2040820","AREA_MAX_F":"M","KIGO_D":null,"N_KEN":null,"N_CITY":null,"KIGO_I":null,"KBSUM":11,"JINKO":568,"SETAI":335,"X_CODE":135.345776,"Y_CODE":34.740574,"KCODE1":"0820-00"}},{"type":"Polygon","arcs":[[288,-225,-286,289]],"properties":{"KEY_CODE":"282040830","PREF":"28","CITY":"204","S_AREA":"083000","PREF_NAME":"兵庫県","CITY_NAME":"西宮市","S_NAME":"中前田町","KIGO_E":null,"HCODE":8101,"AREA":69076.827,"PERIMETER":1056.01,"R2KAxx":4526,"R2KAxx_ID":4525,"KIHON1":"0830","DUMMY1":"-","KIHON2":"00","KEYCODE1":"204083000","KEYCODE2":"2040830","AREA_MAX_F":"M","KIGO_D":null,"N_KEN":null,"N_CITY":null,"KIGO_I":null,"KBSUM":14,"JINKO":1352,"SETAI":676,"X_CODE":135.343219,"Y_CODE":34.742635,"KCODE1":"0830-00"}},{"type":"Polygon","arcs":[[290,-290,-288,291]],"properties":{"KEY_CODE":"282040840","PREF":"28","CITY":"204","S_AREA":"084000","PREF_NAME":"兵庫県","CITY_NAME":"西宮市","S_NAME":"櫨塚町","KIGO_E":null,"HCODE":8101,"AREA":61312.189,"PERIMETER":989.353,"R2KAxx":4527,"R2KAxx_ID":4526,"KIHON1":"0840","DUMMY1":"-","KIHON2":"00","KEYCODE1":"204084000","KEYCODE2":"2040840","AREA_MAX_F":"M","KIGO_D":null,"N_KEN":null,"N_CITY":null,"KIGO_I":null,"KBSUM":15,"JINKO":1704,"SETAI":878,"X_CODE":135.343274,"Y_CODE":34.740324,"KCODE1":"0840-00"}},{"type":"Polygon","arcs":[[292,293,-230,-221,-289,294]],"properties":{"KEY_CODE":"282040850","PREF":"28","CITY":"204","S_AREA":"085000","PREF_NAME":"兵庫県","CITY_NAME":"西宮市","S_NAME":"城ケ堀町","KIGO_E":null,"HCODE":8101,"AREA":56490.025,"PERIMETER":951.973,"R2KAxx":4528,"R2KAxx_ID":4527,"KIHON1":"0850","DUMMY1":"-","KIHON2":"00","KEYCODE1":"204085000","KEYCODE2":"2040850","AREA_MAX_F":"M","KIGO_D":null,"N_KEN":null,"N_CITY":null,"KIGO_I":null,"KBSUM":12,"JINKO":1036,"SETAI":535,"X_CODE":135.340508,"Y_CODE":34.742381,"KCODE1":"0850-00"}},{"type":"Polygon","arcs":[[295,296,-295,-291,297]],"properties":{"KEY_CODE":"282040860","PREF":"28","CITY":"204","S_AREA":"086000","PREF_NAME":"兵庫県","CITY_NAME":"西宮市","S_NAME":"江上町","KIGO_E":null,"HCODE":8101,"AREA":55221.739,"PERIMETER":942.269,"R2KAxx":4529,"R2KAxx_ID":4528,"KIHON1":"0860","DUMMY1":"-","KIHON2":"00","KEYCODE1":"204086000","KEYCODE2":"2040860","AREA_MAX_F":"M","KIGO_D":null,"N_KEN":null,"N_CITY":null,"KIGO_I":null,"KBSUM":11,"JINKO":858,"SETAI":552,"X_CODE":135.340616,"Y_CODE":34.740261,"KCODE1":"0860-00"}},{"type":"Polygon","arcs":[[-294,298,299,-244]],"properties":{"KEY_CODE":"282040870","PREF":"28","CITY":"204","S_AREA":"087000","PREF_NAME":"兵庫県","CITY_NAME":"西宮市","S_NAME":"末広町","KIGO_E":null,"HCODE":8101,"AREA":25613.19,"PERIMETER":944.715,"R2KAxx":4530,"R2KAxx_ID":4529,"KIHON1":"0870","DUMMY1":"-","KIHON2":"00","KEYCODE1":"204087000","KEYCODE2":"2040870","AREA_MAX_F":"M","KIGO_D":null,"N_KEN":null,"N_CITY":null,"KIGO_I":null,"KBSUM":7,"JINKO":754,"SETAI":403,"X_CODE":135.337358,"Y_CODE":34.742665,"KCODE1":"0870-00"}},{"type":"Polygon","arcs":[[300,-299,-293,301]],"properties":{"KEY_CODE":"282040880","PREF":"28","CITY":"204","S_AREA":"088000","PREF_NAME":"兵庫県","CITY_NAME":"西宮市","S_NAME":"分銅町","KIGO_E":null,"HCODE":8101,"AREA":49115.933,"PERIMETER":1064.333,"R2KAxx":4531,"R2KAxx_ID":4530,"KIHON1":"0880","DUMMY1":"-","KIHON2":"00","KEYCODE1":"204088000","KEYCODE2":"2040880","AREA_MAX_F":"M","KIGO_D":null,"N_KEN":null,"N_CITY":null,"KIGO_I":null,"KBSUM":9,"JINKO":811,"SETAI":357,"X_CODE":135.336951,"Y_CODE":34.741813,"KCODE1":"0880-00"}},{"type":"Polygon","arcs":[[302,-302,-297,303]],"properties":{"KEY_CODE":"282040890","PREF":"28","CITY":"204","S_AREA":"089000","PREF_NAME":"兵庫県","CITY_NAME":"西宮市","S_NAME":"常磐町","KIGO_E":null,"HCODE":8101,"AREA":49132.771,"PERIMETER":1075.733,"R2KAxx":4532,"R2KAxx_ID":4531,"KIHON1":"0890","DUMMY1":"-","KIHON2":"00","KEYCODE1":"204089000","KEYCODE2":"2040890","AREA_MAX_F":"M","KIGO_D":null,"N_KEN":null,"N_CITY":null,"KIGO_I":null,"KBSUM":9,"JINKO":932,"SETAI":422,"X_CODE":135.336992,"Y_CODE":34.740751,"KCODE1":"0890-00"}},{"type":"Polygon","arcs":[[-296,304,305,306,-304]],"properties":{"KEY_CODE":"282040900","PREF":"28","CITY":"204","S_AREA":"090000","PREF_NAME":"兵庫県","CITY_NAME":"西宮市","S_NAME":"平松町","KIGO_E":null,"HCODE":8101,"AREA":49605.111,"PERIMETER":1087.065,"R2KAxx":4533,"R2KAxx_ID":4532,"KIHON1":"0900","DUMMY1":"-","KIHON2":"00","KEYCODE1":"204090000","KEYCODE2":"2040900","AREA_MAX_F":"M","KIGO_D":null,"N_KEN":null,"N_CITY":null,"KIGO_I":null,"KBSUM":9,"JINKO":915,"SETAI":424,"X_CODE":135.337025,"Y_CODE":34.739703,"KCODE1":"0900-00"}},{"type":"Polygon","arcs":[[-301,307,308,-262,-260,-300]],"properties":{"KEY_CODE":"282040910","PREF":"28","CITY":"204","S_AREA":"091000","PREF_NAME":"兵庫県","CITY_NAME":"西宮市","S_NAME":"寿町","KIGO_E":null,"HCODE":8101,"AREA":66391.081,"PERIMETER":1405.574,"R2KAxx":4534,"R2KAxx_ID":4533,"KIHON1":"0910","DUMMY1":"-","KIHON2":"00","KEYCODE1":"204091000","KEYCODE2":"2040910","AREA_MAX_F":"M","KIGO_D":null,"N_KEN":null,"N_CITY":null,"KIGO_I":null,"KBSUM":10,"JINKO":1089,"SETAI":492,"X_CODE":135.331717,"Y_CODE":34.741822,"KCODE1":"0910-00"}},{"type":"Polygon","arcs":[[309,-308,-303,310]],"properties":{"KEY_CODE":"282040920","PREF":"28","CITY":"204","S_AREA":"092000","PREF_NAME":"兵庫県","CITY_NAME":"西宮市","S_NAME":"千歳町","KIGO_E":null,"HCODE":8101,"AREA":69006.047,"PERIMETER":1405.964,"R2KAxx":4535,"R2KAxx_ID":4534,"KIHON1":"0920","DUMMY1":"-","KIHON2":"00","KEYCODE1":"204092000","KEYCODE2":"2040920","AREA_MAX_F":"M","KIGO_D":null,"N_KEN":null,"N_CITY":null,"KIGO_I":null,"KBSUM":10,"JINKO":967,"SETAI":429,"X_CODE":135.331491,"Y_CODE":34.740774,"KCODE1":"0920-00"}},{"type":"Polygon","arcs":[[-307,311,312,313,-311]],"properties":{"KEY_CODE":"282040930","PREF":"28","CITY":"204","S_AREA":"093000","PREF_NAME":"兵庫県","CITY_NAME":"西宮市","S_NAME":"安井町","KIGO_E":null,"HCODE":8101,"AREA":65532.742,"PERIMETER":1381.633,"R2KAxx":4536,"R2KAxx_ID":4535,"KIHON1":"0930","DUMMY1":"-","KIHON2":"00","KEYCODE1":"204093000","KEYCODE2":"2040930","AREA_MAX_F":"M","KIGO_D":null,"N_KEN":null,"N_CITY":null,"KIGO_I":null,"KBSUM":8,"JINKO":842,"SETAI":419,"X_CODE":135.331559,"Y_CODE":34.739727,"KCODE1":"0930-00"}},{"type":"Polygon","arcs":[[314,315,316,-152,-157,-263,-309,-310,-314]],"properties":{"KEY_CODE":"282040940","PREF":"28","CITY":"204","S_AREA":"094000","PREF_NAME":"兵庫県","CITY_NAME":"西宮市","S_NAME":"羽衣町","KIGO_E":null,"HCODE":8101,"AREA":80022.16,"PERIMETER":1236.61,"R2KAxx":4537,"R2KAxx_ID":4536,"KIHON1":"0940","DUMMY1":"-","KIHON2":"00","KEYCODE1":"204094000","KEYCODE2":"2040940","AREA_MAX_F":"M","KIGO_D":null,"N_KEN":null,"N_CITY":null,"KIGO_I":null,"KBSUM":16,"JINKO":1009,"SETAI":562,"X_CODE":135.327145,"Y_CODE":34.740703,"KCODE1":"0940-00"}},{"type":"Polygon","arcs":[[317,318,-153,-317]],"properties":{"KEY_CODE":"282040950","PREF":"28","CITY":"204","S_AREA":"095000","PREF_NAME":"兵庫県","CITY_NAME":"西宮市","S_NAME":"霞町","KIGO_E":null,"HCODE":8101,"AREA":73497.592,"PERIMETER":1182.602,"R2KAxx":4538,"R2KAxx_ID":4537,"KIHON1":"0950","DUMMY1":"-","KIHON2":"00","KEYCODE1":"204095000","KEYCODE2":"2040950","AREA_MAX_F":"M","KIGO_D":null,"N_KEN":null,"N_CITY":null,"KIGO_I":null,"KBSUM":12,"JINKO":1031,"SETAI":469,"X_CODE":135.324875,"Y_CODE":34.740298,"KCODE1":"0950-00"}},{"type":"Polygon","arcs":[[319,320,-150,-154,-319]],"properties":{"KEY_CODE":"282040960","PREF":"28","CITY":"204","S_AREA":"096000","PREF_NAME":"兵庫県","CITY_NAME":"西宮市","S_NAME":"松園町","KIGO_E":null,"HCODE":8101,"AREA":104812.483,"PERIMETER":1660.532,"R2KAxx":4539,"R2KAxx_ID":4538,"KIHON1":"0960","DUMMY1":"-","KIHON2":"00","KEYCODE1":"204096000","KEYCODE2":"2040960","AREA_MAX_F":"M","KIGO_D":null,"N_KEN":null,"N_CITY":null,"KIGO_I":null,"KBSUM":17,"JINKO":1379,"SETAI":621,"X_CODE":135.322576,"Y_CODE":34.739864,"KCODE1":"0960-00"}},{"type":"Polygon","arcs":[[321,322,-147,-321]],"properties":{"KEY_CODE":"282040970","PREF":"28","CITY":"204","S_AREA":"097000","PREF_NAME":"兵庫県","CITY_NAME":"西宮市","S_NAME":"大谷町","KIGO_E":null,"HCODE":8101,"AREA":149835.524,"PERIMETER":1854.692,"R2KAxx":4540,"R2KAxx_ID":4539,"KIHON1":"0970","DUMMY1":"-","KIHON2":"00","KEYCODE1":"204097000","KEYCODE2":"2040970","AREA_MAX_F":"M","KIGO_D":null,"N_KEN":null,"N_CITY":null,"KIGO_I":null,"KBSUM":24,"JINKO":3039,"SETAI":1179,"X_CODE":135.319501,"Y_CODE":34.739818,"KCODE1":"0970-00"}},{"type":"Polygon","arcs":[[323,324,325,-322,-320,326]],"properties":{"KEY_CODE":"282040980","PREF":"28","CITY":"204","S_AREA":"098000","PREF_NAME":"兵庫県","CITY_NAME":"西宮市","S_NAME":"郷免町","KIGO_E":null,"HCODE":8101,"AREA":85925.205,"PERIMETER":1397.328,"R2KAxx":4541,"R2KAxx_ID":4540,"KIHON1":"0980","DUMMY1":"-","KIHON2":"00","KEYCODE1":"204098000","KEYCODE2":"2040980","AREA_MAX_F":"M","KIGO_D":null,"N_KEN":null,"N_CITY":null,"KIGO_I":null,"KBSUM":14,"JINKO":1051,"SETAI":419,"X_CODE":135.322664,"Y_CODE":34.737047,"KCODE1":"0980-00"}},{"type":"Polygon","arcs":[[-316,327,328,329,-327,-318]],"properties":{"KEY_CODE":"282040990","PREF":"28","CITY":"204","S_AREA":"099000","PREF_NAME":"兵庫県","CITY_NAME":"西宮市","S_NAME":"御茶家所町","KIGO_E":null,"HCODE":8101,"AREA":66797.154,"PERIMETER":1122.208,"R2KAxx":4542,"R2KAxx_ID":4541,"KIHON1":"0990","DUMMY1":"-","KIHON2":"00","KEYCODE1":"204099000","KEYCODE2":"2040990","AREA_MAX_F":"M","KIGO_D":null,"N_KEN":null,"N_CITY":null,"KIGO_I":null,"KBSUM":10,"JINKO":515,"SETAI":235,"X_CODE":135.326625,"Y_CODE":34.737982,"KCODE1":"0990-00"}},{"type":"Polygon","arcs":[[330,331,332,-329,333,334]],"properties":{"KEY_CODE":"282041000","PREF":"28","CITY":"204","S_AREA":"100000","PREF_NAME":"兵庫県","CITY_NAME":"西宮市","S_NAME":"松下町","KIGO_E":null,"HCODE":8101,"AREA":76828.228,"PERIMETER":1167.455,"R2KAxx":4543,"R2KAxx_ID":4542,"KIHON1":"1000","DUMMY1":"-","KIHON2":"00","KEYCODE1":"204100000","KEYCODE2":"2041000","AREA_MAX_F":"M","KIGO_D":null,"N_KEN":null,"N_CITY":null,"KIGO_I":null,"KBSUM":14,"JINKO":1472,"SETAI":656,"X_CODE":135.327908,"Y_CODE":34.735823,"KCODE1":"1000-00"}},{"type":"Polygon","arcs":[[335,336,-324,-330,-333]],"properties":{"KEY_CODE":"282041010","PREF":"28","CITY":"204","S_AREA":"101000","PREF_NAME":"兵庫県","CITY_NAME":"西宮市","S_NAME":"屋敷町","KIGO_E":null,"HCODE":8101,"AREA":75773.475,"PERIMETER":1188.511,"R2KAxx":4544,"R2KAxx_ID":4543,"KIHON1":"1010","DUMMY1":"-","KIHON2":"00","KEYCODE1":"204101000","KEYCODE2":"2041010","AREA_MAX_F":"M","KIGO_D":null,"N_KEN":null,"N_CITY":null,"KIGO_I":null,"KBSUM":25,"JINKO":986,"SETAI":441,"X_CODE":135.325684,"Y_CODE":34.735236,"KCODE1":"1010-00"}},{"type":"Polygon","arcs":[[337,338,-325,-337]],"properties":{"KEY_CODE":"282041020","PREF":"28","CITY":"204","S_AREA":"102000","PREF_NAME":"兵庫県","CITY_NAME":"西宮市","S_NAME":"弓場町","KIGO_E":null,"HCODE":8101,"AREA":106865.449,"PERIMETER":1418.368,"R2KAxx":4545,"R2KAxx_ID":4544,"KIHON1":"1020","DUMMY1":"-","KIHON2":"00","KEYCODE1":"204102000","KEYCODE2":"2041020","AREA_MAX_F":"M","KIGO_D":null,"N_KEN":null,"N_CITY":null,"KIGO_I":null,"KBSUM":18,"JINKO":1820,"SETAI":729,"X_CODE":135.322778,"Y_CODE":34.734591,"KCODE1":"1020-00"}},{"type":"Polygon","arcs":[[339,340,341,342,343,-338,-336,-332,344,345]],"properties":{"KEY_CODE":"282041030","PREF":"28","CITY":"204","S_AREA":"103000","PREF_NAME":"兵庫県","CITY_NAME":"西宮市","S_NAME":"川西町","KIGO_E":null,"HCODE":8101,"AREA":102605.112,"PERIMETER":2257.827,"R2KAxx":4546,"R2KAxx_ID":4545,"KIHON1":"1030","DUMMY1":"-","KIHON2":"00","KEYCODE1":"204103000","KEYCODE2":"2041030","AREA_MAX_F":"M","KIGO_D":null,"N_KEN":null,"N_CITY":null,"KIGO_I":null,"KBSUM":16,"JINKO":915,"SETAI":407,"X_CODE":135.326809,"Y_CODE":34.732659,"KCODE1":"1030-00"}},{"type":"Polygon","arcs":[[346,347,-343]],"properties":{"KEY_CODE":"282041040","PREF":"28","CITY":"204","S_AREA":"104000","PREF_NAME":"兵庫県","CITY_NAME":"西宮市","S_NAME":"中浜町","KIGO_E":null,"HCODE":8101,"AREA":62919.076,"PERIMETER":1409.219,"R2KAxx":4547,"R2KAxx_ID":4546,"KIHON1":"1040","DUMMY1":"-","KIHON2":"00","KEYCODE1":"204104000","KEYCODE2":"2041040","AREA_MAX_F":"M","KIGO_D":null,"N_KEN":null,"N_CITY":null,"KIGO_I":null,"KBSUM":9,"JINKO":780,"SETAI":338,"X_CODE":135.325192,"Y_CODE":34.731949,"KCODE1":"1040-00"}},{"type":"Polygon","arcs":[[348,349,-347,-342]],"properties":{"KEY_CODE":"282041050","PREF":"28","CITY":"204","S_AREA":"105000","PREF_NAME":"兵庫県","CITY_NAME":"西宮市","S_NAME":"堀切町","KIGO_E":null,"HCODE":8101,"AREA":68313.772,"PERIMETER":1174.584,"R2KAxx":4548,"R2KAxx_ID":4547,"KIHON1":"1050","DUMMY1":"-","KIHON2":"00","KEYCODE1":"204105000","KEYCODE2":"2041050","AREA_MAX_F":"M","KIGO_D":null,"N_KEN":null,"N_CITY":null,"KIGO_I":null,"KBSUM":11,"JINKO":1084,"SETAI":490,"X_CODE":135.325723,"Y_CODE":34.730704,"KCODE1":"1050-00"}},{"type":"Polygon","arcs":[[350,351,352,353,-349,-341]],"properties":{"KEY_CODE":"282041060","PREF":"28","CITY":"204","S_AREA":"106000","PREF_NAME":"兵庫県","CITY_NAME":"西宮市","S_NAME":"上葭原町","KIGO_E":null,"HCODE":8101,"AREA":72557.043,"PERIMETER":1439.535,"R2KAxx":4549,"R2KAxx_ID":4548,"KIHON1":"1060","DUMMY1":"-","KIHON2":"00","KEYCODE1":"204106000","KEYCODE2":"2041060","AREA_MAX_F":"M","KIGO_D":null,"N_KEN":null,"N_CITY":null,"KIGO_I":null,"KBSUM":10,"JINKO":1452,"SETAI":552,"X_CODE":135.326663,"Y_CODE":34.729248,"KCODE1":"1060-00"}},{"type":"Polygon","arcs":[[354,-353,355]],"properties":{"KEY_CODE":"282041070","PREF":"28","CITY":"204","S_AREA":"107000","PREF_NAME":"兵庫県","CITY_NAME":"西宮市","S_NAME":"中葭原町","KIGO_E":null,"HCODE":8101,"AREA":41383.958,"PERIMETER":954.458,"R2KAxx":4550,"R2KAxx_ID":4549,"KIHON1":"1070","DUMMY1":"-","KIHON2":"00","KEYCODE1":"204107000","KEYCODE2":"2041070","AREA_MAX_F":"M","KIGO_D":null,"N_KEN":null,"N_CITY":null,"KIGO_I":null,"KBSUM":3,"JINKO":4,"SETAI":2,"X_CODE":135.325941,"Y_CODE":34.728306,"KCODE1":"1070-00"}},{"type":"Polygon","arcs":[[356,-356,-352,357,358]],"properties":{"KEY_CODE":"282041080","PREF":"28","CITY":"204","S_AREA":"108000","PREF_NAME":"兵庫県","CITY_NAME":"西宮市","S_NAME":"下葭原町","KIGO_E":null,"HCODE":8101,"AREA":48224.342,"PERIMETER":1068.644,"R2KAxx":4551,"R2KAxx_ID":4550,"KIHON1":"1080","DUMMY1":"-","KIHON2":"00","KEYCODE1":"204108000","KEYCODE2":"2041080","AREA_MAX_F":"M","KIGO_D":null,"N_KEN":null,"N_CITY":null,"KIGO_I":null,"KBSUM":12,"JINKO":1314,"SETAI":513,"X_CODE":135.326554,"Y_CODE":34.727308,"KCODE1":"1080-00"}},{"type":"Polygon","arcs":[[359,360,361,-359,362,363]],"properties":{"KEY_CODE":"282041090","PREF":"28","CITY":"204","S_AREA":"109000","PREF_NAME":"兵庫県","CITY_NAME":"西宮市","S_NAME":"大浜町","KIGO_E":null,"HCODE":8101,"AREA":72871.657,"PERIMETER":1338.416,"R2KAxx":4552,"R2KAxx_ID":4551,"KIHON1":"1090","DUMMY1":"-","KIHON2":"00","KEYCODE1":"204109000","KEYCODE2":"2041090","AREA_MAX_F":"M","KIGO_D":null,"N_KEN":null,"N_CITY":null,"KIGO_I":null,"KBSUM":8,"JINKO":924,"SETAI":314,"X_CODE":135.326949,"Y_CODE":34.725978,"KCODE1":"1090-00"}},{"type":"Polygon","arcs":[[-334,-328,-315,-313,364,365]],"properties":{"KEY_CODE":"282041100","PREF":"28","CITY":"204","S_AREA":"110000","PREF_NAME":"兵庫県","CITY_NAME":"西宮市","S_NAME":"神楽町","KIGO_E":null,"HCODE":8101,"AREA":95032.494,"PERIMETER":1267.359,"R2KAxx":4553,"R2KAxx_ID":4552,"KIHON1":"1100","DUMMY1":"-","KIHON2":"00","KEYCODE1":"204110000","KEYCODE2":"2041100","AREA_MAX_F":"M","KIGO_D":null,"N_KEN":null,"N_CITY":null,"KIGO_I":null,"KBSUM":13,"JINKO":1156,"SETAI":585,"X_CODE":135.33091,"Y_CODE":34.738174,"KCODE1":"1100-00"}},{"type":"Polygon","arcs":[[366,367,368,369,-365,-312,-306]],"properties":{"KEY_CODE":"282041110","PREF":"28","CITY":"204","S_AREA":"111000","PREF_NAME":"兵庫県","CITY_NAME":"西宮市","S_NAME":"産所町","KIGO_E":null,"HCODE":8101,"AREA":92765.947,"PERIMETER":1339.965,"R2KAxx":4554,"R2KAxx_ID":4553,"KIHON1":"1110","DUMMY1":"-","KIHON2":"00","KEYCODE1":"204111000","KEYCODE2":"2041110","AREA_MAX_F":"M","KIGO_D":null,"N_KEN":null,"N_CITY":null,"KIGO_I":null,"KBSUM":18,"JINKO":1227,"SETAI":647,"X_CODE":135.334707,"Y_CODE":34.737706,"KCODE1":"1110-00"}},{"type":"Polygon","arcs":[[-335,-366,-370,370]],"properties":{"KEY_CODE":"282041120","PREF":"28","CITY":"204","S_AREA":"112000","PREF_NAME":"兵庫県","CITY_NAME":"西宮市","S_NAME":"宮西町","KIGO_E":null,"HCODE":8101,"AREA":89434.226,"PERIMETER":1246.386,"R2KAxx":4555,"R2KAxx_ID":4554,"KIHON1":"1120","DUMMY1":"-","KIHON2":"00","KEYCODE1":"204112000","KEYCODE2":"2041120","AREA_MAX_F":"M","KIGO_D":null,"N_KEN":null,"N_CITY":null,"KIGO_I":null,"KBSUM":15,"JINKO":1316,"SETAI":630,"X_CODE":135.33082,"Y_CODE":34.735994,"KCODE1":"1120-00"}},{"type":"Polygon","arcs":[[371,372,-345,-331,-371,373]],"properties":{"KEY_CODE":"282041130","PREF":"28","CITY":"204","S_AREA":"113000","PREF_NAME":"兵庫県","CITY_NAME":"西宮市","S_NAME":"市庭町","KIGO_E":null,"HCODE":8101,"AREA":49295.97,"PERIMETER":1111.971,"R2KAxx":4556,"R2KAxx_ID":4555,"KIHON1":"1130","DUMMY1":"-","KIHON2":"00","KEYCODE1":"204113000","KEYCODE2":"2041130","AREA_MAX_F":"M","KIGO_D":null,"N_KEN":null,"N_CITY":null,"KIGO_I":null,"KBSUM":9,"JINKO":674,"SETAI":362,"X_CODE":135.331625,"Y_CODE":34.734528,"KCODE1":"1130-00"}},{"type":"Polygon","arcs":[[374,-374,-369,375,376,377]],"properties":{"KEY_CODE":"282041140","PREF":"28","CITY":"204","S_AREA":"114000","PREF_NAME":"兵庫県","CITY_NAME":"西宮市","S_NAME":"社家町","KIGO_E":null,"HCODE":8101,"AREA":67078.338,"PERIMETER":1027.597,"R2KAxx":4557,"R2KAxx_ID":4556,"KIHON1":"1140","DUMMY1":"-","KIHON2":"00","KEYCODE1":"204114000","KEYCODE2":"2041140","AREA_MAX_F":"M","KIGO_D":null,"N_KEN":null,"N_CITY":null,"KIGO_I":null,"KBSUM":2,"JINKO":161,"SETAI":94,"X_CODE":135.334597,"Y_CODE":34.735052,"KCODE1":"1140-00"}},{"type":"Polygon","arcs":[[378,379,380,-375,381]],"properties":{"KEY_CODE":"282041150","PREF":"28","CITY":"204","S_AREA":"115000","PREF_NAME":"兵庫県","CITY_NAME":"西宮市","S_NAME":"宮前町","KIGO_E":null,"HCODE":8101,"AREA":75960.652,"PERIMETER":1146.571,"R2KAxx":4558,"R2KAxx_ID":4557,"KIHON1":"1150","DUMMY1":"-","KIHON2":"00","KEYCODE1":"204115000","KEYCODE2":"2041150","AREA_MAX_F":"M","KIGO_D":null,"N_KEN":null,"N_CITY":null,"KIGO_I":null,"KBSUM":11,"JINKO":876,"SETAI":388,"X_CODE":135.334423,"Y_CODE":34.732364,"KCODE1":"1150-00"}},{"type":"Polygon","arcs":[[382,383,384,-372,-381]],"properties":{"KEY_CODE":"282041160","PREF":"28","CITY":"204","S_AREA":"116000","PREF_NAME":"兵庫県","CITY_NAME":"西宮市","S_NAME":"荒戎町","KIGO_E":null,"HCODE":8101,"AREA":45785.308,"PERIMETER":933.92,"R2KAxx":4559,"R2KAxx_ID":4558,"KIHON1":"1160","DUMMY1":"-","KIHON2":"00","KEYCODE1":"204116000","KEYCODE2":"2041160","AREA_MAX_F":"M","KIGO_D":null,"N_KEN":null,"N_CITY":null,"KIGO_I":null,"KBSUM":7,"JINKO":590,"SETAI":298,"X_CODE":135.332413,"Y_CODE":34.732481,"KCODE1":"1160-00"}},{"type":"Polygon","arcs":[[385,-346,-373,-385]],"properties":{"KEY_CODE":"282041170","PREF":"28","CITY":"204","S_AREA":"117000","PREF_NAME":"兵庫県","CITY_NAME":"西宮市","S_NAME":"川東町","KIGO_E":null,"HCODE":8101,"AREA":69883.358,"PERIMETER":1058.531,"R2KAxx":4560,"R2KAxx_ID":4559,"KIHON1":"1170","DUMMY1":"-","KIHON2":"00","KEYCODE1":"204117000","KEYCODE2":"2041170","AREA_MAX_F":"M","KIGO_D":null,"N_KEN":null,"N_CITY":null,"KIGO_I":null,"KBSUM":14,"JINKO":1144,"SETAI":525,"X_CODE":135.330385,"Y_CODE":34.732394,"KCODE1":"1170-00"}},{"type":"Polygon","arcs":[[-358,-351,-340,-386,-384,386,387]],"properties":{"KEY_CODE":"282041180","PREF":"28","CITY":"204","S_AREA":"118000","PREF_NAME":"兵庫県","CITY_NAME":"西宮市","S_NAME":"川添町","KIGO_E":null,"HCODE":8101,"AREA":100363.56,"PERIMETER":1315.163,"R2KAxx":4561,"R2KAxx_ID":4560,"KIHON1":"1180","DUMMY1":"-","KIHON2":"00","KEYCODE1":"204118000","KEYCODE2":"2041180","AREA_MAX_F":"M","KIGO_D":null,"N_KEN":null,"N_CITY":null,"KIGO_I":null,"KBSUM":18,"JINKO":1350,"SETAI":536,"X_CODE":135.330317,"Y_CODE":34.729273,"KCODE1":"1180-00"}},{"type":"Polygon","arcs":[[-380,388,389,-387,-383]],"properties":{"KEY_CODE":"282041190","PREF":"28","CITY":"204","S_AREA":"119000","PREF_NAME":"兵庫県","CITY_NAME":"西宮市","S_NAME":"建石町","KIGO_E":null,"HCODE":8101,"AREA":117685.236,"PERIMETER":1391.163,"R2KAxx":4562,"R2KAxx_ID":4561,"KIHON1":"1190","DUMMY1":"-","KIHON2":"00","KEYCODE1":"204119000","KEYCODE2":"2041190","AREA_MAX_F":"M","KIGO_D":null,"N_KEN":null,"N_CITY":null,"KIGO_I":null,"KBSUM":12,"JINKO":950,"SETAI":368,"X_CODE":135.333694,"Y_CODE":34.729502,"KCODE1":"1190-00"}},{"type":"Polygon","arcs":[[390,391,392,-363,-388,-390]],"properties":{"KEY_CODE":"282041200","PREF":"28","CITY":"204","S_AREA":"120000","PREF_NAME":"兵庫県","CITY_NAME":"西宮市","S_NAME":"前浜町","KIGO_E":null,"HCODE":8101,"AREA":90302.646,"PERIMETER":1632.181,"R2KAxx":4563,"R2KAxx_ID":4562,"KIHON1":"1200","DUMMY1":"-","KIHON2":"00","KEYCODE1":"204120000","KEYCODE2":"2041200","AREA_MAX_F":"M","KIGO_D":null,"N_KEN":null,"N_CITY":null,"KIGO_I":null,"KBSUM":21,"JINKO":1609,"SETAI":577,"X_CODE":135.332816,"Y_CODE":34.727264,"KCODE1":"1200-00"}},{"type":"Polygon","arcs":[[393,-364,-393,394]],"properties":{"KEY_CODE":"282041210","PREF":"28","CITY":"204","S_AREA":"121000","PREF_NAME":"兵庫県","CITY_NAME":"西宮市","S_NAME":"泉町","KIGO_E":null,"HCODE":8101,"AREA":96965.981,"PERIMETER":1751.054,"R2KAxx":4564,"R2KAxx_ID":4563,"KIHON1":"1210","DUMMY1":"-","KIHON2":"00","KEYCODE1":"204121000","KEYCODE2":"2041210","AREA_MAX_F":"M","KIGO_D":null,"N_KEN":null,"N_CITY":null,"KIGO_I":null,"KBSUM":25,"JINKO":2836,"SETAI":1098,"X_CODE":135.332334,"Y_CODE":34.725848,"KCODE1":"1210-00"}},{"type":"Polygon","arcs":[[-394,395,-360]],"properties":{"KEY_CODE":"282041220","PREF":"28","CITY":"204","S_AREA":"122000","PREF_NAME":"兵庫県","CITY_NAME":"西宮市","S_NAME":"西波止町","KIGO_E":null,"HCODE":8101,"AREA":112579.028,"PERIMETER":2158.596,"R2KAxx":4565,"R2KAxx_ID":4564,"KIHON1":"1220","DUMMY1":"-","KIHON2":"00","KEYCODE1":"204122000","KEYCODE2":"2041220","AREA_MAX_F":"M","KIGO_D":null,"N_KEN":null,"N_CITY":null,"KIGO_I":null,"KBSUM":9,"JINKO":416,"SETAI":195,"X_CODE":135.332448,"Y_CODE":34.724041,"KCODE1":"1220-00"}},{"type":"Polygon","arcs":[[396,397,-367,-305,398]],"properties":{"KEY_CODE":"282041230","PREF":"28","CITY":"204","S_AREA":"123000","PREF_NAME":"兵庫県","CITY_NAME":"西宮市","S_NAME":"和上町","KIGO_E":null,"HCODE":8101,"AREA":68540.069,"PERIMETER":1177.555,"R2KAxx":4566,"R2KAxx_ID":4565,"KIHON1":"1230","DUMMY1":"-","KIHON2":"00","KEYCODE1":"204123000","KEYCODE2":"2041230","AREA_MAX_F":"M","KIGO_D":null,"N_KEN":null,"N_CITY":null,"KIGO_I":null,"KBSUM":12,"JINKO":663,"SETAI":422,"X_CODE":135.337925,"Y_CODE":34.738094,"KCODE1":"1230-00"}},{"type":"Polygon","arcs":[[399,400,401,402,403,-399,-298,-292,-287]],"properties":{"KEY_CODE":"282041240","PREF":"28","CITY":"204","S_AREA":"124000","PREF_NAME":"兵庫県","CITY_NAME":"西宮市","S_NAME":"六湛寺町","KIGO_E":null,"HCODE":8101,"AREA":144653.06,"PERIMETER":1570.285,"R2KAxx":4567,"R2KAxx_ID":4566,"KIHON1":"1240","DUMMY1":"-","KIHON2":"00","KEYCODE1":"204124000","KEYCODE2":"2041240","AREA_MAX_F":"M","KIGO_D":null,"N_KEN":null,"N_CITY":null,"KIGO_I":null,"KBSUM":20,"JINKO":721,"SETAI":407,"X_CODE":135.341999,"Y_CODE":34.737822,"KCODE1":"1240-00"}},{"type":"Polygon","arcs":[[404,405,-402,406]],"properties":{"KEY_CODE":"282041250","PREF":"28","CITY":"204","S_AREA":"125000","PREF_NAME":"兵庫県","CITY_NAME":"西宮市","S_NAME":"与古道町","KIGO_E":null,"HCODE":8101,"AREA":43057.675,"PERIMETER":1002.17,"R2KAxx":4568,"R2KAxx_ID":4567,"KIHON1":"1250","DUMMY1":"-","KIHON2":"00","KEYCODE1":"204125000","KEYCODE2":"2041250","AREA_MAX_F":"M","KIGO_D":null,"N_KEN":null,"N_CITY":null,"KIGO_I":null,"KBSUM":9,"JINKO":721,"SETAI":480,"X_CODE":135.342881,"Y_CODE":34.735161,"KCODE1":"1250-00"}},{"type":"Polygon","arcs":[[407,408,409,-397,-404]],"properties":{"KEY_CODE":"282041260","PREF":"28","CITY":"204","S_AREA":"126000","PREF_NAME":"兵庫県","CITY_NAME":"西宮市","S_NAME":"今在家町","KIGO_E":null,"HCODE":8101,"AREA":18418.359,"PERIMETER":674.65,"R2KAxx":4569,"R2KAxx_ID":4568,"KIHON1":"1260","DUMMY1":"-","KIHON2":"00","KEYCODE1":"204126000","KEYCODE2":"2041260","AREA_MAX_F":"M","KIGO_D":null,"N_KEN":null,"N_CITY":null,"KIGO_I":null,"KBSUM":5,"JINKO":285,"SETAI":256,"X_CODE":135.339268,"Y_CODE":34.736134,"KCODE1":"1260-00"}},{"type":"Polygon","arcs":[[-410,410,-376,-368,-398]],"properties":{"KEY_CODE":"282041270","PREF":"28","CITY":"204","S_AREA":"127000","PREF_NAME":"兵庫県","CITY_NAME":"西宮市","S_NAME":"田中町","KIGO_E":null,"HCODE":8101,"AREA":35555.578,"PERIMETER":812.806,"R2KAxx":4570,"R2KAxx_ID":4569,"KIHON1":"1270","DUMMY1":"-","KIHON2":"00","KEYCODE1":"204127000","KEYCODE2":"2041270","AREA_MAX_F":"M","KIGO_D":null,"N_KEN":null,"N_CITY":null,"KIGO_I":null,"KBSUM":9,"JINKO":740,"SETAI":402,"X_CODE":135.337308,"Y_CODE":34.736516,"KCODE1":"1270-00"}},{"type":"Polygon","arcs":[[411,-377,-411,-409,412]],"properties":{"KEY_CODE":"282041280","PREF":"28","CITY":"204","S_AREA":"128000","PREF_NAME":"兵庫県","CITY_NAME":"西宮市","S_NAME":"馬場町","KIGO_E":null,"HCODE":8101,"AREA":37116.301,"PERIMETER":873.059,"R2KAxx":4571,"R2KAxx_ID":4570,"KIHON1":"1280","DUMMY1":"-","KIHON2":"00","KEYCODE1":"204128000","KEYCODE2":"2041280","AREA_MAX_F":"M","KIGO_D":null,"N_KEN":null,"N_CITY":null,"KIGO_I":null,"KBSUM":14,"JINKO":1448,"SETAI":819,"X_CODE":135.33784,"Y_CODE":34.735151,"KCODE1":"1280-00"}},{"type":"Polygon","arcs":[[-406,413,-413,-408,-403]],"properties":{"KEY_CODE":"282041290","PREF":"28","CITY":"204","S_AREA":"129000","PREF_NAME":"兵庫県","CITY_NAME":"西宮市","S_NAME":"戸田町","KIGO_E":null,"HCODE":8101,"AREA":42191.595,"PERIMETER":938.359,"R2KAxx":4572,"R2KAxx_ID":4571,"KIHON1":"1290","DUMMY1":"-","KIHON2":"00","KEYCODE1":"204129000","KEYCODE2":"2041290","AREA_MAX_F":"M","KIGO_D":null,"N_KEN":null,"N_CITY":null,"KIGO_I":null,"KBSUM":15,"JINKO":1676,"SETAI":1128,"X_CODE":135.340773,"Y_CODE":34.735351,"KCODE1":"1290-00"}},{"type":"Polygon","arcs":[[414,415,416,417,418,419,-378,-412,-414,-405]],"properties":{"KEY_CODE":"282041300","PREF":"28","CITY":"204","S_AREA":"130000","PREF_NAME":"兵庫県","CITY_NAME":"西宮市","S_NAME":"本町","KIGO_E":null,"HCODE":8101,"AREA":76897.537,"PERIMETER":1856.523,"R2KAxx":4573,"R2KAxx_ID":4572,"KIHON1":"1300","DUMMY1":"-","KIHON2":"00","KEYCODE1":"204130000","KEYCODE2":"2041300","AREA_MAX_F":"M","KIGO_D":null,"N_KEN":null,"N_CITY":null,"KIGO_I":null,"KBSUM":15,"JINKO":944,"SETAI":662,"X_CODE":135.340057,"Y_CODE":34.733983,"KCODE1":"1300-00"}},{"type":"Polygon","arcs":[[420,421,422,-416,423,424]],"properties":{"KEY_CODE":"282041310","PREF":"28","CITY":"204","S_AREA":"131000","PREF_NAME":"兵庫県","CITY_NAME":"西宮市","S_NAME":"用海町","KIGO_E":null,"HCODE":8101,"AREA":89243.737,"PERIMETER":1266.963,"R2KAxx":4574,"R2KAxx_ID":4573,"KIHON1":"1310","DUMMY1":"-","KIHON2":"00","KEYCODE1":"204131000","KEYCODE2":"2041310","AREA_MAX_F":"M","KIGO_D":null,"N_KEN":null,"N_CITY":null,"KIGO_I":null,"KBSUM":6,"JINKO":472,"SETAI":203,"X_CODE":135.344282,"Y_CODE":34.731415,"KCODE1":"1310-00"}},{"type":"Polygon","arcs":[[425,426,-421,427]],"properties":{"KEY_CODE":"282041320","PREF":"28","CITY":"204","S_AREA":"132000","PREF_NAME":"兵庫県","CITY_NAME":"西宮市","S_NAME":"浜松原町","KIGO_E":null,"HCODE":8101,"AREA":100291.814,"PERIMETER":1365.149,"R2KAxx":4575,"R2KAxx_ID":4574,"KIHON1":"1320","DUMMY1":"-","KIHON2":"00","KEYCODE1":"204132000","KEYCODE2":"2041320","AREA_MAX_F":"M","KIGO_D":null,"N_KEN":null,"N_CITY":null,"KIGO_I":null,"KBSUM":14,"JINKO":1184,"SETAI":490,"X_CODE":135.346104,"Y_CODE":34.727159,"KCODE1":"1320-00"}},{"type":"Polygon","arcs":[[428,429,-426,430]],"properties":{"KEY_CODE":"282041330","PREF":"28","CITY":"204","S_AREA":"133000","PREF_NAME":"兵庫県","CITY_NAME":"西宮市","S_NAME":"東浜町","KIGO_E":null,"HCODE":8101,"AREA":114542.804,"PERIMETER":1383.516,"R2KAxx":4576,"R2KAxx_ID":4575,"KIHON1":"1330","DUMMY1":"-","KIHON2":"00","KEYCODE1":"204133000","KEYCODE2":"2041330","AREA_MAX_F":"M","KIGO_D":null,"N_KEN":null,"N_CITY":null,"KIGO_I":null,"KBSUM":2,"JINKO":0,"SETAI":0,"X_CODE":135.344305,"Y_CODE":34.724253,"KCODE1":"1330-00"}},{"type":"Polygon","arcs":[[431,432,433,-422,-427,-430]],"properties":{"KEY_CODE":"28204134001","PREF":"28","CITY":"204","S_AREA":"134001","PREF_NAME":"兵庫県","CITY_NAME":"西宮市","S_NAME":"東町一丁目","KIGO_E":null,"HCODE":8101,"AREA":123775.371,"PERIMETER":1954.743,"R2KAxx":4577,"R2KAxx_ID":4576,"KIHON1":"1340","DUMMY1":"-","KIHON2":"01","KEYCODE1":"204134001","KEYCODE2":"204134001","AREA_MAX_F":"M","KIGO_D":null,"N_KEN":null,"N_CITY":null,"KIGO_I":null,"KBSUM":30,"JINKO":2651,"SETAI":1002,"X_CODE":135.343411,"Y_CODE":34.727402,"KCODE1":"1340-01"}},{"type":"Polygon","arcs":[[434,435,436,-433]],"properties":{"KEY_CODE":"28204134002","PREF":"28","CITY":"204","S_AREA":"134002","PREF_NAME":"兵庫県","CITY_NAME":"西宮市","S_NAME":"東町二丁目","KIGO_E":null,"HCODE":8101,"AREA":79782.718,"PERIMETER":1364.16,"R2KAxx":4578,"R2KAxx_ID":4577,"KIHON1":"1340","DUMMY1":"-","KIHON2":"02","KEYCODE1":"204134002","KEYCODE2":"204134002","AREA_MAX_F":"M","KIGO_D":null,"N_KEN":null,"N_CITY":null,"KIGO_I":null,"KBSUM":18,"JINKO":2001,"SETAI":770,"X_CODE":135.340906,"Y_CODE":34.726445,"KCODE1":"1340-02"}},{"type":"Polygon","arcs":[[-437,437,-417,-423,-434]],"properties":{"KEY_CODE":"282041370","PREF":"28","CITY":"204","S_AREA":"137000","PREF_NAME":"兵庫県","CITY_NAME":"西宮市","S_NAME":"石在町","KIGO_E":null,"HCODE":8101,"AREA":123132.2,"PERIMETER":1699.809,"R2KAxx":4579,"R2KAxx_ID":4578,"KIHON1":"1370","DUMMY1":"-","KIHON2":"00","KEYCODE1":"204137000","KEYCODE2":"2041370","AREA_MAX_F":"M","KIGO_D":null,"N_KEN":null,"N_CITY":null,"KIGO_I":null,"KBSUM":21,"JINKO":1653,"SETAI":747,"X_CODE":135.341778,"Y_CODE":34.730399,"KCODE1":"1370-00"}},{"type":"Polygon","arcs":[[438,439,440,-418,-438,-436]],"properties":{"KEY_CODE":"282041380","PREF":"28","CITY":"204","S_AREA":"138000","PREF_NAME":"兵庫県","CITY_NAME":"西宮市","S_NAME":"久保町","KIGO_E":null,"HCODE":8101,"AREA":131774.693,"PERIMETER":2149.605,"R2KAxx":4580,"R2KAxx_ID":4579,"KIHON1":"1380","DUMMY1":"-","KIHON2":"00","KEYCODE1":"204138000","KEYCODE2":"2041380","AREA_MAX_F":"M","KIGO_D":null,"N_KEN":null,"N_CITY":null,"KIGO_I":null,"KBSUM":24,"JINKO":1511,"SETAI":675,"X_CODE":135.339624,"Y_CODE":34.72965,"KCODE1":"1380-00"}},{"type":"Polygon","arcs":[[441,442,-419,-441]],"properties":{"KEY_CODE":"282041390","PREF":"28","CITY":"204","S_AREA":"139000","PREF_NAME":"兵庫県","CITY_NAME":"西宮市","S_NAME":"鞍掛町","KIGO_E":null,"HCODE":8101,"AREA":59752.78,"PERIMETER":1900.54,"R2KAxx":4581,"R2KAxx_ID":4580,"KIHON1":"1390","DUMMY1":"-","KIHON2":"00","KEYCODE1":"204139000","KEYCODE2":"2041390","AREA_MAX_F":"M","KIGO_D":null,"N_KEN":null,"N_CITY":null,"KIGO_I":null,"KBSUM":10,"JINKO":297,"SETAI":128,"X_CODE":135.338503,"Y_CODE":34.730024,"KCODE1":"1390-00"}},{"type":"Polygon","arcs":[[443,-382,-420,-443]],"properties":{"KEY_CODE":"282041400","PREF":"28","CITY":"204","S_AREA":"140000","PREF_NAME":"兵庫県","CITY_NAME":"西宮市","S_NAME":"浜脇町","KIGO_E":null,"HCODE":8101,"AREA":61500.467,"PERIMETER":1022.466,"R2KAxx":4582,"R2KAxx_ID":4581,"KIHON1":"1400","DUMMY1":"-","KIHON2":"00","KEYCODE1":"204140000","KEYCODE2":"2041400","AREA_MAX_F":"M","KIGO_D":null,"N_KEN":null,"N_CITY":null,"KIGO_I":null,"KBSUM":9,"JINKO":808,"SETAI":279,"X_CODE":135.337048,"Y_CODE":34.732611,"KCODE1":"1400-00"}},{"type":"Polygon","arcs":[[-440,444,445,446,-391,-389,-379,-444,-442]],"properties":{"KEY_CODE":"282041410","PREF":"28","CITY":"204","S_AREA":"141000","PREF_NAME":"兵庫県","CITY_NAME":"西宮市","S_NAME":"浜町","KIGO_E":null,"HCODE":8101,"AREA":127726.532,"PERIMETER":2322.417,"R2KAxx":4583,"R2KAxx_ID":4582,"KIHON1":"1410","DUMMY1":"-","KIHON2":"00","KEYCODE1":"204141000","KEYCODE2":"2041410","AREA_MAX_F":"M","KIGO_D":null,"N_KEN":null,"N_CITY":null,"KIGO_I":null,"KBSUM":20,"JINKO":1201,"SETAI":447,"X_CODE":135.336983,"Y_CODE":34.728643,"KCODE1":"1410-00"}},{"type":"Polygon","arcs":[[-435,-432,-429,447,448,-445,-439]],"properties":{"KEY_CODE":"282041420","PREF":"28","CITY":"204","S_AREA":"142000","PREF_NAME":"兵庫県","CITY_NAME":"西宮市","S_NAME":"朝凪町","KIGO_E":null,"HCODE":8101,"AREA":180037.144,"PERIMETER":2294.251,"R2KAxx":4584,"R2KAxx_ID":4583,"KIHON1":"1420","DUMMY1":"-","KIHON2":"00","KEYCODE1":"204142000","KEYCODE2":"2041420","AREA_MAX_F":"M","KIGO_D":null,"N_KEN":null,"N_CITY":null,"KIGO_I":null,"KBSUM":1,"JINKO":0,"SETAI":0,"X_CODE":135.341282,"Y_CODE":34.722585,"KCODE1":"1420-00"}},{"type":"Polygon","arcs":[[449,450,451,-400,-280]],"properties":{"KEY_CODE":"282041430","PREF":"28","CITY":"204","S_AREA":"143000","PREF_NAME":"兵庫県","CITY_NAME":"西宮市","S_NAME":"池田町","KIGO_E":null,"HCODE":8101,"AREA":97295.975,"PERIMETER":1701.139,"R2KAxx":4585,"R2KAxx_ID":4584,"KIHON1":"1430","DUMMY1":"-","KIHON2":"00","KEYCODE1":"204143000","KEYCODE2":"2041430","AREA_MAX_F":"M","KIGO_D":null,"N_KEN":null,"N_CITY":null,"KIGO_I":null,"KBSUM":22,"JINKO":1209,"SETAI":650,"X_CODE":135.346736,"Y_CODE":34.737963,"KCODE1":"1430-00"}},{"type":"Polygon","arcs":[[452,453,-451,454,455]],"properties":{"KEY_CODE":"282041440","PREF":"28","CITY":"204","S_AREA":"144000","PREF_NAME":"兵庫県","CITY_NAME":"西宮市","S_NAME":"松原町","KIGO_E":null,"HCODE":8101,"AREA":72660.904,"PERIMETER":1433.631,"R2KAxx":4586,"R2KAxx_ID":4585,"KIHON1":"1440","DUMMY1":"-","KIHON2":"00","KEYCODE1":"204144000","KEYCODE2":"2041440","AREA_MAX_F":"M","KIGO_D":null,"N_KEN":null,"N_CITY":null,"KIGO_I":null,"KBSUM":17,"JINKO":1501,"SETAI":740,"X_CODE":135.347024,"Y_CODE":34.736506,"KCODE1":"1440-00"}},{"type":"Polygon","arcs":[[456,457,-424,-415,-407,-401,-452,-454]],"properties":{"KEY_CODE":"282041450","PREF":"28","CITY":"204","S_AREA":"145000","PREF_NAME":"兵庫県","CITY_NAME":"西宮市","S_NAME":"染殿町","KIGO_E":null,"HCODE":8101,"AREA":66081.784,"PERIMETER":1221.818,"R2KAxx":4587,"R2KAxx_ID":4586,"KIHON1":"1450","DUMMY1":"-","KIHON2":"00","KEYCODE1":"204145000","KEYCODE2":"2041450","AREA_MAX_F":"M","KIGO_D":null,"N_KEN":null,"N_CITY":null,"KIGO_I":null,"KBSUM":15,"JINKO":1021,"SETAI":566,"X_CODE":135.345146,"Y_CODE":34.734163,"KCODE1":"1450-00"}},{"type":"Polygon","arcs":[[458,459,460,461,462]],"properties":{"KEY_CODE":"282041460","PREF":"28","CITY":"204","S_AREA":"146000","PREF_NAME":"兵庫県","CITY_NAME":"西宮市","S_NAME":"津門飯田町","KIGO_E":null,"HCODE":8101,"AREA":136460.918,"PERIMETER":1613.795,"R2KAxx":4588,"R2KAxx_ID":4587,"KIHON1":"1460","DUMMY1":"-","KIHON2":"00","KEYCODE1":"204146000","KEYCODE2":"2041460","AREA_MAX_F":"M","KIGO_D":null,"N_KEN":null,"N_CITY":null,"KIGO_I":null,"KBSUM":4,"JINKO":22,"SETAI":12,"X_CODE":135.36173,"Y_CODE":34.737239,"KCODE1":"1460-00"}},{"type":"Polygon","arcs":[[463,-462,464,465,-455,-450,-279,-270,466]],"properties":{"KEY_CODE":"282041470","PREF":"28","CITY":"204","S_AREA":"147000","PREF_NAME":"兵庫県","CITY_NAME":"西宮市","S_NAME":"津門大塚町","KIGO_E":null,"HCODE":8101,"AREA":212040.064,"PERIMETER":2317.746,"R2KAxx":4589,"R2KAxx_ID":4588,"KIHON1":"1470","DUMMY1":"-","KIHON2":"00","KEYCODE1":"204147000","KEYCODE2":"2041470","AREA_MAX_F":"M","KIGO_D":null,"N_KEN":null,"N_CITY":null,"KIGO_I":null,"KBSUM":27,"JINKO":2288,"SETAI":1014,"X_CODE":135.355382,"Y_CODE":34.737746,"KCODE1":"1470-00"}},{"type":"Polygon","arcs":[[467,468,-465,469]],"properties":{"KEY_CODE":"282041480","PREF":"28","CITY":"204","S_AREA":"148000","PREF_NAME":"兵庫県","CITY_NAME":"西宮市","S_NAME":"津門大箇町","KIGO_E":null,"HCODE":8101,"AREA":125772.761,"PERIMETER":1524.03,"R2KAxx":4590,"R2KAxx_ID":4589,"KIHON1":"1480","DUMMY1":"-","KIHON2":"00","KEYCODE1":"204148000","KEYCODE2":"2041480","AREA_MAX_F":"M","KIGO_D":null,"N_KEN":null,"N_CITY":null,"KIGO_I":null,"KBSUM":23,"JINKO":2218,"SETAI":1028,"X_CODE":135.356624,"Y_CODE":34.735284,"KCODE1":"1480-00"}},{"type":"Polygon","arcs":[[470,471,472,473,-468]],"properties":{"KEY_CODE":"282041490","PREF":"28","CITY":"204","S_AREA":"149000","PREF_NAME":"兵庫県","CITY_NAME":"西宮市","S_NAME":"津門綾羽町","KIGO_E":null,"HCODE":8101,"AREA":77971.26,"PERIMETER":1419.256,"R2KAxx":4591,"R2KAxx_ID":4590,"KIHON1":"1490","DUMMY1":"-","KIHON2":"00","KEYCODE1":"204149000","KEYCODE2":"2041490","AREA_MAX_F":"M","KIGO_D":null,"N_KEN":null,"N_CITY":null,"KIGO_I":null,"KBSUM":12,"JINKO":1208,"SETAI":589,"X_CODE":135.355458,"Y_CODE":34.733694,"KCODE1":"1490-00"}},{"type":"Polygon","arcs":[[474,475,-473,476]],"properties":{"KEY_CODE":"282041500","PREF":"28","CITY":"204","S_AREA":"150000","PREF_NAME":"兵庫県","CITY_NAME":"西宮市","S_NAME":"津門呉羽町","KIGO_E":null,"HCODE":8101,"AREA":108202.705,"PERIMETER":1479.357,"R2KAxx":4592,"R2KAxx_ID":4591,"KIHON1":"1500","DUMMY1":"-","KIHON2":"00","KEYCODE1":"204150000","KEYCODE2":"2041500","AREA_MAX_F":"M","KIGO_D":null,"N_KEN":null,"N_CITY":null,"KIGO_I":null,"KBSUM":19,"JINKO":1733,"SETAI":869,"X_CODE":135.353988,"Y_CODE":34.732035,"KCODE1":"1500-00"}},{"type":"Polygon","arcs":[[477,478,-456,-466,-469]],"properties":{"KEY_CODE":"282041510","PREF":"28","CITY":"204","S_AREA":"151000","PREF_NAME":"兵庫県","CITY_NAME":"西宮市","S_NAME":"津門稲荷町","KIGO_E":null,"HCODE":8101,"AREA":83048.21,"PERIMETER":1210.127,"R2KAxx":4593,"R2KAxx_ID":4592,"KIHON1":"1510","DUMMY1":"-","KIHON2":"00","KEYCODE1":"204151000","KEYCODE2":"2041510","AREA_MAX_F":"M","KIGO_D":null,"N_KEN":null,"N_CITY":null,"KIGO_I":null,"KBSUM":17,"JINKO":1330,"SETAI":649,"X_CODE":135.351803,"Y_CODE":34.736281,"KCODE1":"1510-00"}},{"type":"Polygon","arcs":[[479,480,-478,-474]],"properties":{"KEY_CODE":"282041520","PREF":"28","CITY":"204","S_AREA":"152000","PREF_NAME":"兵庫県","CITY_NAME":"西宮市","S_NAME":"津門仁辺町","KIGO_E":null,"HCODE":8101,"AREA":45061.517,"PERIMETER":878.912,"R2KAxx":4594,"R2KAxx_ID":4593,"KIHON1":"1520","DUMMY1":"-","KIHON2":"00","KEYCODE1":"204152000","KEYCODE2":"2041520","AREA_MAX_F":"M","KIGO_D":null,"N_KEN":null,"N_CITY":null,"KIGO_I":null,"KBSUM":10,"JINKO":842,"SETAI":415,"X_CODE":135.35144,"Y_CODE":34.734666,"KCODE1":"1520-00"}},{"type":"Polygon","arcs":[[-481,481,482,-453,-479]],"properties":{"KEY_CODE":"282041530","PREF":"28","CITY":"204","S_AREA":"153000","PREF_NAME":"兵庫県","CITY_NAME":"西宮市","S_NAME":"津門西口町","KIGO_E":null,"HCODE":8101,"AREA":90172.586,"PERIMETER":1299.277,"R2KAxx":4595,"R2KAxx_ID":4594,"KIHON1":"1530","DUMMY1":"-","KIHON2":"00","KEYCODE1":"204153000","KEYCODE2":"2041530","AREA_MAX_F":"M","KIGO_D":null,"N_KEN":null,"N_CITY":null,"KIGO_I":null,"KBSUM":17,"JINKO":1320,"SETAI":651,"X_CODE":135.348491,"Y_CODE":34.734742,"KCODE1":"1530-00"}},{"type":"Polygon","arcs":[[483,484,-482,-480,-476]],"properties":{"KEY_CODE":"282041540","PREF":"28","CITY":"204","S_AREA":"154000","PREF_NAME":"兵庫県","CITY_NAME":"西宮市","S_NAME":"津門宝津町","KIGO_E":null,"HCODE":8101,"AREA":51964.587,"PERIMETER":965.997,"R2KAxx":4596,"R2KAxx_ID":4595,"KIHON1":"1540","DUMMY1":"-","KIHON2":"00","KEYCODE1":"204154000","KEYCODE2":"2041540","AREA_MAX_F":"M","KIGO_D":null,"N_KEN":null,"N_CITY":null,"KIGO_I":null,"KBSUM":17,"JINKO":786,"SETAI":486,"X_CODE":135.350871,"Y_CODE":34.732938,"KCODE1":"1540-00"}},{"type":"Polygon","arcs":[[485,-457,-483,-485,486,487]],"properties":{"KEY_CODE":"282041550","PREF":"28","CITY":"204","S_AREA":"155000","PREF_NAME":"兵庫県","CITY_NAME":"西宮市","S_NAME":"津門川町","KIGO_E":null,"HCODE":8101,"AREA":95933.363,"PERIMETER":1470.585,"R2KAxx":4597,"R2KAxx_ID":4596,"KIHON1":"1550","DUMMY1":"-","KIHON2":"00","KEYCODE1":"204155000","KEYCODE2":"2041550","AREA_MAX_F":"M","KIGO_D":null,"N_KEN":null,"N_CITY":null,"KIGO_I":null,"KBSUM":20,"JINKO":1452,"SETAI":886,"X_CODE":135.348392,"Y_CODE":34.732185,"KCODE1":"1550-00"}},{"type":"Polygon","arcs":[[488,-428,-425,-458,-486,489,490]],"properties":{"KEY_CODE":"282041560","PREF":"28","CITY":"204","S_AREA":"156000","PREF_NAME":"兵庫県","CITY_NAME":"西宮市","S_NAME":"津門住江町","KIGO_E":null,"HCODE":8101,"AREA":143848.221,"PERIMETER":2080.772,"R2KAxx":4598,"R2KAxx_ID":4597,"KIHON1":"1560","DUMMY1":"-","KIHON2":"00","KEYCODE1":"204156000","KEYCODE2":"2041560","AREA_MAX_F":"M","KIGO_D":null,"N_KEN":null,"N_CITY":null,"KIGO_I":null,"KBSUM":19,"JINKO":996,"SETAI":511,"X_CODE":135.347817,"Y_CODE":34.729494,"KCODE1":"1560-00"}},{"type":"Polygon","arcs":[[491,492,493,494,495,496]],"properties":{"KEY_CODE":"282041580","PREF":"28","CITY":"204","S_AREA":"158000","PREF_NAME":"兵庫県","CITY_NAME":"西宮市","S_NAME":"甲子園春風町","KIGO_E":null,"HCODE":8101,"AREA":75355.955,"PERIMETER":1109.472,"R2KAxx":4599,"R2KAxx_ID":4598,"KIHON1":"1580","DUMMY1":"-","KIHON2":"00","KEYCODE1":"204158000","KEYCODE2":"2041580","AREA_MAX_F":"M","KIGO_D":null,"N_KEN":null,"N_CITY":null,"KIGO_I":null,"KBSUM":10,"JINKO":918,"SETAI":511,"X_CODE":135.362126,"Y_CODE":34.730986,"KCODE1":"1580-00"}},{"type":"Polygon","arcs":[[497,498,499,-494]],"properties":{"KEY_CODE":"282041590","PREF":"28","CITY":"204","S_AREA":"159000","PREF_NAME":"兵庫県","CITY_NAME":"西宮市","S_NAME":"今津野田町","KIGO_E":null,"HCODE":8101,"AREA":46825.022,"PERIMETER":876.692,"R2KAxx":4600,"R2KAxx_ID":4599,"KIHON1":"1590","DUMMY1":"-","KIHON2":"00","KEYCODE1":"204159000","KEYCODE2":"2041590","AREA_MAX_F":"M","KIGO_D":null,"N_KEN":null,"N_CITY":null,"KIGO_I":null,"KBSUM":6,"JINKO":675,"SETAI":282,"X_CODE":135.359457,"Y_CODE":34.731671,"KCODE1":"1590-00"}},{"type":"Polygon","arcs":[[500,501,-477,-472,502,-499]],"properties":{"KEY_CODE":"282041600","PREF":"28","CITY":"204","S_AREA":"160000","PREF_NAME":"兵庫県","CITY_NAME":"西宮市","S_NAME":"今津山中町","KIGO_E":null,"HCODE":8101,"AREA":95275.048,"PERIMETER":1508.84,"R2KAxx":4601,"R2KAxx_ID":4600,"KIHON1":"1600","DUMMY1":"-","KIHON2":"00","KEYCODE1":"204160000","KEYCODE2":"2041600","AREA_MAX_F":"M","KIGO_D":null,"N_KEN":null,"N_CITY":null,"KIGO_I":null,"KBSUM":16,"JINKO":1379,"SETAI":568,"X_CODE":135.356734,"Y_CODE":34.730957,"KCODE1":"1600-00"}},{"type":"Polygon","arcs":[[503,-501,-498,-493,504]],"properties":{"KEY_CODE":"282041610","PREF":"28","CITY":"204","S_AREA":"161000","PREF_NAME":"兵庫県","CITY_NAME":"西宮市","S_NAME":"今津上野町","KIGO_E":null,"HCODE":8101,"AREA":40485.717,"PERIMETER":832.321,"R2KAxx":4602,"R2KAxx_ID":4601,"KIHON1":"1610","DUMMY1":"-","KIHON2":"00","KEYCODE1":"204161000","KEYCODE2":"2041610","AREA_MAX_F":"M","KIGO_D":null,"N_KEN":null,"N_CITY":null,"KIGO_I":null,"KBSUM":7,"JINKO":496,"SETAI":213,"X_CODE":135.358544,"Y_CODE":34.729635,"KCODE1":"1610-00"}},{"type":"Polygon","arcs":[[505,-505,-492,506,507]],"properties":{"KEY_CODE":"282041620","PREF":"28","CITY":"204","S_AREA":"162000","PREF_NAME":"兵庫県","CITY_NAME":"西宮市","S_NAME":"甲子園浜田町","KIGO_E":null,"HCODE":8101,"AREA":93018.569,"PERIMETER":1218.228,"R2KAxx":4603,"R2KAxx_ID":4602,"KIHON1":"1620","DUMMY1":"-","KIHON2":"00","KEYCODE1":"204162000","KEYCODE2":"2041620","AREA_MAX_F":"M","KIGO_D":null,"N_KEN":null,"N_CITY":null,"KIGO_I":null,"KBSUM":17,"JINKO":1589,"SETAI":640,"X_CODE":135.360955,"Y_CODE":34.72874,"KCODE1":"1620-00"}},{"type":"Polygon","arcs":[[508,509,-507,-497,510]],"properties":{"KEY_CODE":"282041630","PREF":"28","CITY":"204","S_AREA":"163000","PREF_NAME":"兵庫県","CITY_NAME":"西宮市","S_NAME":"甲子園砂田町","KIGO_E":null,"HCODE":8101,"AREA":38191.517,"PERIMETER":847.874,"R2KAxx":4604,"R2KAxx_ID":4603,"KIHON1":"1630","DUMMY1":"-","KIHON2":"00","KEYCODE1":"204163000","KEYCODE2":"2041630","AREA_MAX_F":"M","KIGO_D":null,"N_KEN":null,"N_CITY":null,"KIGO_I":null,"KBSUM":9,"JINKO":732,"SETAI":271,"X_CODE":135.364117,"Y_CODE":34.729084,"KCODE1":"1630-00"}},{"type":"Polygon","arcs":[[511,-508,-510,512]],"properties":{"KEY_CODE":"282041640","PREF":"28","CITY":"204","S_AREA":"164000","PREF_NAME":"兵庫県","CITY_NAME":"西宮市","S_NAME":"甲子園六石町","KIGO_E":null,"HCODE":8101,"AREA":29297.47,"PERIMETER":693.442,"R2KAxx":4605,"R2KAxx_ID":4604,"KIHON1":"1640","DUMMY1":"-","KIHON2":"00","KEYCODE1":"204164000","KEYCODE2":"2041640","AREA_MAX_F":"M","KIGO_D":null,"N_KEN":null,"N_CITY":null,"KIGO_I":null,"KBSUM":7,"JINKO":705,"SETAI":273,"X_CODE":135.363026,"Y_CODE":34.727524,"KCODE1":"1640-00"}},{"type":"Polygon","arcs":[[513,514,515,-506,-512,516,517]],"properties":{"KEY_CODE":"282041650","PREF":"28","CITY":"204","S_AREA":"165000","PREF_NAME":"兵庫県","CITY_NAME":"西宮市","S_NAME":"甲子園浦風町","KIGO_E":null,"HCODE":8101,"AREA":145660.711,"PERIMETER":1710.457,"R2KAxx":4606,"R2KAxx_ID":4605,"KIHON1":"1650","DUMMY1":"-","KIHON2":"00","KEYCODE1":"204165000","KEYCODE2":"2041650","AREA_MAX_F":"M","KIGO_D":null,"N_KEN":null,"N_CITY":null,"KIGO_I":null,"KBSUM":24,"JINKO":1996,"SETAI":973,"X_CODE":135.360848,"Y_CODE":34.726086,"KCODE1":"1650-00"}},{"type":"Polygon","arcs":[[518,-487,-484,-475,-502,-504,-516]],"properties":{"KEY_CODE":"282041660","PREF":"28","CITY":"204","S_AREA":"166000","PREF_NAME":"兵庫県","CITY_NAME":"西宮市","S_NAME":"今津曙町","KIGO_E":null,"HCODE":8101,"AREA":102002.722,"PERIMETER":1831.427,"R2KAxx":4607,"R2KAxx_ID":4606,"KIHON1":"1660","DUMMY1":"-","KIHON2":"00","KEYCODE1":"204166000","KEYCODE2":"2041660","AREA_MAX_F":"M","KIGO_D":null,"N_KEN":null,"N_CITY":null,"KIGO_I":null,"KBSUM":18,"JINKO":1465,"SETAI":894,"X_CODE":135.35533,"Y_CODE":34.728951,"KCODE1":"1660-00"}},{"type":"Polygon","arcs":[[519,520,521,-488,-519,522]],"properties":{"KEY_CODE":"282041670","PREF":"28","CITY":"204","S_AREA":"167000","PREF_NAME":"兵庫県","CITY_NAME":"西宮市","S_NAME":"今津水波町","KIGO_E":null,"HCODE":8101,"AREA":109191.139,"PERIMETER":1819.653,"R2KAxx":4608,"R2KAxx_ID":4607,"KIHON1":"1670","DUMMY1":"-","KIHON2":"00","KEYCODE1":"204167000","KEYCODE2":"2041670","AREA_MAX_F":"M","KIGO_D":null,"N_KEN":null,"N_CITY":null,"KIGO_I":null,"KBSUM":20,"JINKO":1352,"SETAI":766,"X_CODE":135.353691,"Y_CODE":34.728379,"KCODE1":"1670-00"}},{"type":"Polygon","arcs":[[523,524,-514,525,526]],"properties":{"KEY_CODE":"282041680","PREF":"28","CITY":"204","S_AREA":"168000","PREF_NAME":"兵庫県","CITY_NAME":"西宮市","S_NAME":"甲子園高潮町","KIGO_E":null,"HCODE":8101,"AREA":87428.223,"PERIMETER":1330.9,"R2KAxx":4609,"R2KAxx_ID":4608,"KIHON1":"1680","DUMMY1":"-","KIHON2":"00","KEYCODE1":"204168000","KEYCODE2":"2041680","AREA_MAX_F":"M","KIGO_D":null,"N_KEN":null,"N_CITY":null,"KIGO_I":null,"KBSUM":13,"JINKO":872,"SETAI":643,"X_CODE":135.360475,"Y_CODE":34.724092,"KCODE1":"1680-00"}},{"type":"Polygon","arcs":[[527,528,-524,529]],"properties":{"KEY_CODE":"282041690","PREF":"28","CITY":"204","S_AREA":"169000","PREF_NAME":"兵庫県","CITY_NAME":"西宮市","S_NAME":"甲子園洲鳥町","KIGO_E":null,"HCODE":8101,"AREA":78854.78,"PERIMETER":1309.895,"R2KAxx":4610,"R2KAxx_ID":4609,"KIHON1":"1690","DUMMY1":"-","KIHON2":"00","KEYCODE1":"204169000","KEYCODE2":"2041690","AREA_MAX_F":"M","KIGO_D":null,"N_KEN":null,"N_CITY":null,"KIGO_I":null,"KBSUM":13,"JINKO":1135,"SETAI":536,"X_CODE":135.358627,"Y_CODE":34.723134,"KCODE1":"1690-00"}},{"type":"Polygon","arcs":[[530,531,532,-528,533,534]],"properties":{"KEY_CODE":"282041700","PREF":"28","CITY":"204","S_AREA":"170000","PREF_NAME":"兵庫県","CITY_NAME":"西宮市","S_NAME":"甲子園網引町","KIGO_E":null,"HCODE":8101,"AREA":77182.535,"PERIMETER":1784.194,"R2KAxx":4611,"R2KAxx_ID":4610,"KIHON1":"1700","DUMMY1":"-","KIHON2":"00","KEYCODE1":"204170000","KEYCODE2":"2041700","AREA_MAX_F":"M","KIGO_D":null,"N_KEN":null,"N_CITY":null,"KIGO_I":null,"KBSUM":13,"JINKO":936,"SETAI":446,"X_CODE":135.354987,"Y_CODE":34.721648,"KCODE1":"1700-00"}},{"type":"Polygon","arcs":[[535,536,537,-523,-515,-525,-529,-533]],"properties":{"KEY_CODE":"282041710","PREF":"28","CITY":"204","S_AREA":"171000","PREF_NAME":"兵庫県","CITY_NAME":"西宮市","S_NAME":"今津久寿川町","KIGO_E":null,"HCODE":8101,"AREA":101919.144,"PERIMETER":2235.358,"R2KAxx":4612,"R2KAxx_ID":4611,"KIHON1":"1710","DUMMY1":"-","KIHON2":"00","KEYCODE1":"204171000","KEYCODE2":"2041710","AREA_MAX_F":"M","KIGO_D":null,"N_KEN":null,"N_CITY":null,"KIGO_I":null,"KBSUM":15,"JINKO":1033,"SETAI":622,"X_CODE":135.35446,"Y_CODE":34.723019,"KCODE1":"1710-00"}},{"type":"Polygon","arcs":[[538,539,540,-521,541,542]],"properties":{"KEY_CODE":"282041720","PREF":"28","CITY":"204","S_AREA":"172000","PREF_NAME":"兵庫県","CITY_NAME":"西宮市","S_NAME":"今津社前町","KIGO_E":null,"HCODE":8101,"AREA":74514.397,"PERIMETER":1207.095,"R2KAxx":4613,"R2KAxx_ID":4612,"KIHON1":"1720","DUMMY1":"-","KIHON2":"00","KEYCODE1":"204172000","KEYCODE2":"2041720","AREA_MAX_F":"M","KIGO_D":null,"N_KEN":null,"N_CITY":null,"KIGO_I":null,"KBSUM":8,"JINKO":247,"SETAI":136,"X_CODE":135.352899,"Y_CODE":34.725464,"KCODE1":"1720-00"}},{"type":"Polygon","arcs":[[543,-542,-520,-538]],"properties":{"KEY_CODE":"282041730","PREF":"28","CITY":"204","S_AREA":"173000","PREF_NAME":"兵庫県","CITY_NAME":"西宮市","S_NAME":"今津大東町","KIGO_E":null,"HCODE":8101,"AREA":43936.988,"PERIMETER":845.814,"R2KAxx":4614,"R2KAxx_ID":4613,"KIHON1":"1730","DUMMY1":"-","KIHON2":"00","KEYCODE1":"204173000","KEYCODE2":"2041730","AREA_MAX_F":"M","KIGO_D":null,"N_KEN":null,"N_CITY":null,"KIGO_I":null,"KBSUM":8,"JINKO":629,"SETAI":316,"X_CODE":135.355139,"Y_CODE":34.724997,"KCODE1":"1730-00"}},{"type":"Polygon","arcs":[[544,-490,-522,-541]],"properties":{"KEY_CODE":"282041740","PREF":"28","CITY":"204","S_AREA":"174000","PREF_NAME":"兵庫県","CITY_NAME":"西宮市","S_NAME":"今津二葉町","KIGO_E":null,"HCODE":8101,"AREA":79325.432,"PERIMETER":1212.876,"R2KAxx":4615,"R2KAxx_ID":4614,"KIHON1":"1740","DUMMY1":"-","KIHON2":"00","KEYCODE1":"204174000","KEYCODE2":"2041740","AREA_MAX_F":"M","KIGO_D":null,"N_KEN":null,"N_CITY":null,"KIGO_I":null,"KBSUM":5,"JINKO":506,"SETAI":242,"X_CODE":135.351507,"Y_CODE":34.727915,"KCODE1":"1740-00"}},{"type":"Polygon","arcs":[[545,546,-491,-545,-540]],"properties":{"KEY_CODE":"282041750","PREF":"28","CITY":"204","S_AREA":"175000","PREF_NAME":"兵庫県","CITY_NAME":"西宮市","S_NAME":"今津出在家町","KIGO_E":null,"HCODE":8101,"AREA":124622.452,"PERIMETER":1518.723,"R2KAxx":4616,"R2KAxx_ID":4615,"KIHON1":"1750","DUMMY1":"-","KIHON2":"00","KEYCODE1":"204175000","KEYCODE2":"2041750","AREA_MAX_F":"M","KIGO_D":null,"N_KEN":null,"N_CITY":null,"KIGO_I":null,"KBSUM":12,"JINKO":262,"SETAI":155,"X_CODE":135.34949,"Y_CODE":34.725793,"KCODE1":"1750-00"}},{"type":"Polygon","arcs":[[547,-546,-539,548]],"properties":{"KEY_CODE":"282041760","PREF":"28","CITY":"204","S_AREA":"176000","PREF_NAME":"兵庫県","CITY_NAME":"西宮市","S_NAME":"今津港町","KIGO_E":null,"HCODE":8101,"AREA":53091.128,"PERIMETER":939.129,"R2KAxx":4617,"R2KAxx_ID":4616,"KIHON1":"1760","DUMMY1":"-","KIHON2":"00","KEYCODE1":"204176000","KEYCODE2":"2041760","AREA_MAX_F":"M","KIGO_D":null,"N_KEN":null,"N_CITY":null,"KIGO_I":null,"KBSUM":4,"JINKO":122,"SETAI":26,"X_CODE":135.349759,"Y_CODE":34.723419,"KCODE1":"1760-00"}},{"type":"Polygon","arcs":[[549,550,551,-549,-543,-544,-537]],"properties":{"KEY_CODE":"282041770","PREF":"28","CITY":"204","S_AREA":"177000","PREF_NAME":"兵庫県","CITY_NAME":"西宮市","S_NAME":"今津巽町","KIGO_E":null,"HCODE":8101,"AREA":106497.908,"PERIMETER":1590.987,"R2KAxx":4618,"R2KAxx_ID":4617,"KIHON1":"1770","DUMMY1":"-","KIHON2":"00","KEYCODE1":"204177000","KEYCODE2":"2041770","AREA_MAX_F":"M","KIGO_D":null,"N_KEN":null,"N_CITY":null,"KIGO_I":null,"KBSUM":25,"JINKO":2868,"SETAI":1189,"X_CODE":135.351748,"Y_CODE":34.722649,"KCODE1":"1770-00"}},{"type":"Polygon","arcs":[[-552,552,-448,-431,-489,-547,-548]],"properties":{"KEY_CODE":"282041780","PREF":"28","CITY":"204","S_AREA":"178000","PREF_NAME":"兵庫県","CITY_NAME":"西宮市","S_NAME":"今津西浜町","KIGO_E":null,"HCODE":8101,"AREA":88532.557,"PERIMETER":1541.765,"R2KAxx":4619,"R2KAxx_ID":4618,"KIHON1":"1780","DUMMY1":"-","KIHON2":"00","KEYCODE1":"204178000","KEYCODE2":"2041780","AREA_MAX_F":"M","KIGO_D":null,"N_KEN":null,"N_CITY":null,"KIGO_I":null,"KBSUM":2,"JINKO":4,"SETAI":2,"X_CODE":135.346691,"Y_CODE":34.722639,"KCODE1":"1780-00"}},{"type":"Polygon","arcs":[[-532,553,554,555,-550,-536]],"properties":{"KEY_CODE":"282041790","PREF":"28","CITY":"204","S_AREA":"179000","PREF_NAME":"兵庫県","CITY_NAME":"西宮市","S_NAME":"今津真砂町","KIGO_E":null,"HCODE":8101,"AREA":115183.657,"PERIMETER":1350.233,"R2KAxx":4620,"R2KAxx_ID":4619,"KIHON1":"1790","DUMMY1":"-","KIHON2":"00","KEYCODE1":"204179000","KEYCODE2":"2041790","AREA_MAX_F":"M","KIGO_D":null,"N_KEN":null,"N_CITY":null,"KIGO_I":null,"KBSUM":18,"JINKO":2152,"SETAI":935,"X_CODE":135.347848,"Y_CODE":34.719576,"KCODE1":"1790-00"}},{"type":"Polygon","arcs":[[-517,-513,-509,556,557,558,559,560,561]],"properties":{"KEY_CODE":"282041800","PREF":"28","CITY":"204","S_AREA":"180000","PREF_NAME":"兵庫県","CITY_NAME":"西宮市","S_NAME":"甲子園三保町","KIGO_E":null,"HCODE":8101,"AREA":48823.458,"PERIMETER":1436.616,"R2KAxx":4621,"R2KAxx_ID":4620,"KIHON1":"1800","DUMMY1":"-","KIHON2":"00","KEYCODE1":"204180000","KEYCODE2":"2041800","AREA_MAX_F":"M","KIGO_D":null,"N_KEN":null,"N_CITY":null,"KIGO_I":null,"KBSUM":9,"JINKO":460,"SETAI":200,"X_CODE":135.365861,"Y_CODE":34.728836,"KCODE1":"1800-00"}},{"type":"Polygon","arcs":[[-122,562,-110,-114]],"properties":{"KEY_CODE":"282041820","PREF":"28","CITY":"204","S_AREA":"182000","PREF_NAME":"兵庫県","CITY_NAME":"西宮市","S_NAME":"苦楽園六番町","KIGO_E":null,"HCODE":8101,"AREA":37625.835,"PERIMETER":897.162,"R2KAxx":4622,"R2KAxx_ID":4621,"KIHON1":"1820","DUMMY1":"-","KIHON2":"00","KEYCODE1":"204182000","KEYCODE2":"2041820","AREA_MAX_F":"M","KIGO_D":null,"N_KEN":null,"N_CITY":null,"KIGO_I":null,"KBSUM":6,"JINKO":184,"SETAI":78,"X_CODE":135.313539,"Y_CODE":34.752629,"KCODE1":"1820-00"}},{"type":"Polygon","arcs":[[563,-14,-25,-38]],"properties":{"KEY_CODE":"282041830","PREF":"28","CITY":"204","S_AREA":"183000","PREF_NAME":"兵庫県","CITY_NAME":"西宮市","S_NAME":"鷲林寺南町","KIGO_E":null,"HCODE":8101,"AREA":267274.506,"PERIMETER":2927.973,"R2KAxx":4623,"R2KAxx_ID":4622,"KIHON1":"1830","DUMMY1":"-","KIHON2":"00","KEYCODE1":"204183000","KEYCODE2":"2041830","AREA_MAX_F":"M","KIGO_D":null,"N_KEN":null,"N_CITY":null,"KIGO_I":null,"KBSUM":27,"JINKO":520,"SETAI":202,"X_CODE":135.31272,"Y_CODE":34.770666,"KCODE1":"1830-00"}},{"type":"Polygon","arcs":[[-29,-106,-16,564]],"properties":{"KEY_CODE":"282041840","PREF":"28","CITY":"204","S_AREA":"184000","PREF_NAME":"兵庫県","CITY_NAME":"西宮市","S_NAME":"柏堂西町","KIGO_E":null,"HCODE":8101,"AREA":98170.623,"PERIMETER":1642.209,"R2KAxx":4624,"R2KAxx_ID":4623,"KIHON1":"1840","DUMMY1":"-","KIHON2":"00","KEYCODE1":"204184000","KEYCODE2":"2041840","AREA_MAX_F":"M","KIGO_D":null,"N_KEN":null,"N_CITY":null,"KIGO_I":null,"KBSUM":18,"JINKO":450,"SETAI":167,"X_CODE":135.310697,"Y_CODE":34.764283,"KCODE1":"1840-00"}},{"type":"Polygon","arcs":[[-37,-30,-565,-15,-564]],"properties":{"KEY_CODE":"282041860","PREF":"28","CITY":"204","S_AREA":"186000","PREF_NAME":"兵庫県","CITY_NAME":"西宮市","S_NAME":"剣谷町","KIGO_E":null,"HCODE":8101,"AREA":176489.613,"PERIMETER":2258.035,"R2KAxx":4625,"R2KAxx_ID":4624,"KIHON1":"1860","DUMMY1":"-","KIHON2":"00","KEYCODE1":"204186000","KEYCODE2":"2041860","AREA_MAX_F":"M","KIGO_D":null,"N_KEN":null,"N_CITY":null,"KIGO_I":null,"KBSUM":19,"JINKO":555,"SETAI":209,"X_CODE":135.313294,"Y_CODE":34.767017,"KCODE1":"1860-00"}},{"type":"Polygon","arcs":[[565,566,567,568,-446]],"properties":{"KEY_CODE":"28204191001","PREF":"28","CITY":"204","S_AREA":"191001","PREF_NAME":"兵庫県","CITY_NAME":"西宮市","S_NAME":"西宮浜一丁目","KIGO_E":null,"HCODE":8101,"AREA":263895.316,"PERIMETER":4538.411,"R2KAxx":4626,"R2KAxx_ID":4625,"KIHON1":"1910","DUMMY1":"-","KIHON2":"01","KEYCODE1":"204191001","KEYCODE2":"204191001","AREA_MAX_F":"M","KIGO_D":null,"N_KEN":null,"N_CITY":null,"KIGO_I":null,"KBSUM":1,"JINKO":0,"SETAI":0,"X_CODE":135.337459,"Y_CODE":34.717601,"KCODE1":"1910-01"}},{"type":"Polygon","arcs":[[569,570,571,-567]],"properties":{"KEY_CODE":"28204191002","PREF":"28","CITY":"204","S_AREA":"191002","PREF_NAME":"兵庫県","CITY_NAME":"西宮市","S_NAME":"西宮浜二丁目","KIGO_E":null,"HCODE":8101,"AREA":328121.407,"PERIMETER":2393.699,"R2KAxx":4627,"R2KAxx_ID":4626,"KIHON1":"1910","DUMMY1":"-","KIHON2":"02","KEYCODE1":"204191002","KEYCODE2":"204191002","AREA_MAX_F":"M","KIGO_D":null,"N_KEN":null,"N_CITY":null,"KIGO_I":null,"KBSUM":1,"JINKO":0,"SETAI":0,"X_CODE":135.336214,"Y_CODE":34.713494,"KCODE1":"1910-02"}},{"type":"Polygon","arcs":[[-568,-572,572,573]],"properties":{"KEY_CODE":"28204191003","PREF":"28","CITY":"204","S_AREA":"191003","PREF_NAME":"兵庫県","CITY_NAME":"西宮市","S_NAME":"西宮浜三丁目","KIGO_E":null,"HCODE":8101,"AREA":346268.788,"PERIMETER":2721.943,"R2KAxx":4628,"R2KAxx_ID":4627,"KIHON1":"1910","DUMMY1":"-","KIHON2":"03","KEYCODE1":"204191003","KEYCODE2":"204191003","AREA_MAX_F":"M","KIGO_D":null,"N_KEN":null,"N_CITY":null,"KIGO_I":null,"KBSUM":2,"JINKO":143,"SETAI":2,"X_CODE":135.330809,"Y_CODE":34.718914,"KCODE1":"1910-03"}},{"type":"Polygon","arcs":[[574,-573,-571]],"properties":{"KEY_CODE":"28204191004","PREF":"28","CITY":"204","S_AREA":"191004","PREF_NAME":"兵庫県","CITY_NAME":"西宮市","S_NAME":"西宮浜四丁目","KIGO_E":null,"HCODE":8101,"AREA":547942.329,"PERIMETER":4989.634,"R2KAxx":4629,"R2KAxx_ID":4628,"KIHON1":"1910","DUMMY1":"-","KIHON2":"04","KEYCODE1":"204191004","KEYCODE2":"204191004","AREA_MAX_F":"M","KIGO_D":null,"N_KEN":null,"N_CITY":null,"KIGO_I":null,"KBSUM":76,"JINKO":6899,"SETAI":2925,"X_CODE":135.329142,"Y_CODE":34.713508,"KCODE1":"1910-04"}},{"type":"Polygon","arcs":[[575,576,577,578]],"properties":{"KEY_CODE":"28204202001","PREF":"28","CITY":"204","S_AREA":"202001","PREF_NAME":"兵庫県","CITY_NAME":"西宮市","S_NAME":"小曽根町一丁目","KIGO_E":null,"HCODE":8101,"AREA":59458.305,"PERIMETER":989.411,"R2KAxx":4630,"R2KAxx_ID":4629,"KIHON1":"2020","DUMMY1":"-","KIHON2":"01","KEYCODE1":"204202001","KEYCODE2":"204202001","AREA_MAX_F":"M","KIGO_D":null,"N_KEN":null,"N_CITY":null,"KIGO_I":null,"KBSUM":9,"JINKO":858,"SETAI":312,"X_CODE":135.377835,"Y_CODE":34.731328,"KCODE1":"2020-01"}},{"type":"Polygon","arcs":[[579,580,581,-576]],"properties":{"KEY_CODE":"28204202002","PREF":"28","CITY":"204","S_AREA":"202002","PREF_NAME":"兵庫県","CITY_NAME":"西宮市","S_NAME":"小曽根町二丁目","KIGO_E":null,"HCODE":8101,"AREA":53470.016,"PERIMETER":983.6,"R2KAxx":4631,"R2KAxx_ID":4630,"KIHON1":"2020","DUMMY1":"-","KIHON2":"02","KEYCODE1":"204202002","KEYCODE2":"204202002","AREA_MAX_F":"M","KIGO_D":null,"N_KEN":null,"N_CITY":null,"KIGO_I":null,"KBSUM":7,"JINKO":566,"SETAI":246,"X_CODE":135.37784,"Y_CODE":34.729713,"KCODE1":"2020-02"}},{"type":"Polygon","arcs":[[582,583,-581,584]],"properties":{"KEY_CODE":"28204202003","PREF":"28","CITY":"204","S_AREA":"202003","PREF_NAME":"兵庫県","CITY_NAME":"西宮市","S_NAME":"小曽根町三丁目","KIGO_E":null,"HCODE":8101,"AREA":63175.233,"PERIMETER":1143.896,"R2KAxx":4632,"R2KAxx_ID":4631,"KIHON1":"2020","DUMMY1":"-","KIHON2":"03","KEYCODE1":"204202003","KEYCODE2":"204202003","AREA_MAX_F":"M","KIGO_D":null,"N_KEN":null,"N_CITY":null,"KIGO_I":null,"KBSUM":9,"JINKO":619,"SETAI":254,"X_CODE":135.378041,"Y_CODE":34.728297,"KCODE1":"2020-03"}},{"type":"Polygon","arcs":[[585,586,587,588,-583,589]],"properties":{"KEY_CODE":"28204202004","PREF":"28","CITY":"204","S_AREA":"202004","PREF_NAME":"兵庫県","CITY_NAME":"西宮市","S_NAME":"小曽根町四丁目","KIGO_E":null,"HCODE":8101,"AREA":53184.105,"PERIMETER":1233.313,"R2KAxx":4633,"R2KAxx_ID":4632,"KIHON1":"2020","DUMMY1":"-","KIHON2":"04","KEYCODE1":"204202004","KEYCODE2":"204202004","AREA_MAX_F":"M","KIGO_D":null,"N_KEN":null,"N_CITY":null,"KIGO_I":null,"KBSUM":9,"JINKO":556,"SETAI":201,"X_CODE":135.378394,"Y_CODE":34.727146,"KCODE1":"2020-04"}},{"type":"Polygon","arcs":[[590,591,-587,592]],"properties":{"KEY_CODE":"28204206001","PREF":"28","CITY":"204","S_AREA":"206001","PREF_NAME":"兵庫県","CITY_NAME":"西宮市","S_NAME":"小松北町一丁目","KIGO_E":null,"HCODE":8101,"AREA":57879.385,"PERIMETER":1045.071,"R2KAxx":4634,"R2KAxx_ID":4633,"KIHON1":"2060","DUMMY1":"-","KIHON2":"01","KEYCODE1":"204206001","KEYCODE2":"204206001","AREA_MAX_F":"M","KIGO_D":null,"N_KEN":null,"N_CITY":null,"KIGO_I":null,"KBSUM":12,"JINKO":1367,"SETAI":514,"X_CODE":135.377591,"Y_CODE":34.725915,"KCODE1":"2060-01"}},{"type":"Polygon","arcs":[[593,594,595,596,-591,597]],"properties":{"KEY_CODE":"28204206002","PREF":"28","CITY":"204","S_AREA":"206002","PREF_NAME":"兵庫県","CITY_NAME":"西宮市","S_NAME":"小松北町二丁目","KIGO_E":null,"HCODE":8101,"AREA":41816.95,"PERIMETER":1021.178,"R2KAxx":4635,"R2KAxx_ID":4634,"KIHON1":"2060","DUMMY1":"-","KIHON2":"02","KEYCODE1":"204206002","KEYCODE2":"204206002","AREA_MAX_F":"M","KIGO_D":null,"N_KEN":null,"N_CITY":null,"KIGO_I":null,"KBSUM":9,"JINKO":713,"SETAI":316,"X_CODE":135.37758,"Y_CODE":34.724693,"KCODE1":"2060-02"}},{"type":"Polygon","arcs":[[598,-598,-593,-586,599]],"properties":{"KEY_CODE":"28204208001","PREF":"28","CITY":"204","S_AREA":"208001","PREF_NAME":"兵庫県","CITY_NAME":"西宮市","S_NAME":"小松東町一丁目","KIGO_E":null,"HCODE":8101,"AREA":77660.321,"PERIMETER":1120.488,"R2KAxx":4636,"R2KAxx_ID":4635,"KIHON1":"2080","DUMMY1":"-","KIHON2":"01","KEYCODE1":"204208001","KEYCODE2":"204208001","AREA_MAX_F":"M","KIGO_D":null,"N_KEN":null,"N_CITY":null,"KIGO_I":null,"KBSUM":3,"JINKO":275,"SETAI":105,"X_CODE":135.381152,"Y_CODE":34.725422,"KCODE1":"2080-01"}},{"type":"Polygon","arcs":[[600,601,-599,602]],"properties":{"KEY_CODE":"28204208002","PREF":"28","CITY":"204","S_AREA":"208002","PREF_NAME":"兵庫県","CITY_NAME":"西宮市","S_NAME":"小松東町二丁目","KIGO_E":null,"HCODE":8101,"AREA":55435.272,"PERIMETER":1047.039,"R2KAxx":4637,"R2KAxx_ID":4636,"KIHON1":"2080","DUMMY1":"-","KIHON2":"02","KEYCODE1":"204208002","KEYCODE2":"204208002","AREA_MAX_F":"M","KIGO_D":null,"N_KEN":null,"N_CITY":null,"KIGO_I":null,"KBSUM":18,"JINKO":814,"SETAI":309,"X_CODE":135.381792,"Y_CODE":34.723613,"KCODE1":"2080-02"}},{"type":"Polygon","arcs":[[603,604,605,-601,606]],"properties":{"KEY_CODE":"28204208003","PREF":"28","CITY":"204","S_AREA":"208003","PREF_NAME":"兵庫県","CITY_NAME":"西宮市","S_NAME":"小松東町三丁目","KIGO_E":null,"HCODE":8101,"AREA":65795.504,"PERIMETER":1125.262,"R2KAxx":4638,"R2KAxx_ID":4637,"KIHON1":"2080","DUMMY1":"-","KIHON2":"03","KEYCODE1":"204208003","KEYCODE2":"204208003","AREA_MAX_F":"M","KIGO_D":null,"N_KEN":null,"N_CITY":null,"KIGO_I":null,"KBSUM":15,"JINKO":1090,"SETAI":499,"X_CODE":135.382201,"Y_CODE":34.722218,"KCODE1":"2080-03"}},{"type":"Polygon","arcs":[[607,608,-594,-602]],"properties":{"KEY_CODE":"28204211001","PREF":"28","CITY":"204","S_AREA":"211001","PREF_NAME":"兵庫県","CITY_NAME":"西宮市","S_NAME":"小松町一丁目","KIGO_E":null,"HCODE":8101,"AREA":42801.831,"PERIMETER":881.073,"R2KAxx":4639,"R2KAxx_ID":4638,"KIHON1":"2110","DUMMY1":"-","KIHON2":"01","KEYCODE1":"204211001","KEYCODE2":"204211001","AREA_MAX_F":"M","KIGO_D":null,"N_KEN":null,"N_CITY":null,"KIGO_I":null,"KBSUM":10,"JINKO":772,"SETAI":341,"X_CODE":135.378193,"Y_CODE":34.723546,"KCODE1":"2110-01"}},{"type":"Polygon","arcs":[[-608,-606,609,610,611]],"properties":{"KEY_CODE":"28204211002","PREF":"28","CITY":"204","S_AREA":"211002","PREF_NAME":"兵庫県","CITY_NAME":"西宮市","S_NAME":"小松町二丁目","KIGO_E":null,"HCODE":8101,"AREA":33530.164,"PERIMETER":835.549,"R2KAxx":4640,"R2KAxx_ID":4639,"KIHON1":"2110","DUMMY1":"-","KIHON2":"02","KEYCODE1":"204211002","KEYCODE2":"204211002","AREA_MAX_F":"M","KIGO_D":null,"N_KEN":null,"N_CITY":null,"KIGO_I":null,"KBSUM":8,"JINKO":462,"SETAI":263,"X_CODE":135.378328,"Y_CODE":34.722346,"KCODE1":"2110-02"}},{"type":"Polygon","arcs":[[612,613,-595,-609,-612]],"properties":{"KEY_CODE":"28204213001","PREF":"28","CITY":"204","S_AREA":"213001","PREF_NAME":"兵庫県","CITY_NAME":"西宮市","S_NAME":"小松西町一丁目","KIGO_E":null,"HCODE":8101,"AREA":25519.598,"PERIMETER":682.386,"R2KAxx":4641,"R2KAxx_ID":4640,"KIHON1":"2130","DUMMY1":"-","KIHON2":"01","KEYCODE1":"204213001","KEYCODE2":"204213001","AREA_MAX_F":"M","KIGO_D":null,"N_KEN":null,"N_CITY":null,"KIGO_I":null,"KBSUM":4,"JINKO":325,"SETAI":140,"X_CODE":135.376053,"Y_CODE":34.723063,"KCODE1":"2130-01"}},{"type":"Polygon","arcs":[[614,615,-613,616]],"properties":{"KEY_CODE":"28204213002","PREF":"28","CITY":"204","S_AREA":"213002","PREF_NAME":"兵庫県","CITY_NAME":"西宮市","S_NAME":"小松西町二丁目","KIGO_E":null,"HCODE":8101,"AREA":44546.453,"PERIMETER":942.327,"R2KAxx":4642,"R2KAxx_ID":4641,"KIHON1":"2130","DUMMY1":"-","KIHON2":"02","KEYCODE1":"204213002","KEYCODE2":"204213002","AREA_MAX_F":"M","KIGO_D":null,"N_KEN":null,"N_CITY":null,"KIGO_I":null,"KBSUM":14,"JINKO":1219,"SETAI":532,"X_CODE":135.37596,"Y_CODE":34.72055,"KCODE1":"2130-02"}},{"type":"Polygon","arcs":[[617,618,-604,619]],"properties":{"KEY_CODE":"28204215001","PREF":"28","CITY":"204","S_AREA":"215001","PREF_NAME":"兵庫県","CITY_NAME":"西宮市","S_NAME":"小松南町一丁目","KIGO_E":null,"HCODE":8101,"AREA":110558.353,"PERIMETER":1360.077,"R2KAxx":4643,"R2KAxx_ID":4642,"KIHON1":"2150","DUMMY1":"-","KIHON2":"01","KEYCODE1":"204215001","KEYCODE2":"204215001","AREA_MAX_F":"M","KIGO_D":null,"N_KEN":null,"N_CITY":null,"KIGO_I":null,"KBSUM":17,"JINKO":1104,"SETAI":554,"X_CODE":135.381743,"Y_CODE":34.720122,"KCODE1":"2150-01"}},{"type":"Polygon","arcs":[[620,621,622,-610,-605,-619]],"properties":{"KEY_CODE":"28204215002","PREF":"28","CITY":"204","S_AREA":"215002","PREF_NAME":"兵庫県","CITY_NAME":"西宮市","S_NAME":"小松南町二丁目","KIGO_E":null,"HCODE":8101,"AREA":35156.366,"PERIMETER":836.591,"R2KAxx":4644,"R2KAxx_ID":4643,"KIHON1":"2150","DUMMY1":"-","KIHON2":"02","KEYCODE1":"204215002","KEYCODE2":"204215002","AREA_MAX_F":"M","KIGO_D":null,"N_KEN":null,"N_CITY":null,"KIGO_I":null,"KBSUM":6,"JINKO":255,"SETAI":116,"X_CODE":135.379134,"Y_CODE":34.720439,"KCODE1":"2150-02"}},{"type":"Polygon","arcs":[[623,-617,-611,-623]],"properties":{"KEY_CODE":"28204215003","PREF":"28","CITY":"204","S_AREA":"215003","PREF_NAME":"兵庫県","CITY_NAME":"西宮市","S_NAME":"小松南町三丁目","KIGO_E":null,"HCODE":8101,"AREA":51037.637,"PERIMETER":955.451,"R2KAxx":4645,"R2KAxx_ID":4644,"KIHON1":"2150","DUMMY1":"-","KIHON2":"03","KEYCODE1":"204215003","KEYCODE2":"204215003","AREA_MAX_F":"M","KIGO_D":null,"N_KEN":null,"N_CITY":null,"KIGO_I":null,"KBSUM":9,"JINKO":851,"SETAI":379,"X_CODE":135.377599,"Y_CODE":34.720495,"KCODE1":"2150-03"}},{"type":"Polygon","arcs":[[624,625,626,-584,-589]],"properties":{"KEY_CODE":"28204218001","PREF":"28","CITY":"204","S_AREA":"218001","PREF_NAME":"兵庫県","CITY_NAME":"西宮市","S_NAME":"若草町一丁目","KIGO_E":null,"HCODE":8101,"AREA":66945.88,"PERIMETER":1075.6,"R2KAxx":4646,"R2KAxx_ID":4645,"KIHON1":"2180","DUMMY1":"-","KIHON2":"01","KEYCODE1":"204218001","KEYCODE2":"204218001","AREA_MAX_F":"M","KIGO_D":null,"N_KEN":null,"N_CITY":null,"KIGO_I":null,"KBSUM":12,"JINKO":1430,"SETAI":551,"X_CODE":135.374136,"Y_CODE":34.728697,"KCODE1":"2180-01"}},{"type":"Polygon","arcs":[[-597,627,628,629,630,-625,-588,-592]],"properties":{"KEY_CODE":"28204218002","PREF":"28","CITY":"204","S_AREA":"218002","PREF_NAME":"兵庫県","CITY_NAME":"西宮市","S_NAME":"若草町二丁目","KIGO_E":null,"HCODE":8101,"AREA":88102.25,"PERIMETER":1241.656,"R2KAxx":4647,"R2KAxx_ID":4646,"KIHON1":"2180","DUMMY1":"-","KIHON2":"02","KEYCODE1":"204218002","KEYCODE2":"204218002","AREA_MAX_F":"M","KIGO_D":null,"N_KEN":null,"N_CITY":null,"KIGO_I":null,"KBSUM":15,"JINKO":1837,"SETAI":731,"X_CODE":135.373594,"Y_CODE":34.726829,"KCODE1":"2180-02"}},{"type":"Polygon","arcs":[[631,632,633,634]],"properties":{"KEY_CODE":"282042200","PREF":"28","CITY":"204","S_AREA":"220000","PREF_NAME":"兵庫県","CITY_NAME":"西宮市","S_NAME":"花園町","KIGO_E":null,"HCODE":8101,"AREA":73541.328,"PERIMETER":1094.561,"R2KAxx":4648,"R2KAxx_ID":4647,"KIHON1":"2200","DUMMY1":"-","KIHON2":"00","KEYCODE1":"204220000","KEYCODE2":"2042200","AREA_MAX_F":"M","KIGO_D":null,"N_KEN":null,"N_CITY":null,"KIGO_I":null,"KBSUM":13,"JINKO":1355,"SETAI":554,"X_CODE":135.36931,"Y_CODE":34.725693,"KCODE1":"2200-00"}},{"type":"Polygon","arcs":[[635,636,637,638,639,-628,-596,-614]],"properties":{"KEY_CODE":"28204221001","PREF":"28","CITY":"204","S_AREA":"221001","PREF_NAME":"兵庫県","CITY_NAME":"西宮市","S_NAME":"学文殿町一丁目","KIGO_E":null,"HCODE":8101,"AREA":89867.588,"PERIMETER":1223.759,"R2KAxx":4649,"R2KAxx_ID":4648,"KIHON1":"2210","DUMMY1":"-","KIHON2":"01","KEYCODE1":"204221001","KEYCODE2":"204221001","AREA_MAX_F":"M","KIGO_D":null,"N_KEN":null,"N_CITY":null,"KIGO_I":null,"KBSUM":10,"JINKO":959,"SETAI":439,"X_CODE":135.373985,"Y_CODE":34.723708,"KCODE1":"2210-01"}},{"type":"Polygon","arcs":[[640,-635,-629,-640]],"properties":{"KEY_CODE":"28204221002","PREF":"28","CITY":"204","S_AREA":"221002","PREF_NAME":"兵庫県","CITY_NAME":"西宮市","S_NAME":"学文殿町二丁目","KIGO_E":null,"HCODE":8101,"AREA":79231.743,"PERIMETER":1168.021,"R2KAxx":4650,"R2KAxx_ID":4649,"KIHON1":"2210","DUMMY1":"-","KIHON2":"02","KEYCODE1":"204221002","KEYCODE2":"204221002","AREA_MAX_F":"M","KIGO_D":null,"N_KEN":null,"N_CITY":null,"KIGO_I":null,"KBSUM":8,"JINKO":405,"SETAI":167,"X_CODE":135.371793,"Y_CODE":34.724929,"KCODE1":"2210-02"}},{"type":"Polygon","arcs":[[641,642,-636,-616]],"properties":{"KEY_CODE":"28204223001","PREF":"28","CITY":"204","S_AREA":"223001","PREF_NAME":"兵庫県","CITY_NAME":"西宮市","S_NAME":"里中町一丁目","KIGO_E":null,"HCODE":8101,"AREA":46543.005,"PERIMETER":951.592,"R2KAxx":4651,"R2KAxx_ID":4650,"KIHON1":"2230","DUMMY1":"-","KIHON2":"01","KEYCODE1":"204223001","KEYCODE2":"204223001","AREA_MAX_F":"M","KIGO_D":null,"N_KEN":null,"N_CITY":null,"KIGO_I":null,"KBSUM":9,"JINKO":709,"SETAI":368,"X_CODE":135.374464,"Y_CODE":34.720654,"KCODE1":"2230-01"}},{"type":"Polygon","arcs":[[643,644,-637,-643]],"properties":{"KEY_CODE":"28204223002","PREF":"28","CITY":"204","S_AREA":"223002","PREF_NAME":"兵庫県","CITY_NAME":"西宮市","S_NAME":"里中町二丁目","KIGO_E":null,"HCODE":8101,"AREA":52717.004,"PERIMETER":1001.059,"R2KAxx":4652,"R2KAxx_ID":4651,"KIHON1":"2230","DUMMY1":"-","KIHON2":"02","KEYCODE1":"204223002","KEYCODE2":"204223002","AREA_MAX_F":"M","KIGO_D":null,"N_KEN":null,"N_CITY":null,"KIGO_I":null,"KBSUM":13,"JINKO":922,"SETAI":510,"X_CODE":135.372891,"Y_CODE":34.72075,"KCODE1":"2230-02"}},{"type":"Polygon","arcs":[[645,646,-638,-645]],"properties":{"KEY_CODE":"28204223003","PREF":"28","CITY":"204","S_AREA":"223003","PREF_NAME":"兵庫県","CITY_NAME":"西宮市","S_NAME":"里中町三丁目","KIGO_E":null,"HCODE":8101,"AREA":68342.934,"PERIMETER":1146.308,"R2KAxx":4653,"R2KAxx_ID":4652,"KIHON1":"2230","DUMMY1":"-","KIHON2":"03","KEYCODE1":"204223003","KEYCODE2":"204223003","AREA_MAX_F":"M","KIGO_D":null,"N_KEN":null,"N_CITY":null,"KIGO_I":null,"KBSUM":16,"JINKO":1089,"SETAI":663,"X_CODE":135.371204,"Y_CODE":34.721087,"KCODE1":"2230-03"}},{"type":"Polygon","arcs":[[647,648,649,-632,-641,-639,-647]],"properties":{"KEY_CODE":"282042260","PREF":"28","CITY":"204","S_AREA":"226000","PREF_NAME":"兵庫県","CITY_NAME":"西宮市","S_NAME":"上鳴尾町","KIGO_E":null,"HCODE":8101,"AREA":153133.049,"PERIMETER":1564.924,"R2KAxx":4654,"R2KAxx_ID":4653,"KIHON1":"2260","DUMMY1":"-","KIHON2":"00","KEYCODE1":"204226000","KEYCODE2":"2042260","AREA_MAX_F":"M","KIGO_D":null,"N_KEN":null,"N_CITY":null,"KIGO_I":null,"KBSUM":32,"JINKO":2026,"SETAI":974,"X_CODE":135.368649,"Y_CODE":34.722532,"KCODE1":"2260-00"}},{"type":"Polygon","arcs":[[-577,-582,-627,650,651]],"properties":{"KEY_CODE":"282042270","PREF":"28","CITY":"204","S_AREA":"227000","PREF_NAME":"兵庫県","CITY_NAME":"西宮市","S_NAME":"甲子園一番町","KIGO_E":null,"HCODE":8101,"AREA":92419.406,"PERIMETER":1281.934,"R2KAxx":4655,"R2KAxx_ID":4654,"KIHON1":"2270","DUMMY1":"-","KIHON2":"00","KEYCODE1":"204227000","KEYCODE2":"2042270","AREA_MAX_F":"M","KIGO_D":null,"N_KEN":null,"N_CITY":null,"KIGO_I":null,"KBSUM":15,"JINKO":1433,"SETAI":593,"X_CODE":135.374831,"Y_CODE":34.731113,"KCODE1":"2270-00"}},{"type":"Polygon","arcs":[[652,653,654,655,-651]],"properties":{"KEY_CODE":"282042280","PREF":"28","CITY":"204","S_AREA":"228000","PREF_NAME":"兵庫県","CITY_NAME":"西宮市","S_NAME":"甲子園二番町","KIGO_E":null,"HCODE":8101,"AREA":62078.511,"PERIMETER":1090.027,"R2KAxx":4656,"R2KAxx_ID":4655,"KIHON1":"2280","DUMMY1":"-","KIHON2":"00","KEYCODE1":"204228000","KEYCODE2":"2042280","AREA_MAX_F":"M","KIGO_D":null,"N_KEN":null,"N_CITY":null,"KIGO_I":null,"KBSUM":10,"JINKO":793,"SETAI":340,"X_CODE":135.372424,"Y_CODE":34.73153,"KCODE1":"2280-00"}},{"type":"Polygon","arcs":[[-626,-631,656,-560,657,-653]],"properties":{"KEY_CODE":"282042290","PREF":"28","CITY":"204","S_AREA":"229000","PREF_NAME":"兵庫県","CITY_NAME":"西宮市","S_NAME":"甲子園三番町","KIGO_E":null,"HCODE":8101,"AREA":91667.791,"PERIMETER":1330.08,"R2KAxx":4657,"R2KAxx_ID":4656,"KIHON1":"2290","DUMMY1":"-","KIHON2":"00","KEYCODE1":"204229000","KEYCODE2":"2042290","AREA_MAX_F":"M","KIGO_D":null,"N_KEN":null,"N_CITY":null,"KIGO_I":null,"KBSUM":17,"JINKO":1372,"SETAI":540,"X_CODE":135.3703,"Y_CODE":34.729579,"KCODE1":"2290-00"}},{"type":"Polygon","arcs":[[-630,-634,658,-561,-657]],"properties":{"KEY_CODE":"282042300","PREF":"28","CITY":"204","S_AREA":"230000","PREF_NAME":"兵庫県","CITY_NAME":"西宮市","S_NAME":"甲子園四番町","KIGO_E":null,"HCODE":8101,"AREA":82690.58,"PERIMETER":1320.493,"R2KAxx":4658,"R2KAxx_ID":4657,"KIHON1":"2300","DUMMY1":"-","KIHON2":"00","KEYCODE1":"204230000","KEYCODE2":"2042300","AREA_MAX_F":"M","KIGO_D":null,"N_KEN":null,"N_CITY":null,"KIGO_I":null,"KBSUM":17,"JINKO":1623,"SETAI":615,"X_CODE":135.368935,"Y_CODE":34.728106,"KCODE1":"2300-00"}},{"type":"Polygon","arcs":[[-633,659,-562,-659]],"properties":{"KEY_CODE":"282042310","PREF":"28","CITY":"204","S_AREA":"231000","PREF_NAME":"兵庫県","CITY_NAME":"西宮市","S_NAME":"甲子園五番町","KIGO_E":null,"HCODE":8101,"AREA":91290.877,"PERIMETER":1243.089,"R2KAxx":4659,"R2KAxx_ID":4658,"KIHON1":"2310","DUMMY1":"-","KIHON2":"00","KEYCODE1":"204231000","KEYCODE2":"2042310","AREA_MAX_F":"M","KIGO_D":null,"N_KEN":null,"N_CITY":null,"KIGO_I":null,"KBSUM":17,"JINKO":1655,"SETAI":729,"X_CODE":135.366482,"Y_CODE":34.726789,"KCODE1":"2310-00"}},{"type":"Polygon","arcs":[[660,-518,-660,-650]],"properties":{"KEY_CODE":"282042320","PREF":"28","CITY":"204","S_AREA":"232000","PREF_NAME":"兵庫県","CITY_NAME":"西宮市","S_NAME":"甲子園六番町","KIGO_E":null,"HCODE":8101,"AREA":98190.837,"PERIMETER":1261.11,"R2KAxx":4660,"R2KAxx_ID":4659,"KIHON1":"2320","DUMMY1":"-","KIHON2":"00","KEYCODE1":"204232000","KEYCODE2":"2042320","AREA_MAX_F":"M","KIGO_D":null,"N_KEN":null,"N_CITY":null,"KIGO_I":null,"KBSUM":24,"JINKO":1326,"SETAI":667,"X_CODE":135.365215,"Y_CODE":34.724456,"KCODE1":"2320-00"}},{"type":"Polygon","arcs":[[661,662,-526,-661,-649,663]],"properties":{"KEY_CODE":"282042330","PREF":"28","CITY":"204","S_AREA":"233000","PREF_NAME":"兵庫県","CITY_NAME":"西宮市","S_NAME":"甲子園七番町","KIGO_E":null,"HCODE":8101,"AREA":149201.9,"PERIMETER":1612.324,"R2KAxx":4661,"R2KAxx_ID":4660,"KIHON1":"2330","DUMMY1":"-","KIHON2":"00","KEYCODE1":"204233000","KEYCODE2":"2042330","AREA_MAX_F":"M","KIGO_D":null,"N_KEN":null,"N_CITY":null,"KIGO_I":null,"KBSUM":32,"JINKO":2206,"SETAI":1221,"X_CODE":135.36513,"Y_CODE":34.720992,"KCODE1":"2330-00"}},{"type":"Polygon","arcs":[[664,665,-662,666]],"properties":{"KEY_CODE":"282042340","PREF":"28","CITY":"204","S_AREA":"234000","PREF_NAME":"兵庫県","CITY_NAME":"西宮市","S_NAME":"甲子園八番町","KIGO_E":null,"HCODE":8101,"AREA":130536.381,"PERIMETER":1480.626,"R2KAxx":4662,"R2KAxx_ID":4661,"KIHON1":"2340","DUMMY1":"-","KIHON2":"00","KEYCODE1":"204234000","KEYCODE2":"2042340","AREA_MAX_F":"M","KIGO_D":null,"N_KEN":null,"N_CITY":null,"KIGO_I":null,"KBSUM":7,"JINKO":399,"SETAI":212,"X_CODE":135.363893,"Y_CODE":34.717963,"KCODE1":"2340-00"}},{"type":"Polygon","arcs":[[667,-665,668,669,670,671,672]],"properties":{"KEY_CODE":"282042350","PREF":"28","CITY":"204","S_AREA":"235000","PREF_NAME":"兵庫県","CITY_NAME":"西宮市","S_NAME":"甲子園九番町","KIGO_E":null,"HCODE":8101,"AREA":235277.943,"PERIMETER":2201.669,"R2KAxx":4663,"R2KAxx_ID":4662,"KIHON1":"2350","DUMMY1":"-","KIHON2":"00","KEYCODE1":"204235000","KEYCODE2":"2042350","AREA_MAX_F":"M","KIGO_D":null,"N_KEN":null,"N_CITY":null,"KIGO_I":null,"KBSUM":36,"JINKO":3386,"SETAI":1602,"X_CODE":135.362206,"Y_CODE":34.715213,"KCODE1":"2350-00"}},{"type":"Polygon","arcs":[[673,674,-621,-618,675]],"properties":{"KEY_CODE":"282042360","PREF":"28","CITY":"204","S_AREA":"236000","PREF_NAME":"兵庫県","CITY_NAME":"西宮市","S_NAME":"武庫川町","KIGO_E":null,"HCODE":8101,"AREA":150791.473,"PERIMETER":1530.05,"R2KAxx":4664,"R2KAxx_ID":4663,"KIHON1":"2360","DUMMY1":"-","KIHON2":"00","KEYCODE1":"204236000","KEYCODE2":"2042360","AREA_MAX_F":"M","KIGO_D":null,"N_KEN":null,"N_CITY":null,"KIGO_I":null,"KBSUM":14,"JINKO":363,"SETAI":116,"X_CODE":135.380061,"Y_CODE":34.717117,"KCODE1":"2360-00"}},{"type":"Polygon","arcs":[[676,677,-615,-624,-622,-675]],"properties":{"KEY_CODE":"282042370","PREF":"28","CITY":"204","S_AREA":"237000","PREF_NAME":"兵庫県","CITY_NAME":"西宮市","S_NAME":"池開町","KIGO_E":null,"HCODE":8101,"AREA":103243.383,"PERIMETER":1295.619,"R2KAxx":4665,"R2KAxx_ID":4664,"KIHON1":"2370","DUMMY1":"-","KIHON2":"00","KEYCODE1":"204237000","KEYCODE2":"2042370","AREA_MAX_F":"M","KIGO_D":null,"N_KEN":null,"N_CITY":null,"KIGO_I":null,"KBSUM":12,"JINKO":558,"SETAI":329,"X_CODE":135.376299,"Y_CODE":34.717707,"KCODE1":"2370-00"}},{"type":"Polygon","arcs":[[678,679,-674,680]],"properties":{"KEY_CODE":"28204238001","PREF":"28","CITY":"204","S_AREA":"238001","PREF_NAME":"兵庫県","CITY_NAME":"西宮市","S_NAME":"東鳴尾町一丁目","KIGO_E":null,"HCODE":8101,"AREA":163731.959,"PERIMETER":1623.166,"R2KAxx":4666,"R2KAxx_ID":4665,"KIHON1":"2380","DUMMY1":"-","KIHON2":"01","KEYCODE1":"204238001","KEYCODE2":"204238001","AREA_MAX_F":"M","KIGO_D":null,"N_KEN":null,"N_CITY":null,"KIGO_I":null,"KBSUM":16,"JINKO":1514,"SETAI":667,"X_CODE":135.37881,"Y_CODE":34.713604,"KCODE1":"2380-01"}},{"type":"Polygon","arcs":[[681,682,683,-679,684]],"properties":{"KEY_CODE":"28204238002","PREF":"28","CITY":"204","S_AREA":"238002","PREF_NAME":"兵庫県","CITY_NAME":"西宮市","S_NAME":"東鳴尾町二丁目","KIGO_E":null,"HCODE":8101,"AREA":147794.164,"PERIMETER":1538.125,"R2KAxx":4667,"R2KAxx_ID":4666,"KIHON1":"2380","DUMMY1":"-","KIHON2":"02","KEYCODE1":"204238002","KEYCODE2":"204238002","AREA_MAX_F":"M","KIGO_D":null,"N_KEN":null,"N_CITY":null,"KIGO_I":null,"KBSUM":28,"JINKO":2125,"SETAI":920,"X_CODE":135.377655,"Y_CODE":34.710192,"KCODE1":"2380-02"}},{"type":"Polygon","arcs":[[685,686,687,688,-677,-680,-684]],"properties":{"KEY_CODE":"282042400","PREF":"28","CITY":"204","S_AREA":"240000","PREF_NAME":"兵庫県","CITY_NAME":"西宮市","S_NAME":"笠屋町","KIGO_E":null,"HCODE":8101,"AREA":186768.424,"PERIMETER":1806.246,"R2KAxx":4668,"R2KAxx_ID":4667,"KIHON1":"2400","DUMMY1":"-","KIHON2":"00","KEYCODE1":"204240000","KEYCODE2":"2042400","AREA_MAX_F":"M","KIGO_D":null,"N_KEN":null,"N_CITY":null,"KIGO_I":null,"KBSUM":46,"JINKO":2808,"SETAI":1474,"X_CODE":135.374836,"Y_CODE":34.713796,"KCODE1":"2400-00"}},{"type":"Polygon","arcs":[[689,690,-682,691]],"properties":{"KEY_CODE":"282042410","PREF":"28","CITY":"204","S_AREA":"241000","PREF_NAME":"兵庫県","CITY_NAME":"西宮市","S_NAME":"上田東町","KIGO_E":null,"HCODE":8101,"AREA":199450.188,"PERIMETER":1994.171,"R2KAxx":4669,"R2KAxx_ID":4668,"KIHON1":"2410","DUMMY1":"-","KIHON2":"00","KEYCODE1":"204241000","KEYCODE2":"2042410","AREA_MAX_F":"M","KIGO_D":null,"N_KEN":null,"N_CITY":null,"KIGO_I":null,"KBSUM":20,"JINKO":1331,"SETAI":664,"X_CODE":135.376311,"Y_CODE":34.706117,"KCODE1":"2410-00"}},{"type":"Polygon","arcs":[[692,693,694,695,-686,-683,-691]],"properties":{"KEY_CODE":"282042420","PREF":"28","CITY":"204","S_AREA":"242000","PREF_NAME":"兵庫県","CITY_NAME":"西宮市","S_NAME":"上田中町","KIGO_E":null,"HCODE":8101,"AREA":172687.317,"PERIMETER":1818.865,"R2KAxx":4670,"R2KAxx_ID":4669,"KIHON1":"2420","DUMMY1":"-","KIHON2":"00","KEYCODE1":"204242000","KEYCODE2":"2042420","AREA_MAX_F":"M","KIGO_D":null,"N_KEN":null,"N_CITY":null,"KIGO_I":null,"KBSUM":30,"JINKO":2815,"SETAI":1168,"X_CODE":135.373372,"Y_CODE":34.708829,"KCODE1":"2420-00"}},{"type":"Polygon","arcs":[[696,697,698,699,700,-687,-696]],"properties":{"KEY_CODE":"282042430","PREF":"28","CITY":"204","S_AREA":"243000","PREF_NAME":"兵庫県","CITY_NAME":"西宮市","S_NAME":"上田西町","KIGO_E":null,"HCODE":8101,"AREA":104072.055,"PERIMETER":1501.826,"R2KAxx":4671,"R2KAxx_ID":4670,"KIHON1":"2430","DUMMY1":"-","KIHON2":"00","KEYCODE1":"204243000","KEYCODE2":"2042430","AREA_MAX_F":"M","KIGO_D":null,"N_KEN":null,"N_CITY":null,"KIGO_I":null,"KBSUM":12,"JINKO":1085,"SETAI":514,"X_CODE":135.370958,"Y_CODE":34.711007,"KCODE1":"2430-00"}},{"type":"Polygon","arcs":[[701,702,703,-697,-695,693,-693,-690,704]],"properties":{"KEY_CODE":"28204244001","PREF":"28","CITY":"204","S_AREA":"244001","PREF_NAME":"兵庫県","CITY_NAME":"西宮市","S_NAME":"高須町一丁目","KIGO_E":null,"HCODE":8101,"AREA":602915.427,"PERIMETER":3407.942,"R2KAxx":4672,"R2KAxx_ID":4671,"KIHON1":"2440","DUMMY1":"-","KIHON2":"01","KEYCODE1":"204244001","KEYCODE2":"204244001","AREA_MAX_F":"M","KIGO_D":null,"N_KEN":null,"N_CITY":null,"KIGO_I":null,"KBSUM":110,"JINKO":11634,"SETAI":5666,"X_CODE":135.37187,"Y_CODE":34.701871,"KCODE1":"2440-01"}},{"type":"Polygon","arcs":[[705,706,-698,-704]],"properties":{"KEY_CODE":"28204244002","PREF":"28","CITY":"204","S_AREA":"244002","PREF_NAME":"兵庫県","CITY_NAME":"西宮市","S_NAME":"高須町二丁目","KIGO_E":null,"HCODE":8101,"AREA":264801.135,"PERIMETER":2147.535,"R2KAxx":4673,"R2KAxx_ID":4672,"KIHON1":"2440","DUMMY1":"-","KIHON2":"02","KEYCODE1":"204244002","KEYCODE2":"204244002","AREA_MAX_F":"M","KIGO_D":null,"N_KEN":null,"N_CITY":null,"KIGO_I":null,"KBSUM":56,"JINKO":6391,"SETAI":2963,"X_CODE":135.367712,"Y_CODE":34.706535,"KCODE1":"2440-02"}},{"type":"Polygon","arcs":[[707,708,-644,-642,-678,-689]],"properties":{"KEY_CODE":"28204247001","PREF":"28","CITY":"204","S_AREA":"247001","PREF_NAME":"兵庫県","CITY_NAME":"西宮市","S_NAME":"鳴尾町一丁目","KIGO_E":null,"HCODE":8101,"AREA":123403.313,"PERIMETER":1447.906,"R2KAxx":4674,"R2KAxx_ID":4673,"KIHON1":"2470","DUMMY1":"-","KIHON2":"01","KEYCODE1":"204247001","KEYCODE2":"204247001","AREA_MAX_F":"M","KIGO_D":null,"N_KEN":null,"N_CITY":null,"KIGO_I":null,"KBSUM":30,"JINKO":1528,"SETAI":1013,"X_CODE":135.372643,"Y_CODE":34.717481,"KCODE1":"2470-01"}},{"type":"Polygon","arcs":[[-701,709,710,-708,-688]],"properties":{"KEY_CODE":"28204247002","PREF":"28","CITY":"204","S_AREA":"247002","PREF_NAME":"兵庫県","CITY_NAME":"西宮市","S_NAME":"鳴尾町二丁目","KIGO_E":null,"HCODE":8101,"AREA":99616.773,"PERIMETER":1289.847,"R2KAxx":4675,"R2KAxx_ID":4674,"KIHON1":"2470","DUMMY1":"-","KIHON2":"02","KEYCODE1":"204247002","KEYCODE2":"204247002","AREA_MAX_F":"M","KIGO_D":null,"N_KEN":null,"N_CITY":null,"KIGO_I":null,"KBSUM":26,"JINKO":1369,"SETAI":677,"X_CODE":135.371219,"Y_CODE":34.71474,"KCODE1":"2470-02"}},{"type":"Polygon","arcs":[[711,712,-646,-709]],"properties":{"KEY_CODE":"28204247003","PREF":"28","CITY":"204","S_AREA":"247003","PREF_NAME":"兵庫県","CITY_NAME":"西宮市","S_NAME":"鳴尾町三丁目","KIGO_E":null,"HCODE":8101,"AREA":61616.96,"PERIMETER":1040.903,"R2KAxx":4676,"R2KAxx_ID":4675,"KIHON1":"2470","DUMMY1":"-","KIHON2":"03","KEYCODE1":"204247003","KEYCODE2":"204247003","AREA_MAX_F":"M","KIGO_D":null,"N_KEN":null,"N_CITY":null,"KIGO_I":null,"KBSUM":18,"JINKO":859,"SETAI":516,"X_CODE":135.369886,"Y_CODE":34.718334,"KCODE1":"2470-03"}},{"type":"Polygon","arcs":[[713,714,-712,-711]],"properties":{"KEY_CODE":"28204247004","PREF":"28","CITY":"204","S_AREA":"247004","PREF_NAME":"兵庫県","CITY_NAME":"西宮市","S_NAME":"鳴尾町四丁目","KIGO_E":null,"HCODE":8101,"AREA":68526.482,"PERIMETER":1053.541,"R2KAxx":4677,"R2KAxx_ID":4676,"KIHON1":"2470","DUMMY1":"-","KIHON2":"04","KEYCODE1":"204247004","KEYCODE2":"204247004","AREA_MAX_F":"M","KIGO_D":null,"N_KEN":null,"N_CITY":null,"KIGO_I":null,"KBSUM":18,"JINKO":1301,"SETAI":566,"X_CODE":135.368395,"Y_CODE":34.716034,"KCODE1":"2470-04"}},{"type":"Polygon","arcs":[[715,-669,-667,-664,-648,-713,-715]],"properties":{"KEY_CODE":"28204247005","PREF":"28","CITY":"204","S_AREA":"247005","PREF_NAME":"兵庫県","CITY_NAME":"西宮市","S_NAME":"鳴尾町五丁目","KIGO_E":null,"HCODE":8101,"AREA":96415.63,"PERIMETER":1544.407,"R2KAxx":4678,"R2KAxx_ID":4677,"KIHON1":"2470","DUMMY1":"-","KIHON2":"05","KEYCODE1":"204247005","KEYCODE2":"204247005","AREA_MAX_F":"M","KIGO_D":null,"N_KEN":null,"N_CITY":null,"KIGO_I":null,"KBSUM":16,"JINKO":1194,"SETAI":677,"X_CODE":135.367295,"Y_CODE":34.718103,"KCODE1":"2470-05"}},{"type":"Polygon","arcs":[[716,717,-670,-716,-714,-710,-700]],"properties":{"KEY_CODE":"282042520","PREF":"28","CITY":"204","S_AREA":"252000","PREF_NAME":"兵庫県","CITY_NAME":"西宮市","S_NAME":"古川町","KIGO_E":null,"HCODE":8101,"AREA":134004.389,"PERIMETER":1478.016,"R2KAxx":4679,"R2KAxx_ID":4678,"KIHON1":"2520","DUMMY1":"-","KIHON2":"00","KEYCODE1":"204252000","KEYCODE2":"2042520","AREA_MAX_F":"M","KIGO_D":null,"N_KEN":null,"N_CITY":null,"KIGO_I":null,"KBSUM":12,"JINKO":833,"SETAI":495,"X_CODE":135.368003,"Y_CODE":34.713173,"KCODE1":"2520-00"}},{"type":"Polygon","arcs":[[-718,718,719,-671]],"properties":{"KEY_CODE":"282042530","PREF":"28","CITY":"204","S_AREA":"253000","PREF_NAME":"兵庫県","CITY_NAME":"西宮市","S_NAME":"枝川町","KIGO_E":null,"HCODE":8101,"AREA":700550.1,"PERIMETER":3640.487,"R2KAxx":4680,"R2KAxx_ID":4679,"KIHON1":"2530","DUMMY1":"-","KIHON2":"00","KEYCODE1":"204253000","KEYCODE2":"2042530","AREA_MAX_F":"M","KIGO_D":null,"N_KEN":null,"N_CITY":null,"KIGO_I":null,"KBSUM":72,"JINKO":4624,"SETAI":2134,"X_CODE":135.362013,"Y_CODE":34.710183,"KCODE1":"2530-00"}},{"type":"Polygon","arcs":[[-668,720,721,722,-534,-530,-527,-663,-666]],"properties":{"KEY_CODE":"282042540","PREF":"28","CITY":"204","S_AREA":"254000","PREF_NAME":"兵庫県","CITY_NAME":"西宮市","S_NAME":"甲子園町","KIGO_E":null,"HCODE":8101,"AREA":226971.292,"PERIMETER":2218.365,"R2KAxx":4681,"R2KAxx_ID":4680,"KIHON1":"2540","DUMMY1":"-","KIHON2":"00","KEYCODE1":"204254000","KEYCODE2":"2042540","AREA_MAX_F":"M","KIGO_D":null,"N_KEN":null,"N_CITY":null,"KIGO_I":null,"KBSUM":38,"JINKO":2655,"SETAI":1229,"X_CODE":135.360025,"Y_CODE":34.720495,"KCODE1":"2540-00"}},{"type":"Polygon","arcs":[[723,724,725,-721,-673]],"properties":{"KEY_CODE":"28204255001","PREF":"28","CITY":"204","S_AREA":"255001","PREF_NAME":"兵庫県","CITY_NAME":"西宮市","S_NAME":"南甲子園一丁目","KIGO_E":null,"HCODE":8101,"AREA":113158.781,"PERIMETER":1376.229,"R2KAxx":4682,"R2KAxx_ID":4681,"KIHON1":"2550","DUMMY1":"-","KIHON2":"01","KEYCODE1":"204255001","KEYCODE2":"204255001","AREA_MAX_F":"M","KIGO_D":null,"N_KEN":null,"N_CITY":null,"KIGO_I":null,"KBSUM":34,"JINKO":3308,"SETAI":1153,"X_CODE":135.357976,"Y_CODE":34.717151,"KCODE1":"2550-01"}},{"type":"Polygon","arcs":[[726,727,728,-722,-726,729]],"properties":{"KEY_CODE":"28204255002","PREF":"28","CITY":"204","S_AREA":"255002","PREF_NAME":"兵庫県","CITY_NAME":"西宮市","S_NAME":"南甲子園二丁目","KIGO_E":null,"HCODE":8101,"AREA":121566.101,"PERIMETER":1433.519,"R2KAxx":4683,"R2KAxx_ID":4682,"KIHON1":"2550","DUMMY1":"-","KIHON2":"02","KEYCODE1":"204255002","KEYCODE2":"204255002","AREA_MAX_F":"M","KIGO_D":null,"N_KEN":null,"N_CITY":null,"KIGO_I":null,"KBSUM":24,"JINKO":2014,"SETAI":809,"X_CODE":135.355256,"Y_CODE":34.718442,"KCODE1":"2550-02"}},{"type":"Polygon","arcs":[[730,-535,-723,-729]],"properties":{"KEY_CODE":"28204255003","PREF":"28","CITY":"204","S_AREA":"255003","PREF_NAME":"兵庫県","CITY_NAME":"西宮市","S_NAME":"南甲子園三丁目","KIGO_E":null,"HCODE":8101,"AREA":69547.04,"PERIMETER":1162.824,"R2KAxx":4684,"R2KAxx_ID":4683,"KIHON1":"2550","DUMMY1":"-","KIHON2":"03","KEYCODE1":"204255003","KEYCODE2":"204255003","AREA_MAX_F":"M","KIGO_D":null,"N_KEN":null,"N_CITY":null,"KIGO_I":null,"KBSUM":13,"JINKO":1140,"SETAI":440,"X_CODE":135.353188,"Y_CODE":34.719732,"KCODE1":"2550-03"}},{"type":"Polygon","arcs":[[731,732,-724,-672,-720]],"properties":{"KEY_CODE":"28204258001","PREF":"28","CITY":"204","S_AREA":"258001","PREF_NAME":"兵庫県","CITY_NAME":"西宮市","S_NAME":"浜甲子園一丁目","KIGO_E":null,"HCODE":8101,"AREA":85364.955,"PERIMETER":1257.137,"R2KAxx":4685,"R2KAxx_ID":4684,"KIHON1":"2580","DUMMY1":"-","KIHON2":"01","KEYCODE1":"204258001","KEYCODE2":"204258001","AREA_MAX_F":"M","KIGO_D":null,"N_KEN":null,"N_CITY":null,"KIGO_I":null,"KBSUM":18,"JINKO":1341,"SETAI":519,"X_CODE":135.356716,"Y_CODE":34.713184,"KCODE1":"2580-01"}},{"type":"Polygon","arcs":[[733,734,-730,-725,-733]],"properties":{"KEY_CODE":"28204258002","PREF":"28","CITY":"204","S_AREA":"258002","PREF_NAME":"兵庫県","CITY_NAME":"西宮市","S_NAME":"浜甲子園二丁目","KIGO_E":null,"HCODE":8101,"AREA":108137.419,"PERIMETER":1331.679,"R2KAxx":4686,"R2KAxx_ID":4685,"KIHON1":"2580","DUMMY1":"-","KIHON2":"02","KEYCODE1":"204258002","KEYCODE2":"204258002","AREA_MAX_F":"M","KIGO_D":null,"N_KEN":null,"N_CITY":null,"KIGO_I":null,"KBSUM":18,"JINKO":1541,"SETAI":630,"X_CODE":135.354766,"Y_CODE":34.714565,"KCODE1":"2580-02"}},{"type":"Polygon","arcs":[[-735,735,736,737,-727]],"properties":{"KEY_CODE":"28204258003","PREF":"28","CITY":"204","S_AREA":"258003","PREF_NAME":"兵庫県","CITY_NAME":"西宮市","S_NAME":"浜甲子園三丁目","KIGO_E":null,"HCODE":8101,"AREA":82485.733,"PERIMETER":1205.168,"R2KAxx":4687,"R2KAxx_ID":4686,"KIHON1":"2580","DUMMY1":"-","KIHON2":"03","KEYCODE1":"204258003","KEYCODE2":"204258003","AREA_MAX_F":"M","KIGO_D":null,"N_KEN":null,"N_CITY":null,"KIGO_I":null,"KBSUM":12,"JINKO":1293,"SETAI":542,"X_CODE":135.352463,"Y_CODE":34.716017,"KCODE1":"2580-03"}},{"type":"Polygon","arcs":[[-728,-738,738,-554,-531,-731]],"properties":{"KEY_CODE":"28204258004","PREF":"28","CITY":"204","S_AREA":"258004","PREF_NAME":"兵庫県","CITY_NAME":"西宮市","S_NAME":"浜甲子園四丁目","KIGO_E":null,"HCODE":8101,"AREA":88047.596,"PERIMETER":1246.506,"R2KAxx":4688,"R2KAxx_ID":4687,"KIHON1":"2580","DUMMY1":"-","KIHON2":"04","KEYCODE1":"204258004","KEYCODE2":"204258004","AREA_MAX_F":"M","KIGO_D":null,"N_KEN":null,"N_CITY":null,"KIGO_I":null,"KBSUM":16,"JINKO":1367,"SETAI":501,"X_CODE":135.35042,"Y_CODE":34.717864,"KCODE1":"2580-04"}},{"type":"Polygon","arcs":[[739,740,741,742]],"properties":{"KEY_CODE":"28204265001","PREF":"28","CITY":"204","S_AREA":"265001","PREF_NAME":"兵庫県","CITY_NAME":"西宮市","S_NAME":"甲子園浜一丁目","KIGO_E":null,"HCODE":8101,"AREA":449408.343,"PERIMETER":3257.417,"R2KAxx":4689,"R2KAxx_ID":4688,"KIHON1":"2650","DUMMY1":"-","KIHON2":"01","KEYCODE1":"204265001","KEYCODE2":"204265001","AREA_MAX_F":"M","KIGO_D":null,"N_KEN":null,"N_CITY":null,"KIGO_I":null,"KBSUM":1,"JINKO":0,"SETAI":0,"X_CODE":135.3483,"Y_CODE":34.708592,"KCODE1":"2650-01"}},{"type":"Polygon","arcs":[[-741,743]],"properties":{"KEY_CODE":"28204265002","PREF":"28","CITY":"204","S_AREA":"265002","PREF_NAME":"兵庫県","CITY_NAME":"西宮市","S_NAME":"甲子園浜二丁目","KIGO_E":null,"HCODE":8101,"AREA":257903.04,"PERIMETER":3421.641,"R2KAxx":4690,"R2KAxx_ID":4689,"KIHON1":"2650","DUMMY1":"-","KIHON2":"02","KEYCODE1":"204265002","KEYCODE2":"204265002","AREA_MAX_F":"M","KIGO_D":null,"N_KEN":null,"N_CITY":null,"KIGO_I":null,"KBSUM":1,"JINKO":0,"SETAI":0,"X_CODE":135.344927,"Y_CODE":34.710115,"KCODE1":"2650-02"}},{"type":"Polygon","arcs":[[-739,-737,744,-743,745,-555]],"properties":{"KEY_CODE":"28204265003","PREF":"28","CITY":"204","S_AREA":"265003","PREF_NAME":"兵庫県","CITY_NAME":"西宮市","S_NAME":"甲子園浜三丁目","KIGO_E":null,"HCODE":8101,"AREA":112981.352,"PERIMETER":1718.912,"R2KAxx":4691,"R2KAxx_ID":4690,"KIHON1":"2650","DUMMY1":"-","KIHON2":"03","KEYCODE1":"204265003","KEYCODE2":"204265003","AREA_MAX_F":"M","KIGO_D":null,"N_KEN":null,"N_CITY":null,"KIGO_I":null,"KBSUM":1,"JINKO":0,"SETAI":0,"X_CODE":135.347196,"Y_CODE":34.717088,"KCODE1":"2650-03"}},{"type":"Polygon","arcs":[[-706,-703,746,747,748,749]],"properties":{"KEY_CODE":"28204271001","PREF":"28","CITY":"204","S_AREA":"271001","PREF_NAME":"兵庫県","CITY_NAME":"西宮市","S_NAME":"鳴尾浜一丁目","KIGO_E":null,"HCODE":8101,"AREA":757807.645,"PERIMETER":5079.961,"R2KAxx":4692,"R2KAxx_ID":4691,"KIHON1":"2710","DUMMY1":"-","KIHON2":"01","KEYCODE1":"204271001","KEYCODE2":"204271001","AREA_MAX_F":"M","KIGO_D":null,"N_KEN":null,"N_CITY":null,"KIGO_I":null,"KBSUM":2,"JINKO":22,"SETAI":22,"X_CODE":135.36491,"Y_CODE":34.699121,"KCODE1":"2710-01"}},{"type":"Polygon","arcs":[[750,751,-748]],"properties":{"KEY_CODE":"28204271002","PREF":"28","CITY":"204","S_AREA":"271002","PREF_NAME":"兵庫県","CITY_NAME":"西宮市","S_NAME":"鳴尾浜二丁目","KIGO_E":null,"HCODE":8101,"AREA":319566.935,"PERIMETER":3930.174,"R2KAxx":4693,"R2KAxx_ID":4692,"KIHON1":"2710","DUMMY1":"-","KIHON2":"02","KEYCODE1":"204271002","KEYCODE2":"204271002","AREA_MAX_F":"M","KIGO_D":null,"N_KEN":null,"N_CITY":null,"KIGO_I":null,"KBSUM":1,"JINKO":0,"SETAI":0,"X_CODE":135.364508,"Y_CODE":34.692314,"KCODE1":"2710-02"}},{"type":"Polygon","arcs":[[-752,752,-749]],"properties":{"KEY_CODE":"28204271003","PREF":"28","CITY":"204","S_AREA":"271003","PREF_NAME":"兵庫県","CITY_NAME":"西宮市","S_NAME":"鳴尾浜三丁目","KIGO_E":null,"HCODE":8101,"AREA":378681.663,"PERIMETER":2580.31,"R2KAxx":4694,"R2KAxx_ID":4693,"KIHON1":"2710","DUMMY1":"-","KIHON2":"03","KEYCODE1":"204271003","KEYCODE2":"204271003","AREA_MAX_F":"M","KIGO_D":null,"N_KEN":null,"N_CITY":null,"KIGO_I":null,"KBSUM":1,"JINKO":0,"SETAI":0,"X_CODE":135.358773,"Y_CODE":34.695518,"KCODE1":"2710-03"}},{"type":"Polygon","arcs":[[-447,-569,-574,-575,-570,-566,-449,-553,-551,-556,-746,-742,-744,-740,-745,-736,-734,-732,-719,-717,-699,-707,-750,-753,-751,-747,-702,753,-361,-396,-395,-392]],"properties":{"KEY_CODE":"282042740","PREF":"28","CITY":"204","S_AREA":"274000","PREF_NAME":"兵庫県","CITY_NAME":"西宮市","S_NAME":"重要湾口尼崎，西宮，芦屋港","KIGO_E":null,"HCODE":8154,"AREA":16099599.631,"PERIMETER":42450.201,"R2KAxx":10037,"R2KAxx_ID":10036,"KIHON1":"2740","DUMMY1":"-","KIHON2":"00","KEYCODE1":"204274000","KEYCODE2":"2042740","AREA_MAX_F":"M","KIGO_D":null,"N_KEN":null,"N_CITY":null,"KIGO_I":null,"KBSUM":1,"JINKO":0,"SETAI":0,"X_CODE":135.343369,"Y_CODE":34.692227,"KCODE1":"2740-00"}},{"type":"Polygon","arcs":[[754,755,756,757,758]],"properties":{"KEY_CODE":"282043010","PREF":"28","CITY":"204","S_AREA":"301000","PREF_NAME":"兵庫県","CITY_NAME":"西宮市","S_NAME":"堤町","KIGO_E":null,"HCODE":8101,"AREA":201338.463,"PERIMETER":2303.92,"R2KAxx":4695,"R2KAxx_ID":4694,"KIHON1":"3010","DUMMY1":"-","KIHON2":"00","KEYCODE1":"204301000","KEYCODE2":"2043010","AREA_MAX_F":"M","KIGO_D":null,"N_KEN":null,"N_CITY":null,"KIGO_I":null,"KBSUM":11,"JINKO":1510,"SETAI":536,"X_CODE":135.371602,"Y_CODE":34.757863,"KCODE1":"3010-00"}},{"type":"Polygon","arcs":[[759,760,761,762,-755]],"properties":{"KEY_CODE":"282043020","PREF":"28","CITY":"204","S_AREA":"302000","PREF_NAME":"兵庫県","CITY_NAME":"西宮市","S_NAME":"上之町","KIGO_E":null,"HCODE":8101,"AREA":217127.749,"PERIMETER":2114.145,"R2KAxx":4696,"R2KAxx_ID":4695,"KIHON1":"3020","DUMMY1":"-","KIHON2":"00","KEYCODE1":"204302000","KEYCODE2":"2043020","AREA_MAX_F":"M","KIGO_D":null,"N_KEN":null,"N_CITY":null,"KIGO_I":null,"KBSUM":38,"JINKO":2712,"SETAI":1075,"X_CODE":135.370508,"Y_CODE":34.753754,"KCODE1":"3020-00"}},{"type":"Polygon","arcs":[[763,764,765,766,-761,767]],"properties":{"KEY_CODE":"282043030","PREF":"28","CITY":"204","S_AREA":"303000","PREF_NAME":"兵庫県","CITY_NAME":"西宮市","S_NAME":"日野町","KIGO_E":null,"HCODE":8101,"AREA":246300.005,"PERIMETER":2283.118,"R2KAxx":4697,"R2KAxx_ID":4696,"KIHON1":"3030","DUMMY1":"-","KIHON2":"00","KEYCODE1":"204303000","KEYCODE2":"2043030","AREA_MAX_F":"M","KIGO_D":null,"N_KEN":null,"N_CITY":null,"KIGO_I":null,"KBSUM":24,"JINKO":2201,"SETAI":746,"X_CODE":135.372345,"Y_CODE":34.750307,"KCODE1":"3030-00"}},{"type":"Polygon","arcs":[[-763,768,769,770,771,772,-756]],"properties":{"KEY_CODE":"282043040","PREF":"28","CITY":"204","S_AREA":"304000","PREF_NAME":"兵庫県","CITY_NAME":"西宮市","S_NAME":"荒木町","KIGO_E":null,"HCODE":8101,"AREA":119253.72,"PERIMETER":1876.646,"R2KAxx":4698,"R2KAxx_ID":4697,"KIHON1":"3040","DUMMY1":"-","KIHON2":"00","KEYCODE1":"204304000","KEYCODE2":"2043040","AREA_MAX_F":"M","KIGO_D":null,"N_KEN":null,"N_CITY":null,"KIGO_I":null,"KBSUM":23,"JINKO":1356,"SETAI":473,"X_CODE":135.367032,"Y_CODE":34.754986,"KCODE1":"3040-00"}},{"type":"Polygon","arcs":[[773,774,775,776,-769,-762,-767]],"properties":{"KEY_CODE":"282043050","PREF":"28","CITY":"204","S_AREA":"305000","PREF_NAME":"兵庫県","CITY_NAME":"西宮市","S_NAME":"大森町","KIGO_E":null,"HCODE":8101,"AREA":152852.5,"PERIMETER":1763.375,"R2KAxx":4699,"R2KAxx_ID":4698,"KIHON1":"3050","DUMMY1":"-","KIHON2":"00","KEYCODE1":"204305000","KEYCODE2":"2043050","AREA_MAX_F":"M","KIGO_D":null,"N_KEN":null,"N_CITY":null,"KIGO_I":null,"KBSUM":25,"JINKO":2680,"SETAI":1031,"X_CODE":135.367572,"Y_CODE":34.749675,"KCODE1":"3050-00"}},{"type":"Polygon","arcs":[[-771,777,778,779,780]],"properties":{"KEY_CODE":"282043060","PREF":"28","CITY":"204","S_AREA":"306000","PREF_NAME":"兵庫県","CITY_NAME":"西宮市","S_NAME":"薬師町","KIGO_E":null,"HCODE":8101,"AREA":169072.83,"PERIMETER":1690.695,"R2KAxx":4700,"R2KAxx_ID":4699,"KIHON1":"3060","DUMMY1":"-","KIHON2":"00","KEYCODE1":"204306000","KEYCODE2":"2043060","AREA_MAX_F":"M","KIGO_D":null,"N_KEN":null,"N_CITY":null,"KIGO_I":null,"KBSUM":20,"JINKO":2523,"SETAI":909,"X_CODE":135.363627,"Y_CODE":34.753994,"KCODE1":"3060-00"}},{"type":"Polygon","arcs":[[781,-779,782,783,784,785]],"properties":{"KEY_CODE":"282043070","PREF":"28","CITY":"204","S_AREA":"307000","PREF_NAME":"兵庫県","CITY_NAME":"西宮市","S_NAME":"伏原町","KIGO_E":null,"HCODE":8101,"AREA":101662.67,"PERIMETER":1274.847,"R2KAxx":4701,"R2KAxx_ID":4700,"KIHON1":"3070","DUMMY1":"-","KIHON2":"00","KEYCODE1":"204307000","KEYCODE2":"2043070","AREA_MAX_F":"M","KIGO_D":null,"N_KEN":null,"N_CITY":null,"KIGO_I":null,"KBSUM":16,"JINKO":2090,"SETAI":778,"X_CODE":135.359252,"Y_CODE":34.753852,"KCODE1":"3070-00"}},{"type":"Polygon","arcs":[[-770,-777,786,787,-778]],"properties":{"KEY_CODE":"282043080","PREF":"28","CITY":"204","S_AREA":"308000","PREF_NAME":"兵庫県","CITY_NAME":"西宮市","S_NAME":"高木東町","KIGO_E":null,"HCODE":8101,"AREA":178203.509,"PERIMETER":1760.649,"R2KAxx":4702,"R2KAxx_ID":4701,"KIHON1":"3080","DUMMY1":"-","KIHON2":"00","KEYCODE1":"204308000","KEYCODE2":"2043080","AREA_MAX_F":"M","KIGO_D":null,"N_KEN":null,"N_CITY":null,"KIGO_I":null,"KBSUM":38,"JINKO":2681,"SETAI":1104,"X_CODE":135.363305,"Y_CODE":34.750416,"KCODE1":"3080-00"}},{"type":"Polygon","arcs":[[788,789,-783,-788]],"properties":{"KEY_CODE":"282043090","PREF":"28","CITY":"204","S_AREA":"309000","PREF_NAME":"兵庫県","CITY_NAME":"西宮市","S_NAME":"高木西町","KIGO_E":null,"HCODE":8101,"AREA":112404.091,"PERIMETER":1441.645,"R2KAxx":4703,"R2KAxx_ID":4702,"KIHON1":"3090","DUMMY1":"-","KIHON2":"00","KEYCODE1":"204309000","KEYCODE2":"2043090","AREA_MAX_F":"M","KIGO_D":null,"N_KEN":null,"N_CITY":null,"KIGO_I":null,"KBSUM":30,"JINKO":1495,"SETAI":695,"X_CODE":135.359965,"Y_CODE":34.750088,"KCODE1":"3090-00"}},{"type":"Polygon","arcs":[[790,791,792,793,-789,-787,-776]],"properties":{"KEY_CODE":"282043100","PREF":"28","CITY":"204","S_AREA":"310000","PREF_NAME":"兵庫県","CITY_NAME":"西宮市","S_NAME":"長田町","KIGO_E":null,"HCODE":8101,"AREA":112469.814,"PERIMETER":1846.263,"R2KAxx":4704,"R2KAxx_ID":4703,"KIHON1":"3100","DUMMY1":"-","KIHON2":"00","KEYCODE1":"204310000","KEYCODE2":"2043100","AREA_MAX_F":"M","KIGO_D":null,"N_KEN":null,"N_CITY":null,"KIGO_I":null,"KBSUM":4,"JINKO":230,"SETAI":128,"X_CODE":135.362399,"Y_CODE":34.74742,"KCODE1":"3100-00"}},{"type":"Polygon","arcs":[[794,795,796,-784,-790,-794,797]],"properties":{"KEY_CODE":"282043110","PREF":"28","CITY":"204","S_AREA":"311000","PREF_NAME":"兵庫県","CITY_NAME":"西宮市","S_NAME":"北口町","KIGO_E":null,"HCODE":8101,"AREA":118125.958,"PERIMETER":1721.527,"R2KAxx":4705,"R2KAxx_ID":4704,"KIHON1":"3110","DUMMY1":"-","KIHON2":"00","KEYCODE1":"204311000","KEYCODE2":"2043110","AREA_MAX_F":"M","KIGO_D":null,"N_KEN":null,"N_CITY":null,"KIGO_I":null,"KBSUM":33,"JINKO":1610,"SETAI":760,"X_CODE":135.357807,"Y_CODE":34.749013,"KCODE1":"3110-00"}},{"type":"Polygon","arcs":[[798,799,800,801,-795]],"properties":{"KEY_CODE":"28204312001","PREF":"28","CITY":"204","S_AREA":"312001","PREF_NAME":"兵庫県","CITY_NAME":"西宮市","S_NAME":"甲風園一丁目","KIGO_E":null,"HCODE":8101,"AREA":52619.005,"PERIMETER":1110.495,"R2KAxx":4706,"R2KAxx_ID":4705,"KIHON1":"3120","DUMMY1":"-","KIHON2":"01","KEYCODE1":"204312001","KEYCODE2":"204312001","AREA_MAX_F":"M","KIGO_D":null,"N_KEN":null,"N_CITY":null,"KIGO_I":null,"KBSUM":17,"JINKO":390,"SETAI":194,"X_CODE":135.356069,"Y_CODE":34.747765,"KCODE1":"3120-01"}},{"type":"Polygon","arcs":[[-802,802,803,-796]],"properties":{"KEY_CODE":"28204312002","PREF":"28","CITY":"204","S_AREA":"312002","PREF_NAME":"兵庫県","CITY_NAME":"西宮市","S_NAME":"甲風園二丁目","KIGO_E":null,"HCODE":8101,"AREA":47858.45,"PERIMETER":895.919,"R2KAxx":4707,"R2KAxx_ID":4706,"KIHON1":"3120","DUMMY1":"-","KIHON2":"02","KEYCODE1":"204312002","KEYCODE2":"204312002","AREA_MAX_F":"M","KIGO_D":null,"N_KEN":null,"N_CITY":null,"KIGO_I":null,"KBSUM":12,"JINKO":469,"SETAI":216,"X_CODE":135.356145,"Y_CODE":34.750845,"KCODE1":"3120-02"}},{"type":"Polygon","arcs":[[804,805,806,-785,-797,-804]],"properties":{"KEY_CODE":"28204312003","PREF":"28","CITY":"204","S_AREA":"312003","PREF_NAME":"兵庫県","CITY_NAME":"西宮市","S_NAME":"甲風園三丁目","KIGO_E":null,"HCODE":8101,"AREA":64914.842,"PERIMETER":1150.337,"R2KAxx":4708,"R2KAxx_ID":4707,"KIHON1":"3120","DUMMY1":"-","KIHON2":"03","KEYCODE1":"204312003","KEYCODE2":"204312003","AREA_MAX_F":"M","KIGO_D":null,"N_KEN":null,"N_CITY":null,"KIGO_I":null,"KBSUM":14,"JINKO":770,"SETAI":342,"X_CODE":135.356456,"Y_CODE":34.75343,"KCODE1":"3120-03"}},{"type":"Polygon","arcs":[[807,-197,808,809,-805,-803]],"properties":{"KEY_CODE":"282043150","PREF":"28","CITY":"204","S_AREA":"315000","PREF_NAME":"兵庫県","CITY_NAME":"西宮市","S_NAME":"丸橋町","KIGO_E":null,"HCODE":8101,"AREA":140701.552,"PERIMETER":1745.581,"R2KAxx":4709,"R2KAxx_ID":4708,"KIHON1":"3150","DUMMY1":"-","KIHON2":"00","KEYCODE1":"204315000","KEYCODE2":"2043150","AREA_MAX_F":"M","KIGO_D":null,"N_KEN":null,"N_CITY":null,"KIGO_I":null,"KBSUM":22,"JINKO":2940,"SETAI":1279,"X_CODE":135.353946,"Y_CODE":34.752478,"KCODE1":"3150-00"}},{"type":"Polygon","arcs":[[-801,810,-203,-198,-808]],"properties":{"KEY_CODE":"282043160","PREF":"28","CITY":"204","S_AREA":"316000","PREF_NAME":"兵庫県","CITY_NAME":"西宮市","S_NAME":"北昭和町","KIGO_E":null,"HCODE":8101,"AREA":75583.194,"PERIMETER":1155.219,"R2KAxx":4710,"R2KAxx_ID":4709,"KIHON1":"3160","DUMMY1":"-","KIHON2":"00","KEYCODE1":"204316000","KEYCODE2":"2043160","AREA_MAX_F":"M","KIGO_D":null,"N_KEN":null,"N_CITY":null,"KIGO_I":null,"KBSUM":14,"JINKO":1118,"SETAI":731,"X_CODE":135.353433,"Y_CODE":34.74864,"KCODE1":"3160-00"}},{"type":"Polygon","arcs":[[-275,-208,-811,-800,811,812]],"properties":{"KEY_CODE":"282043170","PREF":"28","CITY":"204","S_AREA":"317000","PREF_NAME":"兵庫県","CITY_NAME":"西宮市","S_NAME":"南昭和町","KIGO_E":null,"HCODE":8101,"AREA":82604.165,"PERIMETER":1157.903,"R2KAxx":4711,"R2KAxx_ID":4710,"KIHON1":"3170","DUMMY1":"-","KIHON2":"00","KEYCODE1":"204317000","KEYCODE2":"2043170","AREA_MAX_F":"M","KIGO_D":null,"N_KEN":null,"N_CITY":null,"KIGO_I":null,"KBSUM":18,"JINKO":1447,"SETAI":953,"X_CODE":135.353579,"Y_CODE":34.746503,"KCODE1":"3170-00"}},{"type":"Polygon","arcs":[[-276,-813,813,-269]],"properties":{"KEY_CODE":"282043180","PREF":"28","CITY":"204","S_AREA":"318000","PREF_NAME":"兵庫県","CITY_NAME":"西宮市","S_NAME":"両度町","KIGO_E":null,"HCODE":8101,"AREA":87905.256,"PERIMETER":1189.265,"R2KAxx":4712,"R2KAxx_ID":4711,"KIHON1":"3180","DUMMY1":"-","KIHON2":"00","KEYCODE1":"204318000","KEYCODE2":"2043180","AREA_MAX_F":"M","KIGO_D":null,"N_KEN":null,"N_CITY":null,"KIGO_I":null,"KBSUM":27,"JINKO":3288,"SETAI":1434,"X_CODE":135.353482,"Y_CODE":34.743913,"KCODE1":"3180-00"}},{"type":"Polygon","arcs":[[814,815,-264,-814,-812,-799,-798,-793,816]],"properties":{"KEY_CODE":"282043190","PREF":"28","CITY":"204","S_AREA":"319000","PREF_NAME":"兵庫県","CITY_NAME":"西宮市","S_NAME":"高松町","KIGO_E":null,"HCODE":8101,"AREA":242025.55,"PERIMETER":2094.489,"R2KAxx":4713,"R2KAxx_ID":4712,"KIHON1":"3190","DUMMY1":"-","KIHON2":"00","KEYCODE1":"204319000","KEYCODE2":"2043190","AREA_MAX_F":"M","KIGO_D":null,"N_KEN":null,"N_CITY":null,"KIGO_I":null,"KBSUM":30,"JINKO":1666,"SETAI":1106,"X_CODE":135.358427,"Y_CODE":34.7443,"KCODE1":"3190-00"}},{"type":"Polygon","arcs":[[817,-467,-272,-265,-816]],"properties":{"KEY_CODE":"282043200","PREF":"28","CITY":"204","S_AREA":"320000","PREF_NAME":"兵庫県","CITY_NAME":"西宮市","S_NAME":"深津町","KIGO_E":null,"HCODE":8101,"AREA":155090.228,"PERIMETER":1626,"R2KAxx":4714,"R2KAxx_ID":4713,"KIHON1":"3200","DUMMY1":"-","KIHON2":"00","KEYCODE1":"204320000","KEYCODE2":"2043200","AREA_MAX_F":"M","KIGO_D":null,"N_KEN":null,"N_CITY":null,"KIGO_I":null,"KBSUM":19,"JINKO":1327,"SETAI":755,"X_CODE":135.357786,"Y_CODE":34.740654,"KCODE1":"3200-00"}},{"type":"Polygon","arcs":[[-463,-464,-818,-815,818,819]],"properties":{"KEY_CODE":"282043210","PREF":"28","CITY":"204","S_AREA":"321000","PREF_NAME":"兵庫県","CITY_NAME":"西宮市","S_NAME":"高畑町","KIGO_E":null,"HCODE":8101,"AREA":166106.246,"PERIMETER":1699.538,"R2KAxx":4715,"R2KAxx_ID":4714,"KIHON1":"3210","DUMMY1":"-","KIHON2":"00","KEYCODE1":"204321000","KEYCODE2":"2043210","AREA_MAX_F":"M","KIGO_D":null,"N_KEN":null,"N_CITY":null,"KIGO_I":null,"KBSUM":23,"JINKO":2220,"SETAI":1024,"X_CODE":135.362076,"Y_CODE":34.740714,"KCODE1":"3210-00"}},{"type":"Polygon","arcs":[[-819,-817,-792,820]],"properties":{"KEY_CODE":"282043220","PREF":"28","CITY":"204","S_AREA":"322000","PREF_NAME":"兵庫県","CITY_NAME":"西宮市","S_NAME":"田代町","KIGO_E":null,"HCODE":8101,"AREA":91958.766,"PERIMETER":1304.867,"R2KAxx":4716,"R2KAxx_ID":4715,"KIHON1":"3220","DUMMY1":"-","KIHON2":"00","KEYCODE1":"204322000","KEYCODE2":"2043220","AREA_MAX_F":"M","KIGO_D":null,"N_KEN":null,"N_CITY":null,"KIGO_I":null,"KBSUM":26,"JINKO":2319,"SETAI":1309,"X_CODE":135.362722,"Y_CODE":34.74471,"KCODE1":"3220-00"}},{"type":"Polygon","arcs":[[821,-821,-791,-775,822]],"properties":{"KEY_CODE":"282043230","PREF":"28","CITY":"204","S_AREA":"323000","PREF_NAME":"兵庫県","CITY_NAME":"西宮市","S_NAME":"大屋町","KIGO_E":null,"HCODE":8101,"AREA":153746.707,"PERIMETER":1640.605,"R2KAxx":4717,"R2KAxx_ID":4716,"KIHON1":"3230","DUMMY1":"-","KIHON2":"00","KEYCODE1":"204323000","KEYCODE2":"2043230","AREA_MAX_F":"M","KIGO_D":null,"N_KEN":null,"N_CITY":null,"KIGO_I":null,"KBSUM":36,"JINKO":2181,"SETAI":1089,"X_CODE":135.365439,"Y_CODE":34.74491,"KCODE1":"3230-00"}},{"type":"Polygon","arcs":[[-820,-822,823,824]],"properties":{"KEY_CODE":"282043240","PREF":"28","CITY":"204","S_AREA":"324000","PREF_NAME":"兵庫県","CITY_NAME":"西宮市","S_NAME":"中島町","KIGO_E":null,"HCODE":8101,"AREA":122256.164,"PERIMETER":1418.504,"R2KAxx":4718,"R2KAxx_ID":4717,"KIHON1":"3240","DUMMY1":"-","KIHON2":"00","KEYCODE1":"204324000","KEYCODE2":"2043240","AREA_MAX_F":"M","KIGO_D":null,"N_KEN":null,"N_CITY":null,"KIGO_I":null,"KBSUM":23,"JINKO":1580,"SETAI":713,"X_CODE":135.365918,"Y_CODE":34.740718,"KCODE1":"3240-00"}},{"type":"Polygon","arcs":[[825,-823,-774,-766,826,827]],"properties":{"KEY_CODE":"282043250","PREF":"28","CITY":"204","S_AREA":"325000","PREF_NAME":"兵庫県","CITY_NAME":"西宮市","S_NAME":"瓦林町","KIGO_E":null,"HCODE":8101,"AREA":169550.422,"PERIMETER":1742.681,"R2KAxx":4719,"R2KAxx_ID":4718,"KIHON1":"3250","DUMMY1":"-","KIHON2":"00","KEYCODE1":"204325000","KEYCODE2":"2043250","AREA_MAX_F":"M","KIGO_D":null,"N_KEN":null,"N_CITY":null,"KIGO_I":null,"KBSUM":35,"JINKO":2162,"SETAI":876,"X_CODE":135.368669,"Y_CODE":34.745002,"KCODE1":"3250-00"}},{"type":"Polygon","arcs":[[828,829,-824,-826,830]],"properties":{"KEY_CODE":"282043260","PREF":"28","CITY":"204","S_AREA":"326000","PREF_NAME":"兵庫県","CITY_NAME":"西宮市","S_NAME":"天道町","KIGO_E":null,"HCODE":8101,"AREA":117692.378,"PERIMETER":1421.312,"R2KAxx":4720,"R2KAxx_ID":4719,"KIHON1":"3260","DUMMY1":"-","KIHON2":"00","KEYCODE1":"204326000","KEYCODE2":"2043260","AREA_MAX_F":"M","KIGO_D":null,"N_KEN":null,"N_CITY":null,"KIGO_I":null,"KBSUM":27,"JINKO":1996,"SETAI":887,"X_CODE":135.369202,"Y_CODE":34.740727,"KCODE1":"3260-00"}},{"type":"Polygon","arcs":[[-827,-765,831,832]],"properties":{"KEY_CODE":"282043270","PREF":"28","CITY":"204","S_AREA":"327000","PREF_NAME":"兵庫県","CITY_NAME":"西宮市","S_NAME":"松山町","KIGO_E":null,"HCODE":8101,"AREA":93052.145,"PERIMETER":1250.454,"R2KAxx":4721,"R2KAxx_ID":4720,"KIHON1":"3270","DUMMY1":"-","KIHON2":"00","KEYCODE1":"204327000","KEYCODE2":"2043270","AREA_MAX_F":"M","KIGO_D":null,"N_KEN":null,"N_CITY":null,"KIGO_I":null,"KBSUM":22,"JINKO":2120,"SETAI":947,"X_CODE":135.372088,"Y_CODE":34.747131,"KCODE1":"3270-00"}},{"type":"Polygon","arcs":[[833,-832,-764,834,835]],"properties":{"KEY_CODE":"282043280","PREF":"28","CITY":"204","S_AREA":"328000","PREF_NAME":"兵庫県","CITY_NAME":"西宮市","S_NAME":"松並町","KIGO_E":null,"HCODE":8101,"AREA":195652.794,"PERIMETER":1969.658,"R2KAxx":4722,"R2KAxx_ID":4721,"KIHON1":"3280","DUMMY1":"-","KIHON2":"00","KEYCODE1":"204328000","KEYCODE2":"2043280","AREA_MAX_F":"M","KIGO_D":null,"N_KEN":null,"N_CITY":null,"KIGO_I":null,"KBSUM":23,"JINKO":1918,"SETAI":773,"X_CODE":135.375139,"Y_CODE":34.745016,"KCODE1":"3280-00"}},{"type":"Polygon","arcs":[[836,-828,-833,-834]],"properties":{"KEY_CODE":"282043290","PREF":"28","CITY":"204","S_AREA":"329000","PREF_NAME":"兵庫県","CITY_NAME":"西宮市","S_NAME":"熊野町","KIGO_E":null,"HCODE":8101,"AREA":98038.213,"PERIMETER":1279.732,"R2KAxx":4723,"R2KAxx_ID":4722,"KIHON1":"3290","DUMMY1":"-","KIHON2":"00","KEYCODE1":"204329000","KEYCODE2":"2043290","AREA_MAX_F":"M","KIGO_D":null,"N_KEN":null,"N_CITY":null,"KIGO_I":null,"KBSUM":27,"JINKO":2357,"SETAI":923,"X_CODE":135.371783,"Y_CODE":34.744158,"KCODE1":"3290-00"}},{"type":"Polygon","arcs":[[837,838,839,-831,-837]],"properties":{"KEY_CODE":"282043300","PREF":"28","CITY":"204","S_AREA":"330000","PREF_NAME":"兵庫県","CITY_NAME":"西宮市","S_NAME":"二見町","KIGO_E":null,"HCODE":8101,"AREA":115747.286,"PERIMETER":1469.696,"R2KAxx":4724,"R2KAxx_ID":4723,"KIHON1":"3300","DUMMY1":"-","KIHON2":"00","KEYCODE1":"204330000","KEYCODE2":"2043300","AREA_MAX_F":"M","KIGO_D":null,"N_KEN":null,"N_CITY":null,"KIGO_I":null,"KBSUM":19,"JINKO":1565,"SETAI":782,"X_CODE":135.372505,"Y_CODE":34.740517,"KCODE1":"3300-00"}},{"type":"Polygon","arcs":[[-838,-836,840,841,842]],"properties":{"KEY_CODE":"282043310","PREF":"28","CITY":"204","S_AREA":"331000","PREF_NAME":"兵庫県","CITY_NAME":"西宮市","S_NAME":"甲子園口北町","KIGO_E":null,"HCODE":8101,"AREA":198478.936,"PERIMETER":1820.592,"R2KAxx":4725,"R2KAxx_ID":4724,"KIHON1":"3310","DUMMY1":"-","KIHON2":"00","KEYCODE1":"204331000","KEYCODE2":"2043310","AREA_MAX_F":"M","KIGO_D":null,"N_KEN":null,"N_CITY":null,"KIGO_I":null,"KBSUM":36,"JINKO":2497,"SETAI":1190,"X_CODE":135.376703,"Y_CODE":34.740783,"KCODE1":"3310-00"}},{"type":"Polygon","arcs":[[843,844,-842,845]],"properties":{"KEY_CODE":"28204332001","PREF":"28","CITY":"204","S_AREA":"332001","PREF_NAME":"兵庫県","CITY_NAME":"西宮市","S_NAME":"甲子園口一丁目","KIGO_E":null,"HCODE":8101,"AREA":132647.695,"PERIMETER":1581.961,"R2KAxx":4726,"R2KAxx_ID":4725,"KIHON1":"3320","DUMMY1":"-","KIHON2":"01","KEYCODE1":"204332001","KEYCODE2":"204332001","AREA_MAX_F":"M","KIGO_D":null,"N_KEN":null,"N_CITY":null,"KIGO_I":null,"KBSUM":19,"JINKO":1494,"SETAI":653,"X_CODE":135.37862,"Y_CODE":34.73702,"KCODE1":"3320-01"}},{"type":"Polygon","arcs":[[-655,846,847,-839,-843,-845,848]],"properties":{"KEY_CODE":"28204332002","PREF":"28","CITY":"204","S_AREA":"332002","PREF_NAME":"兵庫県","CITY_NAME":"西宮市","S_NAME":"甲子園口二丁目","KIGO_E":null,"HCODE":8101,"AREA":154011.09,"PERIMETER":1722.592,"R2KAxx":4727,"R2KAxx_ID":4726,"KIHON1":"3320","DUMMY1":"-","KIHON2":"02","KEYCODE1":"204332002","KEYCODE2":"204332002","AREA_MAX_F":"M","KIGO_D":null,"N_KEN":null,"N_CITY":null,"KIGO_I":null,"KBSUM":30,"JINKO":2390,"SETAI":1218,"X_CODE":135.37526,"Y_CODE":34.73603,"KCODE1":"3320-02"}},{"type":"Polygon","arcs":[[-848,849,850,-840]],"properties":{"KEY_CODE":"28204332003","PREF":"28","CITY":"204","S_AREA":"332003","PREF_NAME":"兵庫県","CITY_NAME":"西宮市","S_NAME":"甲子園口三丁目","KIGO_E":null,"HCODE":8101,"AREA":140249.701,"PERIMETER":1698.348,"R2KAxx":4728,"R2KAxx_ID":4727,"KIHON1":"3320","DUMMY1":"-","KIHON2":"03","KEYCODE1":"204332003","KEYCODE2":"204332003","AREA_MAX_F":"M","KIGO_D":null,"N_KEN":null,"N_CITY":null,"KIGO_I":null,"KBSUM":34,"JINKO":2757,"SETAI":1516,"X_CODE":135.372717,"Y_CODE":34.736727,"KCODE1":"3320-03"}},{"type":"Polygon","arcs":[[-829,-851,851,852]],"properties":{"KEY_CODE":"28204332004","PREF":"28","CITY":"204","S_AREA":"332004","PREF_NAME":"兵庫県","CITY_NAME":"西宮市","S_NAME":"甲子園口四丁目","KIGO_E":null,"HCODE":8101,"AREA":117406.61,"PERIMETER":1563.28,"R2KAxx":4729,"R2KAxx_ID":4728,"KIHON1":"3320","DUMMY1":"-","KIHON2":"04","KEYCODE1":"204332004","KEYCODE2":"204332004","AREA_MAX_F":"M","KIGO_D":null,"N_KEN":null,"N_CITY":null,"KIGO_I":null,"KBSUM":24,"JINKO":2411,"SETAI":1067,"X_CODE":135.370182,"Y_CODE":34.736303,"KCODE1":"3320-04"}},{"type":"Polygon","arcs":[[853,854,855,856,-830,-853]],"properties":{"KEY_CODE":"28204332005","PREF":"28","CITY":"204","S_AREA":"332005","PREF_NAME":"兵庫県","CITY_NAME":"西宮市","S_NAME":"甲子園口五丁目","KIGO_E":null,"HCODE":8101,"AREA":96280.82,"PERIMETER":1341.966,"R2KAxx":4730,"R2KAxx_ID":4729,"KIHON1":"3320","DUMMY1":"-","KIHON2":"05","KEYCODE1":"204332005","KEYCODE2":"204332005","AREA_MAX_F":"M","KIGO_D":null,"N_KEN":null,"N_CITY":null,"KIGO_I":null,"KBSUM":19,"JINKO":1306,"SETAI":589,"X_CODE":135.367932,"Y_CODE":34.736464,"KCODE1":"3320-05"}},{"type":"Polygon","arcs":[[857,858,-459,-825,-857]],"properties":{"KEY_CODE":"28204332006","PREF":"28","CITY":"204","S_AREA":"332006","PREF_NAME":"兵庫県","CITY_NAME":"西宮市","S_NAME":"甲子園口六丁目","KIGO_E":null,"HCODE":8101,"AREA":134366.884,"PERIMETER":1549.43,"R2KAxx":4731,"R2KAxx_ID":4730,"KIHON1":"3320","DUMMY1":"-","KIHON2":"06","KEYCODE1":"204332006","KEYCODE2":"204332006","AREA_MAX_F":"M","KIGO_D":null,"N_KEN":null,"N_CITY":null,"KIGO_I":null,"KBSUM":24,"JINKO":1609,"SETAI":777,"X_CODE":135.365334,"Y_CODE":34.736982,"KCODE1":"3320-06"}},{"type":"Polygon","arcs":[[-559,859,-854,-852,-850,-847,-654,-658]],"properties":{"KEY_CODE":"28204338001","PREF":"28","CITY":"204","S_AREA":"338001","PREF_NAME":"兵庫県","CITY_NAME":"西宮市","S_NAME":"上甲子園一丁目","KIGO_E":null,"HCODE":8101,"AREA":111444.247,"PERIMETER":1561.704,"R2KAxx":4732,"R2KAxx_ID":4731,"KIHON1":"3380","DUMMY1":"-","KIHON2":"01","KEYCODE1":"204338001","KEYCODE2":"204338001","AREA_MAX_F":"M","KIGO_D":null,"N_KEN":null,"N_CITY":null,"KIGO_I":null,"KBSUM":22,"JINKO":1903,"SETAI":872,"X_CODE":135.37021,"Y_CODE":34.73254,"KCODE1":"3380-01"}},{"type":"Polygon","arcs":[[860,-855,-860,-558]],"properties":{"KEY_CODE":"28204338002","PREF":"28","CITY":"204","S_AREA":"338002","PREF_NAME":"兵庫県","CITY_NAME":"西宮市","S_NAME":"上甲子園二丁目","KIGO_E":null,"HCODE":8101,"AREA":83728.086,"PERIMETER":1306.557,"R2KAxx":4733,"R2KAxx_ID":4732,"KIHON1":"3380","DUMMY1":"-","KIHON2":"02","KEYCODE1":"204338002","KEYCODE2":"204338002","AREA_MAX_F":"M","KIGO_D":null,"N_KEN":null,"N_CITY":null,"KIGO_I":null,"KBSUM":21,"JINKO":1861,"SETAI":831,"X_CODE":135.367298,"Y_CODE":34.732204,"KCODE1":"3380-02"}},{"type":"Polygon","arcs":[[-496,861,-858,-856,-861,-557,-511]],"properties":{"KEY_CODE":"28204338003","PREF":"28","CITY":"204","S_AREA":"338003","PREF_NAME":"兵庫県","CITY_NAME":"西宮市","S_NAME":"上甲子園三丁目","KIGO_E":null,"HCODE":8101,"AREA":82825.039,"PERIMETER":1470.695,"R2KAxx":4734,"R2KAxx_ID":4733,"KIHON1":"3380","DUMMY1":"-","KIHON2":"03","KEYCODE1":"204338003","KEYCODE2":"204338003","AREA_MAX_F":"M","KIGO_D":null,"N_KEN":null,"N_CITY":null,"KIGO_I":null,"KBSUM":11,"JINKO":914,"SETAI":345,"X_CODE":135.365449,"Y_CODE":34.732023,"KCODE1":"3380-03"}},{"type":"Polygon","arcs":[[-495,862,-460,-859,-862]],"properties":{"KEY_CODE":"28204338004","PREF":"28","CITY":"204","S_AREA":"338004","PREF_NAME":"兵庫県","CITY_NAME":"西宮市","S_NAME":"上甲子園四丁目","KIGO_E":null,"HCODE":8101,"AREA":122461.905,"PERIMETER":1395.822,"R2KAxx":4735,"R2KAxx_ID":4734,"KIHON1":"3380","DUMMY1":"-","KIHON2":"04","KEYCODE1":"204338004","KEYCODE2":"204338004","AREA_MAX_F":"M","KIGO_D":null,"N_KEN":null,"N_CITY":null,"KIGO_I":null,"KBSUM":19,"JINKO":1927,"SETAI":803,"X_CODE":135.36339,"Y_CODE":34.733529,"KCODE1":"3380-04"}},{"type":"Polygon","arcs":[[-500,-503,-471,-470,-461,-863]],"properties":{"KEY_CODE":"28204338005","PREF":"28","CITY":"204","S_AREA":"338005","PREF_NAME":"兵庫県","CITY_NAME":"西宮市","S_NAME":"上甲子園五丁目","KIGO_E":null,"HCODE":8101,"AREA":78566.319,"PERIMETER":1146.911,"R2KAxx":4736,"R2KAxx_ID":4735,"KIHON1":"3380","DUMMY1":"-","KIHON2":"05","KEYCODE1":"204338005","KEYCODE2":"204338005","AREA_MAX_F":"M","KIGO_D":null,"N_KEN":null,"N_CITY":null,"KIGO_I":null,"KBSUM":12,"JINKO":1061,"SETAI":344,"X_CODE":135.360414,"Y_CODE":34.734199,"KCODE1":"3380-05"}},{"type":"Polygon","arcs":[[-578,-652,-656,-849,-844,863]],"properties":{"KEY_CODE":"282043420","PREF":"28","CITY":"204","S_AREA":"342000","PREF_NAME":"兵庫県","CITY_NAME":"西宮市","S_NAME":"戸崎町","KIGO_E":null,"HCODE":8101,"AREA":141699.319,"PERIMETER":1701.1,"R2KAxx":4737,"R2KAxx_ID":4736,"KIHON1":"3420","DUMMY1":"-","KIHON2":"00","KEYCODE1":"204342000","KEYCODE2":"2043420","AREA_MAX_F":"M","KIGO_D":null,"N_KEN":null,"N_CITY":null,"KIGO_I":null,"KBSUM":8,"JINKO":578,"SETAI":287,"X_CODE":135.378055,"Y_CODE":34.733727,"KCODE1":"3420-00"}},{"type":"Polygon","arcs":[[864,-47,-43,865]],"properties":{"KEY_CODE":"282044010","PREF":"28","CITY":"204","S_AREA":"401000","PREF_NAME":"兵庫県","CITY_NAME":"西宮市","S_NAME":"甲山町","KIGO_E":null,"HCODE":8101,"AREA":1478485.6,"PERIMETER":5961.393,"R2KAxx":4738,"R2KAxx_ID":4737,"KIHON1":"4010","DUMMY1":"-","KIHON2":"00","KEYCODE1":"204401000","KEYCODE2":"2044010","AREA_MAX_F":"M","KIGO_D":null,"N_KEN":null,"N_CITY":null,"KIGO_I":null,"KBSUM":6,"JINKO":502,"SETAI":19,"X_CODE":135.332093,"Y_CODE":34.774333,"KCODE1":"4010-00"}},{"type":"Polygon","arcs":[[866,867,868,869,870,871]],"properties":{"KEY_CODE":"28204402001","PREF":"28","CITY":"204","S_AREA":"402001","PREF_NAME":"兵庫県","CITY_NAME":"西宮市","S_NAME":"仁川町一丁目","KIGO_E":null,"HCODE":8101,"AREA":56708.489,"PERIMETER":1396.258,"R2KAxx":4739,"R2KAxx_ID":4738,"KIHON1":"4020","DUMMY1":"-","KIHON2":"01","KEYCODE1":"204402001","KEYCODE2":"204402001","AREA_MAX_F":"M","KIGO_D":null,"N_KEN":null,"N_CITY":null,"KIGO_I":null,"KBSUM":9,"JINKO":664,"SETAI":252,"X_CODE":135.365604,"Y_CODE":34.775732,"KCODE1":"4020-01"}},{"type":"Polygon","arcs":[[872,873,-871,874]],"properties":{"KEY_CODE":"28204402002","PREF":"28","CITY":"204","S_AREA":"402002","PREF_NAME":"兵庫県","CITY_NAME":"西宮市","S_NAME":"仁川町二丁目","KIGO_E":null,"HCODE":8101,"AREA":72173.503,"PERIMETER":1432.915,"R2KAxx":4740,"R2KAxx_ID":4739,"KIHON1":"4020","DUMMY1":"-","KIHON2":"02","KEYCODE1":"204402002","KEYCODE2":"204402002","AREA_MAX_F":"M","KIGO_D":null,"N_KEN":null,"N_CITY":null,"KIGO_I":null,"KBSUM":12,"JINKO":1169,"SETAI":574,"X_CODE":135.359878,"Y_CODE":34.774332,"KCODE1":"4020-02"}},{"type":"Polygon","arcs":[[875,876,877,-873,878]],"properties":{"KEY_CODE":"28204402003","PREF":"28","CITY":"204","S_AREA":"402003","PREF_NAME":"兵庫県","CITY_NAME":"西宮市","S_NAME":"仁川町三丁目","KIGO_E":null,"HCODE":8101,"AREA":83443.161,"PERIMETER":1430.183,"R2KAxx":4741,"R2KAxx_ID":4740,"KIHON1":"4020","DUMMY1":"-","KIHON2":"03","KEYCODE1":"204402003","KEYCODE2":"204402003","AREA_MAX_F":"M","KIGO_D":null,"N_KEN":null,"N_CITY":null,"KIGO_I":null,"KBSUM":17,"JINKO":1200,"SETAI":435,"X_CODE":135.35639,"Y_CODE":34.772342,"KCODE1":"4020-03"}},{"type":"Polygon","arcs":[[879,880,881,882,883,-877]],"properties":{"KEY_CODE":"28204402004","PREF":"28","CITY":"204","S_AREA":"402004","PREF_NAME":"兵庫県","CITY_NAME":"西宮市","S_NAME":"仁川町四丁目","KIGO_E":null,"HCODE":8101,"AREA":67741.829,"PERIMETER":1414.609,"R2KAxx":4742,"R2KAxx_ID":4741,"KIHON1":"4020","DUMMY1":"-","KIHON2":"04","KEYCODE1":"204402004","KEYCODE2":"204402004","AREA_MAX_F":"M","KIGO_D":null,"N_KEN":null,"N_CITY":null,"KIGO_I":null,"KBSUM":9,"JINKO":707,"SETAI":295,"X_CODE":135.352941,"Y_CODE":34.771135,"KCODE1":"4020-04"}},{"type":"Polygon","arcs":[[-884,884,885,886]],"properties":{"KEY_CODE":"28204402005","PREF":"28","CITY":"204","S_AREA":"402005","PREF_NAME":"兵庫県","CITY_NAME":"西宮市","S_NAME":"仁川町五丁目","KIGO_E":null,"HCODE":8101,"AREA":66431.666,"PERIMETER":1468.276,"R2KAxx":4743,"R2KAxx_ID":4742,"KIHON1":"4020","DUMMY1":"-","KIHON2":"05","KEYCODE1":"204402005","KEYCODE2":"204402005","AREA_MAX_F":"M","KIGO_D":null,"N_KEN":null,"N_CITY":null,"KIGO_I":null,"KBSUM":7,"JINKO":721,"SETAI":283,"X_CODE":135.350814,"Y_CODE":34.77273,"KCODE1":"4020-05"}},{"type":"Polygon","arcs":[[-886,887,888,-866,-42,-2,889]],"properties":{"KEY_CODE":"28204402006","PREF":"28","CITY":"204","S_AREA":"402006","PREF_NAME":"兵庫県","CITY_NAME":"西宮市","S_NAME":"仁川町六丁目","KIGO_E":null,"HCODE":8101,"AREA":1400407.032,"PERIMETER":9549.942,"R2KAxx":4744,"R2KAxx_ID":4743,"KIHON1":"4020","DUMMY1":"-","KIHON2":"06","KEYCODE1":"204402006","KEYCODE2":"204402006","AREA_MAX_F":"M","KIGO_D":null,"N_KEN":null,"N_CITY":null,"KIGO_I":null,"KBSUM":19,"JINKO":1016,"SETAI":369,"X_CODE":135.328193,"Y_CODE":34.781291,"KCODE1":"4020-06"}},{"type":"Polygon","arcs":[[890,891,892,893,-865,-889]],"properties":{"KEY_CODE":"282044080","PREF":"28","CITY":"204","S_AREA":"408000","PREF_NAME":"兵庫県","CITY_NAME":"西宮市","S_NAME":"仁川百合野町","KIGO_E":null,"HCODE":8101,"AREA":256616.658,"PERIMETER":2624.561,"R2KAxx":4745,"R2KAxx_ID":4744,"KIHON1":"4080","DUMMY1":"-","KIHON2":"00","KEYCODE1":"204408000","KEYCODE2":"2044080","AREA_MAX_F":"M","KIGO_D":null,"N_KEN":null,"N_CITY":null,"KIGO_I":null,"KBSUM":12,"JINKO":1085,"SETAI":452,"X_CODE":135.343654,"Y_CODE":34.77119,"KCODE1":"4080-00"}},{"type":"Polygon","arcs":[[894,-891,-888,-885,-883]],"properties":{"KEY_CODE":"282044090","PREF":"28","CITY":"204","S_AREA":"409000","PREF_NAME":"兵庫県","CITY_NAME":"西宮市","S_NAME":"仁川五ケ山町","KIGO_E":null,"HCODE":8101,"AREA":36684.543,"PERIMETER":775.131,"R2KAxx":4746,"R2KAxx_ID":4745,"KIHON1":"4090","DUMMY1":"-","KIHON2":"00","KEYCODE1":"204409000","KEYCODE2":"2044090","AREA_MAX_F":"M","KIGO_D":null,"N_KEN":null,"N_CITY":null,"KIGO_I":null,"KBSUM":6,"JINKO":338,"SETAI":132,"X_CODE":135.349161,"Y_CODE":34.771302,"KCODE1":"4090-00"}},{"type":"Polygon","arcs":[[895,896,-892,-895,-882,897,898,899]],"properties":{"KEY_CODE":"282044100","PREF":"28","CITY":"204","S_AREA":"410000","PREF_NAME":"兵庫県","CITY_NAME":"西宮市","S_NAME":"上ケ原一番町","KIGO_E":null,"HCODE":8101,"AREA":249171.31,"PERIMETER":2049.755,"R2KAxx":4747,"R2KAxx_ID":4746,"KIHON1":"4100","DUMMY1":"-","KIHON2":"00","KEYCODE1":"204410000","KEYCODE2":"2044100","AREA_MAX_F":"M","KIGO_D":null,"N_KEN":null,"N_CITY":null,"KIGO_I":null,"KBSUM":2,"JINKO":93,"SETAI":60,"X_CODE":135.346755,"Y_CODE":34.768436,"KCODE1":"4100-00"}},{"type":"Polygon","arcs":[[900,901,-900,902,903]],"properties":{"KEY_CODE":"282044110","PREF":"28","CITY":"204","S_AREA":"411000","PREF_NAME":"兵庫県","CITY_NAME":"西宮市","S_NAME":"上ケ原二番町","KIGO_E":null,"HCODE":8101,"AREA":76744.558,"PERIMETER":1222.294,"R2KAxx":4748,"R2KAxx_ID":4747,"KIHON1":"4110","DUMMY1":"-","KIHON2":"00","KEYCODE1":"204411000","KEYCODE2":"2044110","AREA_MAX_F":"M","KIGO_D":null,"N_KEN":null,"N_CITY":null,"KIGO_I":null,"KBSUM":5,"JINKO":591,"SETAI":292,"X_CODE":135.3494,"Y_CODE":34.765427,"KCODE1":"4110-00"}},{"type":"Polygon","arcs":[[904,905,906,-896,-902,907]],"properties":{"KEY_CODE":"282044120","PREF":"28","CITY":"204","S_AREA":"412000","PREF_NAME":"兵庫県","CITY_NAME":"西宮市","S_NAME":"上ケ原三番町","KIGO_E":null,"HCODE":8101,"AREA":64578.002,"PERIMETER":1427.425,"R2KAxx":4749,"R2KAxx_ID":4748,"KIHON1":"4120","DUMMY1":"-","KIHON2":"00","KEYCODE1":"204412000","KEYCODE2":"2044120","AREA_MAX_F":"M","KIGO_D":null,"N_KEN":null,"N_CITY":null,"KIGO_I":null,"KBSUM":9,"JINKO":661,"SETAI":423,"X_CODE":135.346159,"Y_CODE":34.765137,"KCODE1":"4120-00"}},{"type":"Polygon","arcs":[[-167,-175,908,-908,-901,909,-161]],"properties":{"KEY_CODE":"282044130","PREF":"28","CITY":"204","S_AREA":"413000","PREF_NAME":"兵庫県","CITY_NAME":"西宮市","S_NAME":"上ケ原四番町","KIGO_E":null,"HCODE":8101,"AREA":100221.614,"PERIMETER":1735.139,"R2KAxx":4750,"R2KAxx_ID":4749,"KIHON1":"4130","DUMMY1":"-","KIHON2":"00","KEYCODE1":"204413000","KEYCODE2":"2044130","AREA_MAX_F":"M","KIGO_D":null,"N_KEN":null,"N_CITY":null,"KIGO_I":null,"KBSUM":19,"JINKO":1568,"SETAI":776,"X_CODE":135.348876,"Y_CODE":34.761435,"KCODE1":"4130-00"}},{"type":"Polygon","arcs":[[910,911,-905,-909,-174]],"properties":{"KEY_CODE":"282044140","PREF":"28","CITY":"204","S_AREA":"414000","PREF_NAME":"兵庫県","CITY_NAME":"西宮市","S_NAME":"上ケ原五番町","KIGO_E":null,"HCODE":8101,"AREA":86826.978,"PERIMETER":1909.025,"R2KAxx":4751,"R2KAxx_ID":4750,"KIHON1":"4140","DUMMY1":"-","KIHON2":"00","KEYCODE1":"204414000","KEYCODE2":"2044140","AREA_MAX_F":"M","KIGO_D":null,"N_KEN":null,"N_CITY":null,"KIGO_I":null,"KBSUM":12,"JINKO":1190,"SETAI":588,"X_CODE":135.347018,"Y_CODE":34.762086,"KCODE1":"4140-00"}},{"type":"Polygon","arcs":[[912,913,914,-906,-912]],"properties":{"KEY_CODE":"282044150","PREF":"28","CITY":"204","S_AREA":"415000","PREF_NAME":"兵庫県","CITY_NAME":"西宮市","S_NAME":"上ケ原六番町","KIGO_E":null,"HCODE":8101,"AREA":78383.725,"PERIMETER":1207.803,"R2KAxx":4752,"R2KAxx_ID":4751,"KIHON1":"4150","DUMMY1":"-","KIHON2":"00","KEYCODE1":"204415000","KEYCODE2":"2044150","AREA_MAX_F":"M","KIGO_D":null,"N_KEN":null,"N_CITY":null,"KIGO_I":null,"KBSUM":8,"JINKO":524,"SETAI":250,"X_CODE":135.343844,"Y_CODE":34.76473,"KCODE1":"4150-00"}},{"type":"Polygon","arcs":[[915,-913,-911,-173]],"properties":{"KEY_CODE":"282044160","PREF":"28","CITY":"204","S_AREA":"416000","PREF_NAME":"兵庫県","CITY_NAME":"西宮市","S_NAME":"上ケ原七番町","KIGO_E":null,"HCODE":8101,"AREA":99741.487,"PERIMETER":1716.524,"R2KAxx":4753,"R2KAxx_ID":4752,"KIHON1":"4160","DUMMY1":"-","KIHON2":"00","KEYCODE1":"204416000","KEYCODE2":"2044160","AREA_MAX_F":"M","KIGO_D":null,"N_KEN":null,"N_CITY":null,"KIGO_I":null,"KBSUM":11,"JINKO":1273,"SETAI":618,"X_CODE":135.345578,"Y_CODE":34.760334,"KCODE1":"4160-00"}},{"type":"Polygon","arcs":[[-916,-172,-177,916,917,918,-914]],"properties":{"KEY_CODE":"282044170","PREF":"28","CITY":"204","S_AREA":"417000","PREF_NAME":"兵庫県","CITY_NAME":"西宮市","S_NAME":"上ケ原八番町","KIGO_E":null,"HCODE":8101,"AREA":142584.725,"PERIMETER":2570.6,"R2KAxx":4754,"R2KAxx_ID":4753,"KIHON1":"4170","DUMMY1":"-","KIHON2":"00","KEYCODE1":"204417000","KEYCODE2":"2044170","AREA_MAX_F":"M","KIGO_D":null,"N_KEN":null,"N_CITY":null,"KIGO_I":null,"KBSUM":23,"JINKO":1610,"SETAI":753,"X_CODE":135.343409,"Y_CODE":34.761032,"KCODE1":"4170-00"}},{"type":"Polygon","arcs":[[-176,919,-917]],"properties":{"KEY_CODE":"282044180","PREF":"28","CITY":"204","S_AREA":"418000","PREF_NAME":"兵庫県","CITY_NAME":"西宮市","S_NAME":"上ケ原九番町","KIGO_E":null,"HCODE":8101,"AREA":102849.62,"PERIMETER":1803.059,"R2KAxx":4755,"R2KAxx_ID":4754,"KIHON1":"4180","DUMMY1":"-","KIHON2":"00","KEYCODE1":"204418000","KEYCODE2":"2044180","AREA_MAX_F":"M","KIGO_D":null,"N_KEN":null,"N_CITY":null,"KIGO_I":null,"KBSUM":5,"JINKO":738,"SETAI":292,"X_CODE":135.341751,"Y_CODE":34.760823,"KCODE1":"4180-00"}},{"type":"Polygon","arcs":[[-181,-183,920,921,-918,-920]],"properties":{"KEY_CODE":"282044190","PREF":"28","CITY":"204","S_AREA":"419000","PREF_NAME":"兵庫県","CITY_NAME":"西宮市","S_NAME":"上ケ原十番町","KIGO_E":null,"HCODE":8101,"AREA":121906.528,"PERIMETER":2536.501,"R2KAxx":4756,"R2KAxx_ID":4755,"KIHON1":"4190","DUMMY1":"-","KIHON2":"00","KEYCODE1":"204419000","KEYCODE2":"2044190","AREA_MAX_F":"M","KIGO_D":null,"N_KEN":null,"N_CITY":null,"KIGO_I":null,"KBSUM":13,"JINKO":1287,"SETAI":526,"X_CODE":135.339759,"Y_CODE":34.76157,"KCODE1":"4190-00"}},{"type":"Polygon","arcs":[[-921,-66,-44,-894,922]],"properties":{"KEY_CODE":"282044200","PREF":"28","CITY":"204","S_AREA":"420000","PREF_NAME":"兵庫県","CITY_NAME":"西宮市","S_NAME":"上ケ原山田町","KIGO_E":null,"HCODE":8101,"AREA":138726.609,"PERIMETER":2004.094,"R2KAxx":4757,"R2KAxx_ID":4756,"KIHON1":"4200","DUMMY1":"-","KIHON2":"00","KEYCODE1":"204420000","KEYCODE2":"2044200","AREA_MAX_F":"M","KIGO_D":null,"N_KEN":null,"N_CITY":null,"KIGO_I":null,"KBSUM":11,"JINKO":1099,"SETAI":438,"X_CODE":135.340388,"Y_CODE":34.766947,"KCODE1":"4200-00"}},{"type":"Polygon","arcs":[[-907,-915,-919,-922,-923,-893,-897]],"properties":{"KEY_CODE":"282044210","PREF":"28","CITY":"204","S_AREA":"421000","PREF_NAME":"兵庫県","CITY_NAME":"西宮市","S_NAME":"上ケ原山手町","KIGO_E":null,"HCODE":8101,"AREA":38835.514,"PERIMETER":1260.776,"R2KAxx":4758,"R2KAxx_ID":4757,"KIHON1":"4210","DUMMY1":"-","KIHON2":"00","KEYCODE1":"204421000","KEYCODE2":"2044210","AREA_MAX_F":"M","KIGO_D":null,"N_KEN":null,"N_CITY":null,"KIGO_I":null,"KBSUM":5,"JINKO":311,"SETAI":195,"X_CODE":135.342153,"Y_CODE":34.766522,"KCODE1":"4210-00"}},{"type":"Polygon","arcs":[[923,924,925,926,-876,927,928,929]],"properties":{"KEY_CODE":"28204422001","PREF":"28","CITY":"204","S_AREA":"422001","PREF_NAME":"兵庫県","CITY_NAME":"西宮市","S_NAME":"上甲東園一丁目","KIGO_E":null,"HCODE":8101,"AREA":186462.446,"PERIMETER":2112.539,"R2KAxx":4759,"R2KAxx_ID":4758,"KIHON1":"4220","DUMMY1":"-","KIHON2":"01","KEYCODE1":"204422001","KEYCODE2":"204422001","AREA_MAX_F":"M","KIGO_D":null,"N_KEN":null,"N_CITY":null,"KIGO_I":null,"KBSUM":28,"JINKO":1553,"SETAI":586,"X_CODE":135.357014,"Y_CODE":34.768322,"KCODE1":"4220-01"}},{"type":"Polygon","arcs":[[-927,930,931,932,-880]],"properties":{"KEY_CODE":"28204422002","PREF":"28","CITY":"204","S_AREA":"422002","PREF_NAME":"兵庫県","CITY_NAME":"西宮市","S_NAME":"上甲東園二丁目","KIGO_E":null,"HCODE":8101,"AREA":192153.736,"PERIMETER":2221.903,"R2KAxx":4760,"R2KAxx_ID":4759,"KIHON1":"4220","DUMMY1":"-","KIHON2":"02","KEYCODE1":"204422002","KEYCODE2":"204422002","AREA_MAX_F":"M","KIGO_D":null,"N_KEN":null,"N_CITY":null,"KIGO_I":null,"KBSUM":18,"JINKO":922,"SETAI":353,"X_CODE":135.353666,"Y_CODE":34.768235,"KCODE1":"4220-02"}},{"type":"Polygon","arcs":[[933,-898,-881,-933]],"properties":{"KEY_CODE":"28204422003","PREF":"28","CITY":"204","S_AREA":"422003","PREF_NAME":"兵庫県","CITY_NAME":"西宮市","S_NAME":"上甲東園三丁目","KIGO_E":null,"HCODE":8101,"AREA":80660.035,"PERIMETER":1237.394,"R2KAxx":4761,"R2KAxx_ID":4760,"KIHON1":"4220","DUMMY1":"-","KIHON2":"03","KEYCODE1":"204422003","KEYCODE2":"204422003","AREA_MAX_F":"M","KIGO_D":null,"N_KEN":null,"N_CITY":null,"KIGO_I":null,"KBSUM":16,"JINKO":967,"SETAI":350,"X_CODE":135.350722,"Y_CODE":34.768682,"KCODE1":"4220-03"}},{"type":"Polygon","arcs":[[934,935,936,-931,-926]],"properties":{"KEY_CODE":"28204422004","PREF":"28","CITY":"204","S_AREA":"422004","PREF_NAME":"兵庫県","CITY_NAME":"西宮市","S_NAME":"上甲東園四丁目","KIGO_E":null,"HCODE":8101,"AREA":53031.342,"PERIMETER":1357.356,"R2KAxx":4762,"R2KAxx_ID":4761,"KIHON1":"4220","DUMMY1":"-","KIHON2":"04","KEYCODE1":"204422004","KEYCODE2":"204422004","AREA_MAX_F":"M","KIGO_D":null,"N_KEN":null,"N_CITY":null,"KIGO_I":null,"KBSUM":8,"JINKO":509,"SETAI":193,"X_CODE":135.354117,"Y_CODE":34.764482,"KCODE1":"4220-04"}},{"type":"Polygon","arcs":[[-937,937,-903,-899,-934,-932]],"properties":{"KEY_CODE":"28204422005","PREF":"28","CITY":"204","S_AREA":"422005","PREF_NAME":"兵庫県","CITY_NAME":"西宮市","S_NAME":"上甲東園五丁目","KIGO_E":null,"HCODE":8101,"AREA":35891.737,"PERIMETER":1203.805,"R2KAxx":4763,"R2KAxx_ID":4762,"KIHON1":"4220","DUMMY1":"-","KIHON2":"05","KEYCODE1":"204422005","KEYCODE2":"204422005","AREA_MAX_F":"M","KIGO_D":null,"N_KEN":null,"N_CITY":null,"KIGO_I":null,"KBSUM":7,"JINKO":639,"SETAI":251,"X_CODE":135.351023,"Y_CODE":34.76579,"KCODE1":"4220-05"}},{"type":"Polygon","arcs":[[-925,938,939,940,-935]],"properties":{"KEY_CODE":"28204422006","PREF":"28","CITY":"204","S_AREA":"422006","PREF_NAME":"兵庫県","CITY_NAME":"西宮市","S_NAME":"上甲東園六丁目","KIGO_E":null,"HCODE":8101,"AREA":13064.97,"PERIMETER":599.01,"R2KAxx":4764,"R2KAxx_ID":4763,"KIHON1":"4220","DUMMY1":"-","KIHON2":"06","KEYCODE1":"204422006","KEYCODE2":"204422006","AREA_MAX_F":"M","KIGO_D":null,"N_KEN":null,"N_CITY":null,"KIGO_I":null,"KBSUM":4,"JINKO":79,"SETAI":38,"X_CODE":135.355449,"Y_CODE":34.764575,"KCODE1":"4220-06"}},{"type":"Polygon","arcs":[[941,942,943,944,945]],"properties":{"KEY_CODE":"28204426001","PREF":"28","CITY":"204","S_AREA":"426001","PREF_NAME":"兵庫県","CITY_NAME":"西宮市","S_NAME":"甲東園一丁目","KIGO_E":null,"HCODE":8101,"AREA":71485.605,"PERIMETER":1167.69,"R2KAxx":4765,"R2KAxx_ID":4764,"KIHON1":"4260","DUMMY1":"-","KIHON2":"01","KEYCODE1":"204426001","KEYCODE2":"204426001","AREA_MAX_F":"M","KIGO_D":null,"N_KEN":null,"N_CITY":null,"KIGO_I":null,"KBSUM":16,"JINKO":1475,"SETAI":788,"X_CODE":135.360959,"Y_CODE":34.767575,"KCODE1":"4260-01"}},{"type":"Polygon","arcs":[[946,-946,947,-929,948,949]],"properties":{"KEY_CODE":"28204426002","PREF":"28","CITY":"204","S_AREA":"426002","PREF_NAME":"兵庫県","CITY_NAME":"西宮市","S_NAME":"甲東園二丁目","KIGO_E":null,"HCODE":8101,"AREA":70624.674,"PERIMETER":1154.456,"R2KAxx":4766,"R2KAxx_ID":4765,"KIHON1":"4260","DUMMY1":"-","KIHON2":"02","KEYCODE1":"204426002","KEYCODE2":"204426002","AREA_MAX_F":"M","KIGO_D":null,"N_KEN":null,"N_CITY":null,"KIGO_I":null,"KBSUM":13,"JINKO":626,"SETAI":348,"X_CODE":135.361226,"Y_CODE":34.770052,"KCODE1":"4260-02"}},{"type":"Polygon","arcs":[[950,-930,-948,-945]],"properties":{"KEY_CODE":"28204426003","PREF":"28","CITY":"204","S_AREA":"426003","PREF_NAME":"兵庫県","CITY_NAME":"西宮市","S_NAME":"甲東園三丁目","KIGO_E":null,"HCODE":8101,"AREA":26500.031,"PERIMETER":838.223,"R2KAxx":4767,"R2KAxx_ID":4766,"KIHON1":"4260","DUMMY1":"-","KIHON2":"03","KEYCODE1":"204426003","KEYCODE2":"204426003","AREA_MAX_F":"M","KIGO_D":null,"N_KEN":null,"N_CITY":null,"KIGO_I":null,"KBSUM":6,"JINKO":663,"SETAI":308,"X_CODE":135.359171,"Y_CODE":34.76788,"KCODE1":"4260-03"}},{"type":"Polygon","arcs":[[951,-939,-924,-951,-944,952]],"properties":{"KEY_CODE":"282044290","PREF":"28","CITY":"204","S_AREA":"429000","PREF_NAME":"兵庫県","CITY_NAME":"西宮市","S_NAME":"松籟荘","KIGO_E":null,"HCODE":8101,"AREA":71695.372,"PERIMETER":1169.657,"R2KAxx":4768,"R2KAxx_ID":4767,"KIHON1":"4290","DUMMY1":"-","KIHON2":"00","KEYCODE1":"204429000","KEYCODE2":"2044290","AREA_MAX_F":"M","KIGO_D":null,"N_KEN":null,"N_CITY":null,"KIGO_I":null,"KBSUM":12,"JINKO":1158,"SETAI":633,"X_CODE":135.358049,"Y_CODE":34.76538,"KCODE1":"4290-00"}},{"type":"Polygon","arcs":[[953,954,955,956,-940,-952]],"properties":{"KEY_CODE":"282044300","PREF":"28","CITY":"204","S_AREA":"430000","PREF_NAME":"兵庫県","CITY_NAME":"西宮市","S_NAME":"神呪町","KIGO_E":null,"HCODE":8101,"AREA":107441.787,"PERIMETER":1287.057,"R2KAxx":4769,"R2KAxx_ID":4768,"KIHON1":"4300","DUMMY1":"-","KIHON2":"00","KEYCODE1":"204430000","KEYCODE2":"2044300","AREA_MAX_F":"M","KIGO_D":null,"N_KEN":null,"N_CITY":null,"KIGO_I":null,"KBSUM":14,"JINKO":1262,"SETAI":575,"X_CODE":135.357361,"Y_CODE":34.762724,"KCODE1":"4300-00"}},{"type":"Polygon","arcs":[[957,958,959,960,-956]],"properties":{"KEY_CODE":"282044310","PREF":"28","CITY":"204","S_AREA":"431000","PREF_NAME":"兵庫県","CITY_NAME":"西宮市","S_NAME":"門戸東町","KIGO_E":null,"HCODE":8101,"AREA":108736.743,"PERIMETER":1417.219,"R2KAxx":4770,"R2KAxx_ID":4769,"KIHON1":"4310","DUMMY1":"-","KIHON2":"00","KEYCODE1":"204431000","KEYCODE2":"2044310","AREA_MAX_F":"M","KIGO_D":null,"N_KEN":null,"N_CITY":null,"KIGO_I":null,"KBSUM":14,"JINKO":1779,"SETAI":755,"X_CODE":135.356576,"Y_CODE":34.759837,"KCODE1":"4310-00"}},{"type":"Polygon","arcs":[[-941,-957,-961,961,-162,-910,-904,-938,-936]],"properties":{"KEY_CODE":"282044320","PREF":"28","CITY":"204","S_AREA":"432000","PREF_NAME":"兵庫県","CITY_NAME":"西宮市","S_NAME":"門戸西町","KIGO_E":null,"HCODE":8101,"AREA":114734.273,"PERIMETER":2139.173,"R2KAxx":4771,"R2KAxx_ID":4770,"KIHON1":"4320","DUMMY1":"-","KIHON2":"00","KEYCODE1":"204432000","KEYCODE2":"2044320","AREA_MAX_F":"M","KIGO_D":null,"N_KEN":null,"N_CITY":null,"KIGO_I":null,"KBSUM":14,"JINKO":1309,"SETAI":496,"X_CODE":135.353249,"Y_CODE":34.762576,"KCODE1":"4320-00"}},{"type":"Polygon","arcs":[[-960,962,-809,-163,-159,-962]],"properties":{"KEY_CODE":"282044330","PREF":"28","CITY":"204","S_AREA":"433000","PREF_NAME":"兵庫県","CITY_NAME":"西宮市","S_NAME":"門戸岡田町","KIGO_E":null,"HCODE":8101,"AREA":124603.466,"PERIMETER":2218.736,"R2KAxx":4772,"R2KAxx_ID":4771,"KIHON1":"4330","DUMMY1":"-","KIHON2":"00","KEYCODE1":"204433000","KEYCODE2":"2044330","AREA_MAX_F":"M","KIGO_D":null,"N_KEN":null,"N_CITY":null,"KIGO_I":null,"KBSUM":20,"JINKO":2067,"SETAI":880,"X_CODE":135.353453,"Y_CODE":34.757566,"KCODE1":"4330-00"}},{"type":"Polygon","arcs":[[963,964,-806,-810,-963,-959]],"properties":{"KEY_CODE":"282044340","PREF":"28","CITY":"204","S_AREA":"434000","PREF_NAME":"兵庫県","CITY_NAME":"西宮市","S_NAME":"門戸荘","KIGO_E":null,"HCODE":8101,"AREA":119677.83,"PERIMETER":1560.584,"R2KAxx":4773,"R2KAxx_ID":4772,"KIHON1":"4340","DUMMY1":"-","KIHON2":"00","KEYCODE1":"204434000","KEYCODE2":"2044340","AREA_MAX_F":"M","KIGO_D":null,"N_KEN":null,"N_CITY":null,"KIGO_I":null,"KBSUM":31,"JINKO":2581,"SETAI":1238,"X_CODE":135.356319,"Y_CODE":34.756601,"KCODE1":"4340-00"}},{"type":"Polygon","arcs":[[965,966,-867,967,968,969,970]],"properties":{"KEY_CODE":"282044350","PREF":"28","CITY":"204","S_AREA":"435000","PREF_NAME":"兵庫県","CITY_NAME":"西宮市","S_NAME":"一里山町","KIGO_E":null,"HCODE":8101,"AREA":126188.672,"PERIMETER":1844.928,"R2KAxx":4774,"R2KAxx_ID":4773,"KIHON1":"4350","DUMMY1":"-","KIHON2":"00","KEYCODE1":"204435000","KEYCODE2":"2044350","AREA_MAX_F":"M","KIGO_D":null,"N_KEN":null,"N_CITY":null,"KIGO_I":null,"KBSUM":22,"JINKO":1288,"SETAI":508,"X_CODE":135.371491,"Y_CODE":34.772384,"KCODE1":"4350-00"}},{"type":"Polygon","arcs":[[971,972,973,974,-942,-947]],"properties":{"KEY_CODE":"28204436001","PREF":"28","CITY":"204","S_AREA":"436001","PREF_NAME":"兵庫県","CITY_NAME":"西宮市","S_NAME":"段上町一丁目","KIGO_E":null,"HCODE":8101,"AREA":106221.534,"PERIMETER":1596.655,"R2KAxx":4775,"R2KAxx_ID":4774,"KIHON1":"4360","DUMMY1":"-","KIHON2":"01","KEYCODE1":"204436001","KEYCODE2":"204436001","AREA_MAX_F":"M","KIGO_D":null,"N_KEN":null,"N_CITY":null,"KIGO_I":null,"KBSUM":19,"JINKO":1099,"SETAI":497,"X_CODE":135.364334,"Y_CODE":34.767323,"KCODE1":"4360-01"}},{"type":"Polygon","arcs":[[975,-972,-950,976]],"properties":{"KEY_CODE":"28204436002","PREF":"28","CITY":"204","S_AREA":"436002","PREF_NAME":"兵庫県","CITY_NAME":"西宮市","S_NAME":"段上町二丁目","KIGO_E":null,"HCODE":8101,"AREA":119802.647,"PERIMETER":1407.337,"R2KAxx":4776,"R2KAxx_ID":4775,"KIHON1":"4360","DUMMY1":"-","KIHON2":"02","KEYCODE1":"204436002","KEYCODE2":"204436002","AREA_MAX_F":"M","KIGO_D":null,"N_KEN":null,"N_CITY":null,"KIGO_I":null,"KBSUM":23,"JINKO":1268,"SETAI":530,"X_CODE":135.365033,"Y_CODE":34.76972,"KCODE1":"4360-02"}},{"type":"Polygon","arcs":[[-977,977,978,979]],"properties":{"KEY_CODE":"28204436003","PREF":"28","CITY":"204","S_AREA":"436003","PREF_NAME":"兵庫県","CITY_NAME":"西宮市","S_NAME":"段上町三丁目","KIGO_E":null,"HCODE":8101,"AREA":80574.82,"PERIMETER":1303.976,"R2KAxx":4777,"R2KAxx_ID":4776,"KIHON1":"4360","DUMMY1":"-","KIHON2":"03","KEYCODE1":"204436003","KEYCODE2":"204436003","AREA_MAX_F":"M","KIGO_D":null,"N_KEN":null,"N_CITY":null,"KIGO_I":null,"KBSUM":17,"JINKO":1200,"SETAI":486,"X_CODE":135.36496,"Y_CODE":34.771798,"KCODE1":"4360-03"}},{"type":"Polygon","arcs":[[-978,-949,-928,-879,-875,-870,980]],"properties":{"KEY_CODE":"28204436004","PREF":"28","CITY":"204","S_AREA":"436004","PREF_NAME":"兵庫県","CITY_NAME":"西宮市","S_NAME":"段上町四丁目","KIGO_E":null,"HCODE":8101,"AREA":118343.625,"PERIMETER":1676.349,"R2KAxx":4778,"R2KAxx_ID":4777,"KIHON1":"4360","DUMMY1":"-","KIHON2":"04","KEYCODE1":"204436004","KEYCODE2":"204436004","AREA_MAX_F":"M","KIGO_D":null,"N_KEN":null,"N_CITY":null,"KIGO_I":null,"KBSUM":17,"JINKO":1162,"SETAI":435,"X_CODE":135.360734,"Y_CODE":34.772584,"KCODE1":"4360-04"}},{"type":"Polygon","arcs":[[981,-979,-981,-869]],"properties":{"KEY_CODE":"28204436005","PREF":"28","CITY":"204","S_AREA":"436005","PREF_NAME":"兵庫県","CITY_NAME":"西宮市","S_NAME":"段上町五丁目","KIGO_E":null,"HCODE":8101,"AREA":80778.012,"PERIMETER":1205.044,"R2KAxx":4779,"R2KAxx_ID":4778,"KIHON1":"4360","DUMMY1":"-","KIHON2":"05","KEYCODE1":"204436005","KEYCODE2":"204436005","AREA_MAX_F":"M","KIGO_D":null,"N_KEN":null,"N_CITY":null,"KIGO_I":null,"KBSUM":15,"JINKO":1202,"SETAI":467,"X_CODE":135.364274,"Y_CODE":34.774149,"KCODE1":"4360-05"}},{"type":"Polygon","arcs":[[982,-980,-982,-868,-967]],"properties":{"KEY_CODE":"28204436006","PREF":"28","CITY":"204","S_AREA":"436006","PREF_NAME":"兵庫県","CITY_NAME":"西宮市","S_NAME":"段上町六丁目","KIGO_E":null,"HCODE":8101,"AREA":174446.537,"PERIMETER":1946.496,"R2KAxx":4780,"R2KAxx_ID":4779,"KIHON1":"4360","DUMMY1":"-","KIHON2":"06","KEYCODE1":"204436006","KEYCODE2":"204436006","AREA_MAX_F":"M","KIGO_D":null,"N_KEN":null,"N_CITY":null,"KIGO_I":null,"KBSUM":33,"JINKO":2835,"SETAI":1070,"X_CODE":135.36822,"Y_CODE":34.772732,"KCODE1":"4360-06"}},{"type":"Polygon","arcs":[[-966,983,984,-976,-983]],"properties":{"KEY_CODE":"28204436007","PREF":"28","CITY":"204","S_AREA":"436007","PREF_NAME":"兵庫県","CITY_NAME":"西宮市","S_NAME":"段上町七丁目","KIGO_E":null,"HCODE":8101,"AREA":63859.828,"PERIMETER":1091.638,"R2KAxx":4781,"R2KAxx_ID":4780,"KIHON1":"4360","DUMMY1":"-","KIHON2":"07","KEYCODE1":"204436007","KEYCODE2":"204436007","AREA_MAX_F":"M","KIGO_D":null,"N_KEN":null,"N_CITY":null,"KIGO_I":null,"KBSUM":7,"JINKO":484,"SETAI":176,"X_CODE":135.368915,"Y_CODE":34.769484,"KCODE1":"4360-07"}},{"type":"Polygon","arcs":[[985,986,-973,-985,987]],"properties":{"KEY_CODE":"28204436008","PREF":"28","CITY":"204","S_AREA":"436008","PREF_NAME":"兵庫県","CITY_NAME":"西宮市","S_NAME":"段上町八丁目","KIGO_E":null,"HCODE":8101,"AREA":85859.758,"PERIMETER":1384.934,"R2KAxx":4782,"R2KAxx_ID":4781,"KIHON1":"4360","DUMMY1":"-","KIHON2":"08","KEYCODE1":"204436008","KEYCODE2":"204436008","AREA_MAX_F":"M","KIGO_D":null,"N_KEN":null,"N_CITY":null,"KIGO_I":null,"KBSUM":17,"JINKO":1236,"SETAI":515,"X_CODE":135.367553,"Y_CODE":34.76684,"KCODE1":"4360-08"}},{"type":"Polygon","arcs":[[-975,988,989,-953,-943]],"properties":{"KEY_CODE":"28204444001","PREF":"28","CITY":"204","S_AREA":"444001","PREF_NAME":"兵庫県","CITY_NAME":"西宮市","S_NAME":"上大市一丁目","KIGO_E":null,"HCODE":8101,"AREA":66767.415,"PERIMETER":1092.115,"R2KAxx":4783,"R2KAxx_ID":4782,"KIHON1":"4440","DUMMY1":"-","KIHON2":"01","KEYCODE1":"204444001","KEYCODE2":"204444001","AREA_MAX_F":"M","KIGO_D":null,"N_KEN":null,"N_CITY":null,"KIGO_I":null,"KBSUM":14,"JINKO":1001,"SETAI":513,"X_CODE":135.361095,"Y_CODE":34.765192,"KCODE1":"4440-01"}},{"type":"Polygon","arcs":[[990,991,992,993,-954,-990]],"properties":{"KEY_CODE":"28204444002","PREF":"28","CITY":"204","S_AREA":"444002","PREF_NAME":"兵庫県","CITY_NAME":"西宮市","S_NAME":"上大市二丁目","KIGO_E":null,"HCODE":8101,"AREA":114544.449,"PERIMETER":1488.117,"R2KAxx":4784,"R2KAxx_ID":4783,"KIHON1":"4440","DUMMY1":"-","KIHON2":"02","KEYCODE1":"204444002","KEYCODE2":"204444002","AREA_MAX_F":"M","KIGO_D":null,"N_KEN":null,"N_CITY":null,"KIGO_I":null,"KBSUM":21,"JINKO":1632,"SETAI":689,"X_CODE":135.361525,"Y_CODE":34.763032,"KCODE1":"4440-02"}},{"type":"Polygon","arcs":[[-987,994,-991,-989,-974]],"properties":{"KEY_CODE":"28204444003","PREF":"28","CITY":"204","S_AREA":"444003","PREF_NAME":"兵庫県","CITY_NAME":"西宮市","S_NAME":"上大市三丁目","KIGO_E":null,"HCODE":8101,"AREA":58785.727,"PERIMETER":1006.984,"R2KAxx":4785,"R2KAxx_ID":4784,"KIHON1":"4440","DUMMY1":"-","KIHON2":"03","KEYCODE1":"204444003","KEYCODE2":"204444003","AREA_MAX_F":"M","KIGO_D":null,"N_KEN":null,"N_CITY":null,"KIGO_I":null,"KBSUM":8,"JINKO":474,"SETAI":215,"X_CODE":135.364275,"Y_CODE":34.765013,"KCODE1":"4440-03"}},{"type":"Polygon","arcs":[[995,996,997,-992,-995,-986,998]],"properties":{"KEY_CODE":"28204444004","PREF":"28","CITY":"204","S_AREA":"444004","PREF_NAME":"兵庫県","CITY_NAME":"西宮市","S_NAME":"上大市四丁目","KIGO_E":null,"HCODE":8101,"AREA":128047.03,"PERIMETER":1741.942,"R2KAxx":4786,"R2KAxx_ID":4785,"KIHON1":"4440","DUMMY1":"-","KIHON2":"04","KEYCODE1":"204444004","KEYCODE2":"204444004","AREA_MAX_F":"M","KIGO_D":null,"N_KEN":null,"N_CITY":null,"KIGO_I":null,"KBSUM":22,"JINKO":1715,"SETAI":640,"X_CODE":135.36586,"Y_CODE":34.763149,"KCODE1":"4440-04"}},{"type":"Polygon","arcs":[[999,-999,-988,-984,-971,1000]],"properties":{"KEY_CODE":"28204444005","PREF":"28","CITY":"204","S_AREA":"444005","PREF_NAME":"兵庫県","CITY_NAME":"西宮市","S_NAME":"上大市五丁目","KIGO_E":null,"HCODE":8101,"AREA":274178.273,"PERIMETER":2211.222,"R2KAxx":4787,"R2KAxx_ID":4786,"KIHON1":"4440","DUMMY1":"-","KIHON2":"05","KEYCODE1":"204444005","KEYCODE2":"204444005","AREA_MAX_F":"M","KIGO_D":null,"N_KEN":null,"N_CITY":null,"KIGO_I":null,"KBSUM":31,"JINKO":1649,"SETAI":640,"X_CODE":135.371505,"Y_CODE":34.767088,"KCODE1":"4440-05"}},{"type":"Polygon","arcs":[[-998,1001,1002,1003,1004,-965,1005,-993]],"properties":{"KEY_CODE":"282044490","PREF":"28","CITY":"204","S_AREA":"449000","PREF_NAME":"兵庫県","CITY_NAME":"西宮市","S_NAME":"下大市東町","KIGO_E":null,"HCODE":8101,"AREA":133056.025,"PERIMETER":2206.824,"R2KAxx":4788,"R2KAxx_ID":4787,"KIHON1":"4490","DUMMY1":"-","KIHON2":"00","KEYCODE1":"204449000","KEYCODE2":"2044490","AREA_MAX_F":"M","KIGO_D":null,"N_KEN":null,"N_CITY":null,"KIGO_I":null,"KBSUM":40,"JINKO":1628,"SETAI":853,"X_CODE":135.361283,"Y_CODE":34.759249,"KCODE1":"4490-00"}},{"type":"Polygon","arcs":[[-964,-958,-955,-994,-1006]],"properties":{"KEY_CODE":"282044500","PREF":"28","CITY":"204","S_AREA":"450000","PREF_NAME":"兵庫県","CITY_NAME":"西宮市","S_NAME":"下大市西町","KIGO_E":null,"HCODE":8101,"AREA":75764.483,"PERIMETER":1287.495,"R2KAxx":4789,"R2KAxx_ID":4788,"KIHON1":"4500","DUMMY1":"-","KIHON2":"00","KEYCODE1":"204450000","KEYCODE2":"2044500","AREA_MAX_F":"M","KIGO_D":null,"N_KEN":null,"N_CITY":null,"KIGO_I":null,"KBSUM":16,"JINKO":1010,"SETAI":443,"X_CODE":135.359702,"Y_CODE":34.760449,"KCODE1":"4500-00"}},{"type":"Polygon","arcs":[[1006,-996,-1000,1007,-758,1008]],"properties":{"KEY_CODE":"28204451001","PREF":"28","CITY":"204","S_AREA":"451001","PREF_NAME":"兵庫県","CITY_NAME":"西宮市","S_NAME":"樋ノ口町一丁目","KIGO_E":null,"HCODE":8101,"AREA":146784.75,"PERIMETER":1608.177,"R2KAxx":4790,"R2KAxx_ID":4789,"KIHON1":"4510","DUMMY1":"-","KIHON2":"01","KEYCODE1":"204451001","KEYCODE2":"204451001","AREA_MAX_F":"M","KIGO_D":null,"N_KEN":null,"N_CITY":null,"KIGO_I":null,"KBSUM":16,"JINKO":1213,"SETAI":445,"X_CODE":135.370927,"Y_CODE":34.763064,"KCODE1":"4510-01"}},{"type":"Polygon","arcs":[[-757,-773,1009,1010,1011,-1009]],"properties":{"KEY_CODE":"28204451002","PREF":"28","CITY":"204","S_AREA":"451002","PREF_NAME":"兵庫県","CITY_NAME":"西宮市","S_NAME":"樋ノ口町二丁目","KIGO_E":null,"HCODE":8101,"AREA":155749.769,"PERIMETER":1719.492,"R2KAxx":4791,"R2KAxx_ID":4790,"KIHON1":"4510","DUMMY1":"-","KIHON2":"02","KEYCODE1":"204451002","KEYCODE2":"204451002","AREA_MAX_F":"M","KIGO_D":null,"N_KEN":null,"N_CITY":null,"KIGO_I":null,"KBSUM":34,"JINKO":2507,"SETAI":1065,"X_CODE":135.369224,"Y_CODE":34.7596,"KCODE1":"4510-02"}},{"type":"Polygon","arcs":[[-1012,1012,-1002,-997,-1007]],"properties":{"KEY_CODE":"282044530","PREF":"28","CITY":"204","S_AREA":"453000","PREF_NAME":"兵庫県","CITY_NAME":"西宮市","S_NAME":"大島町","KIGO_E":null,"HCODE":8101,"AREA":64262.27,"PERIMETER":1320.513,"R2KAxx":4792,"R2KAxx_ID":4791,"KIHON1":"4530","DUMMY1":"-","KIHON2":"00","KEYCODE1":"204453000","KEYCODE2":"2044530","AREA_MAX_F":"M","KIGO_D":null,"N_KEN":null,"N_CITY":null,"KIGO_I":null,"KBSUM":10,"JINKO":605,"SETAI":259,"X_CODE":135.367182,"Y_CODE":34.761386,"KCODE1":"4530-00"}},{"type":"Polygon","arcs":[[-1011,1013,1014,-1003,-1013]],"properties":{"KEY_CODE":"282044540","PREF":"28","CITY":"204","S_AREA":"454000","PREF_NAME":"兵庫県","CITY_NAME":"西宮市","S_NAME":"若山町","KIGO_E":null,"HCODE":8101,"AREA":53490.606,"PERIMETER":1241.561,"R2KAxx":4793,"R2KAxx_ID":4792,"KIHON1":"4540","DUMMY1":"-","KIHON2":"00","KEYCODE1":"204454000","KEYCODE2":"2044540","AREA_MAX_F":"M","KIGO_D":null,"N_KEN":null,"N_CITY":null,"KIGO_I":null,"KBSUM":16,"JINKO":1195,"SETAI":427,"X_CODE":135.364998,"Y_CODE":34.759771,"KCODE1":"4540-00"}},{"type":"Polygon","arcs":[[-1010,-772,-781,1015,-1014]],"properties":{"KEY_CODE":"282044550","PREF":"28","CITY":"204","S_AREA":"455000","PREF_NAME":"兵庫県","CITY_NAME":"西宮市","S_NAME":"門前町","KIGO_E":null,"HCODE":8101,"AREA":99044.073,"PERIMETER":1313.568,"R2KAxx":4794,"R2KAxx_ID":4793,"KIHON1":"4550","DUMMY1":"-","KIHON2":"00","KEYCODE1":"204455000","KEYCODE2":"2044550","AREA_MAX_F":"M","KIGO_D":null,"N_KEN":null,"N_CITY":null,"KIGO_I":null,"KBSUM":22,"JINKO":2159,"SETAI":1040,"X_CODE":135.364579,"Y_CODE":34.757382,"KCODE1":"4550-00"}},{"type":"Polygon","arcs":[[-1016,-780,-782,1016,-1004,-1015]],"properties":{"KEY_CODE":"282044560","PREF":"28","CITY":"204","S_AREA":"456000","PREF_NAME":"兵庫県","CITY_NAME":"西宮市","S_NAME":"林田町","KIGO_E":null,"HCODE":8101,"AREA":80638.91,"PERIMETER":1238.371,"R2KAxx":4795,"R2KAxx_ID":4794,"KIHON1":"4560","DUMMY1":"-","KIHON2":"00","KEYCODE1":"204456000","KEYCODE2":"2044560","AREA_MAX_F":"M","KIGO_D":null,"N_KEN":null,"N_CITY":null,"KIGO_I":null,"KBSUM":12,"JINKO":960,"SETAI":397,"X_CODE":135.362024,"Y_CODE":34.757055,"KCODE1":"4560-00"}},{"type":"Polygon","arcs":[[-807,-1005,-1017,-786]],"properties":{"KEY_CODE":"282044570","PREF":"28","CITY":"204","S_AREA":"457000","PREF_NAME":"兵庫県","CITY_NAME":"西宮市","S_NAME":"野間町","KIGO_E":null,"HCODE":8101,"AREA":40920.395,"PERIMETER":915.479,"R2KAxx":4796,"R2KAxx_ID":4795,"KIHON1":"4570","DUMMY1":"-","KIHON2":"00","KEYCODE1":"204457000","KEYCODE2":"2044570","AREA_MAX_F":"M","KIGO_D":null,"N_KEN":null,"N_CITY":null,"KIGO_I":null,"KBSUM":10,"JINKO":1174,"SETAI":479,"X_CODE":135.359675,"Y_CODE":34.756216,"KCODE1":"4570-00"}},{"type":"Polygon","arcs":[[-969,1017]],"properties":{"KEY_CODE":"282044660","PREF":"28","CITY":"204","S_AREA":"466000","PREF_NAME":"兵庫県","CITY_NAME":"西宮市","S_NAME":"田近野町","KIGO_E":null,"HCODE":8101,"AREA":384720.865,"PERIMETER":3269.512,"R2KAxx":4797,"R2KAxx_ID":4796,"KIHON1":"4660","DUMMY1":"-","KIHON2":"00","KEYCODE1":"204466000","KEYCODE2":"2044660","AREA_MAX_F":"M","KIGO_D":null,"N_KEN":null,"N_CITY":null,"KIGO_I":null,"KBSUM":28,"JINKO":1673,"SETAI":617,"X_CODE":135.371845,"Y_CODE":34.777601,"KCODE1":"4660-00"}},{"type":"Polygon","arcs":[[1018,1019,1020,1021,1022,1023,1024,1025,1026,1027,1028,1029,1030,1031,1032,1033,1034,1035,1036]],"properties":{"KEY_CODE":"282045011","PREF":"28","CITY":"204","S_AREA":"501100","PREF_NAME":"兵庫県","CITY_NAME":"西宮市","S_NAME":"塩瀬町名塩","KIGO_E":"E2","HCODE":8101,"AREA":8158582.515,"PERIMETER":24926.255,"R2KAxx":4800,"R2KAxx_ID":4799,"KIHON1":"5011","DUMMY1":"-","KIHON2":"00","KEYCODE1":"204501100","KEYCODE2":"2045011","AREA_MAX_F":"M","KIGO_D":null,"N_KEN":null,"N_CITY":null,"KIGO_I":null,"KBSUM":0,"JINKO":0,"SETAI":0,"X_CODE":135.29825,"Y_CODE":34.844983,"KCODE1":"5011-00"}},{"type":"Polygon","arcs":[[1037,1038,1039,1040,1041,1042,1043,1044,1045,1046,1047,1048],[1049,1050,1051,1052]],"properties":{"KEY_CODE":"282045011","PREF":"28","CITY":"204","S_AREA":"501100","PREF_NAME":"兵庫県","CITY_NAME":"西宮市","S_NAME":"塩瀬町名塩","KIGO_E":"E3","HCODE":8101,"AREA":2544918.344,"PERIMETER":13531.627,"R2KAxx":4799,"R2KAxx_ID":4798,"KIHON1":"5011","DUMMY1":"-","KIHON2":"00","KEYCODE1":"204501100","KEYCODE2":"2045011","AREA_MAX_F":null,"KIGO_D":null,"N_KEN":null,"N_CITY":null,"KIGO_I":null,"KBSUM":0,"JINKO":0,"SETAI":0,"X_CODE":135.292587,"Y_CODE":34.8213,"KCODE1":"5011-00"}},{"type":"Polygon","arcs":[[1053,1054,1055]],"properties":{"KEY_CODE":"282045011","PREF":"28","CITY":"204","S_AREA":"501100","PREF_NAME":"兵庫県","CITY_NAME":"西宮市","S_NAME":"塩瀬町名塩","KIGO_E":"E1","HCODE":8101,"AREA":6817.841,"PERIMETER":340.321,"R2KAxx":4798,"R2KAxx_ID":4797,"KIHON1":"5011","DUMMY1":"-","KIHON2":"00","KEYCODE1":"204501100","KEYCODE2":"2045011","AREA_MAX_F":null,"KIGO_D":null,"N_KEN":null,"N_CITY":null,"KIGO_I":null,"KBSUM":3,"JINKO":198,"SETAI":80,"X_CODE":135.314955,"Y_CODE":34.827669,"KCODE1":"5011-00"}},{"type":"Polygon","arcs":[[-1031,1056,1057,-1048,1058,1059,1060,1061,1062,1063]],"properties":{"KEY_CODE":"282045012","PREF":"28","CITY":"204","S_AREA":"501200","PREF_NAME":"兵庫県","CITY_NAME":"西宮市","S_NAME":"塩瀬町名塩","KIGO_E":"E1","HCODE":8101,"AREA":267780.65,"PERIMETER":4802.106,"R2KAxx":4803,"R2KAxx_ID":4802,"KIHON1":"5012","DUMMY1":"-","KIHON2":"00","KEYCODE1":"204501200","KEYCODE2":"2045012","AREA_MAX_F":null,"KIGO_D":null,"N_KEN":null,"N_CITY":null,"KIGO_I":null,"KBSUM":9,"JINKO":13,"SETAI":5,"X_CODE":135.287021,"Y_CODE":34.831294,"KCODE1":"5012-00"}},{"type":"Polygon","arcs":[[1064,1065,-1045,1066,1067,1068,1069]],"properties":{"KEY_CODE":"282045012","PREF":"28","CITY":"204","S_AREA":"501200","PREF_NAME":"兵庫県","CITY_NAME":"西宮市","S_NAME":"塩瀬町名塩","KIGO_E":"E3","HCODE":8101,"AREA":1023913.777,"PERIMETER":5706.122,"R2KAxx":4802,"R2KAxx_ID":4801,"KIHON1":"5012","DUMMY1":"-","KIHON2":"00","KEYCODE1":"204501200","KEYCODE2":"2045012","AREA_MAX_F":"M","KIGO_D":null,"N_KEN":null,"N_CITY":null,"KIGO_I":null,"KBSUM":0,"JINKO":0,"SETAI":0,"X_CODE":135.275359,"Y_CODE":34.829322,"KCODE1":"5012-00"}},{"type":"Polygon","arcs":[[1070,-1041,1071,1072,1073]],"properties":{"KEY_CODE":"282045012","PREF":"28","CITY":"204","S_AREA":"501200","PREF_NAME":"兵庫県","CITY_NAME":"西宮市","S_NAME":"塩瀬町名塩","KIGO_E":"E4","HCODE":8101,"AREA":211371.576,"PERIMETER":2828.049,"R2KAxx":4801,"R2KAxx_ID":4800,"KIHON1":"5012","DUMMY1":"-","KIHON2":"00","KEYCODE1":"204501200","KEYCODE2":"2045012","AREA_MAX_F":null,"KIGO_D":null,"N_KEN":null,"N_CITY":null,"KIGO_I":null,"KBSUM":0,"JINKO":0,"SETAI":0,"X_CODE":135.312334,"Y_CODE":34.822557,"KCODE1":"5012-00"}},{"type":"Polygon","arcs":[[1074,-1035,1075,1076,1077,1078,1079]],"properties":{"KEY_CODE":"282045012","PREF":"28","CITY":"204","S_AREA":"501200","PREF_NAME":"兵庫県","CITY_NAME":"西宮市","S_NAME":"塩瀬町名塩","KIGO_E":"E2","HCODE":8101,"AREA":977162.342,"PERIMETER":5957.555,"R2KAxx":4804,"R2KAxx_ID":4803,"KIHON1":"5012","DUMMY1":"-","KIHON2":"00","KEYCODE1":"204501200","KEYCODE2":"2045012","AREA_MAX_F":null,"KIGO_D":null,"N_KEN":null,"N_CITY":null,"KIGO_I":null,"KBSUM":0,"JINKO":0,"SETAI":0,"X_CODE":135.267737,"Y_CODE":34.842296,"KCODE1":"5012-00"}},{"type":"Polygon","arcs":[[1080,1081,1082,1083,1084,1085,1086,1087,1088,1089,1090,1091,1092,1093,1094,-1042,-1071,1095,-1019,1096],[1097,1098],[1099]],"properties":{"KEY_CODE":"282045020","PREF":"28","CITY":"204","S_AREA":"502000","PREF_NAME":"兵庫県","CITY_NAME":"西宮市","S_NAME":"塩瀬町生瀬","KIGO_E":null,"HCODE":8101,"AREA":4693279.596,"PERIMETER":24238.95,"R2KAxx":4805,"R2KAxx_ID":4804,"KIHON1":"5020","DUMMY1":"-","KIHON2":"00","KEYCODE1":"204502000","KEYCODE2":"2045020","AREA_MAX_F":"M","KIGO_D":null,"N_KEN":null,"N_CITY":null,"KIGO_I":null,"KBSUM":7,"JINKO":584,"SETAI":135,"X_CODE":135.31156,"Y_CODE":34.813695,"KCODE1":"5020-00"}},{"type":"Polygon","arcs":[[-1021,1100,1101]],"properties":{"KEY_CODE":"282045090","PREF":"28","CITY":"204","S_AREA":"509000","PREF_NAME":"兵庫県","CITY_NAME":"西宮市","S_NAME":"清瀬台","KIGO_E":null,"HCODE":8101,"AREA":88031.463,"PERIMETER":1511.579,"R2KAxx":4806,"R2KAxx_ID":4805,"KIHON1":"5090","DUMMY1":"-","KIHON2":"00","KEYCODE1":"204509000","KEYCODE2":"2045090","AREA_MAX_F":"M","KIGO_D":null,"N_KEN":null,"N_CITY":null,"KIGO_I":null,"KBSUM":21,"JINKO":529,"SETAI":241,"X_CODE":135.319387,"Y_CODE":34.826837,"KCODE1":"5090-00"}},{"type":"Polygon","arcs":[[-1020,-1096,-1074,1072,1102,-1054,1103,-1101]],"properties":{"KEY_CODE":"282045100","PREF":"28","CITY":"204","S_AREA":"510000","PREF_NAME":"兵庫県","CITY_NAME":"西宮市","S_NAME":"名塩木之元","KIGO_E":null,"HCODE":8101,"AREA":324915.942,"PERIMETER":4258.569,"R2KAxx":4807,"R2KAxx_ID":4806,"KIHON1":"5100","DUMMY1":"-","KIHON2":"00","KEYCODE1":"204510000","KEYCODE2":"2045100","AREA_MAX_F":"M","KIGO_D":null,"N_KEN":null,"N_CITY":null,"KIGO_I":null,"KBSUM":23,"JINKO":376,"SETAI":149,"X_CODE":135.315869,"Y_CODE":34.82461,"KCODE1":"5100-00"}},{"type":"Polygon","arcs":[[1104,1105,1106,-1052]],"properties":{"KEY_CODE":"28204511001","PREF":"28","CITY":"204","S_AREA":"511001","PREF_NAME":"兵庫県","CITY_NAME":"西宮市","S_NAME":"名塩南台一丁目","KIGO_E":null,"HCODE":8101,"AREA":82937.155,"PERIMETER":2137.185,"R2KAxx":4808,"R2KAxx_ID":4807,"KIHON1":"5110","DUMMY1":"-","KIHON2":"01","KEYCODE1":"204511001","KEYCODE2":"204511001","AREA_MAX_F":"M","KIGO_D":null,"N_KEN":null,"N_CITY":null,"KIGO_I":null,"KBSUM":17,"JINKO":271,"SETAI":121,"X_CODE":135.300894,"Y_CODE":34.825532,"KCODE1":"5110-01"}},{"type":"Polygon","arcs":[[-1107,1107,-1053]],"properties":{"KEY_CODE":"28204511002","PREF":"28","CITY":"204","S_AREA":"511002","PREF_NAME":"兵庫県","CITY_NAME":"西宮市","S_NAME":"名塩南台二丁目","KIGO_E":null,"HCODE":8101,"AREA":127808.155,"PERIMETER":1723.662,"R2KAxx":4809,"R2KAxx_ID":4808,"KIHON1":"5110","DUMMY1":"-","KIHON2":"02","KEYCODE1":"204511002","KEYCODE2":"204511002","AREA_MAX_F":"M","KIGO_D":null,"N_KEN":null,"N_CITY":null,"KIGO_I":null,"KBSUM":20,"JINKO":527,"SETAI":218,"X_CODE":135.29749,"Y_CODE":34.826134,"KCODE1":"5110-02"}},{"type":"Polygon","arcs":[[-1106,1108,-1050,-1108]],"properties":{"KEY_CODE":"28204511003","PREF":"28","CITY":"204","S_AREA":"511003","PREF_NAME":"兵庫県","CITY_NAME":"西宮市","S_NAME":"名塩南台三丁目","KIGO_E":null,"HCODE":8101,"AREA":205586.134,"PERIMETER":2469.18,"R2KAxx":4810,"R2KAxx_ID":4809,"KIHON1":"5110","DUMMY1":"-","KIHON2":"03","KEYCODE1":"204511003","KEYCODE2":"204511003","AREA_MAX_F":"M","KIGO_D":null,"N_KEN":null,"N_CITY":null,"KIGO_I":null,"KBSUM":21,"JINKO":678,"SETAI":251,"X_CODE":135.298513,"Y_CODE":34.823543,"KCODE1":"5110-03"}},{"type":"Polygon","arcs":[[-1051,-1109,-1105]],"properties":{"KEY_CODE":"28204511004","PREF":"28","CITY":"204","S_AREA":"511004","PREF_NAME":"兵庫県","CITY_NAME":"西宮市","S_NAME":"名塩南台四丁目","KIGO_E":null,"HCODE":8101,"AREA":143089.755,"PERIMETER":2152.02,"R2KAxx":4811,"R2KAxx_ID":4810,"KIHON1":"5110","DUMMY1":"-","KIHON2":"04","KEYCODE1":"204511004","KEYCODE2":"204511004","AREA_MAX_F":"M","KIGO_D":null,"N_KEN":null,"N_CITY":null,"KIGO_I":null,"KBSUM":21,"JINKO":607,"SETAI":227,"X_CODE":135.303427,"Y_CODE":34.822941,"KCODE1":"5110-04"}},{"type":"Polygon","arcs":[[-1047,1109,-1059]],"properties":{"KEY_CODE":"282045160","PREF":"28","CITY":"204","S_AREA":"516000","PREF_NAME":"兵庫県","CITY_NAME":"西宮市","S_NAME":"名塩山荘","KIGO_E":null,"HCODE":8101,"AREA":146953.831,"PERIMETER":1769.189,"R2KAxx":4812,"R2KAxx_ID":4811,"KIHON1":"5160","DUMMY1":"-","KIHON2":"00","KEYCODE1":"204516000","KEYCODE2":"2045160","AREA_MAX_F":"M","KIGO_D":null,"N_KEN":null,"N_CITY":null,"KIGO_I":null,"KBSUM":25,"JINKO":772,"SETAI":299,"X_CODE":135.290698,"Y_CODE":34.827099,"KCODE1":"5160-00"}},{"type":"Polygon","arcs":[[-1110,-1046,-1066,1110,-1060]],"properties":{"KEY_CODE":"282045170","PREF":"28","CITY":"204","S_AREA":"517000","PREF_NAME":"兵庫県","CITY_NAME":"西宮市","S_NAME":"名塩ガーデン","KIGO_E":null,"HCODE":8101,"AREA":76832.835,"PERIMETER":1773.364,"R2KAxx":4813,"R2KAxx_ID":4812,"KIHON1":"5170","DUMMY1":"-","KIHON2":"00","KEYCODE1":"204517000","KEYCODE2":"2045170","AREA_MAX_F":"M","KIGO_D":null,"N_KEN":null,"N_CITY":null,"KIGO_I":null,"KBSUM":19,"JINKO":391,"SETAI":183,"X_CODE":135.287282,"Y_CODE":34.827954,"KCODE1":"5170-00"}},{"type":"Polygon","arcs":[[-1111,-1065,1111,-1061]],"properties":{"KEY_CODE":"282045180","PREF":"28","CITY":"204","S_AREA":"518000","PREF_NAME":"兵庫県","CITY_NAME":"西宮市","S_NAME":"名塩平成台","KIGO_E":null,"HCODE":8101,"AREA":292500.3,"PERIMETER":2706.188,"R2KAxx":4814,"R2KAxx_ID":4813,"KIHON1":"5180","DUMMY1":"-","KIHON2":"00","KEYCODE1":"204518000","KEYCODE2":"2045180","AREA_MAX_F":"M","KIGO_D":null,"N_KEN":null,"N_CITY":null,"KIGO_I":null,"KBSUM":5,"JINKO":1036,"SETAI":344,"X_CODE":135.282355,"Y_CODE":34.830666,"KCODE1":"5180-00"}},{"type":"Polygon","arcs":[[-1103,-1072,-1040,1112,1113,1114,-1055]],"properties":{"KEY_CODE":"282045200","PREF":"28","CITY":"204","S_AREA":"520000","PREF_NAME":"兵庫県","CITY_NAME":"西宮市","S_NAME":"名塩新町","KIGO_E":null,"HCODE":8101,"AREA":143422.858,"PERIMETER":2436.454,"R2KAxx":4815,"R2KAxx_ID":4814,"KIHON1":"5200","DUMMY1":"-","KIHON2":"00","KEYCODE1":"204520000","KEYCODE2":"2045200","AREA_MAX_F":"M","KIGO_D":null,"N_KEN":null,"N_CITY":null,"KIGO_I":null,"KBSUM":4,"JINKO":548,"SETAI":184,"X_CODE":135.311088,"Y_CODE":34.826851,"KCODE1":"5200-00"}},{"type":"Polygon","arcs":[[-1114,1115,1116]],"properties":{"KEY_CODE":"28204521001","PREF":"28","CITY":"204","S_AREA":"521001","PREF_NAME":"兵庫県","CITY_NAME":"西宮市","S_NAME":"東山台一丁目","KIGO_E":null,"HCODE":8101,"AREA":113330.599,"PERIMETER":1817.43,"R2KAxx":4816,"R2KAxx_ID":4815,"KIHON1":"5210","DUMMY1":"-","KIHON2":"01","KEYCODE1":"204521001","KEYCODE2":"204521001","AREA_MAX_F":"M","KIGO_D":null,"N_KEN":null,"N_CITY":null,"KIGO_I":null,"KBSUM":17,"JINKO":964,"SETAI":391,"X_CODE":135.310381,"Y_CODE":34.82874,"KCODE1":"5210-01"}},{"type":"Polygon","arcs":[[-1102,-1104,-1056,-1115,-1117,1117,1118,1119,1120,-1022]],"properties":{"KEY_CODE":"28204521002","PREF":"28","CITY":"204","S_AREA":"521002","PREF_NAME":"兵庫県","CITY_NAME":"西宮市","S_NAME":"東山台二丁目","KIGO_E":null,"HCODE":8101,"AREA":296829.616,"PERIMETER":3566.641,"R2KAxx":4817,"R2KAxx_ID":4816,"KIHON1":"5210","DUMMY1":"-","KIHON2":"02","KEYCODE1":"204521002","KEYCODE2":"204521002","AREA_MAX_F":"M","KIGO_D":null,"N_KEN":null,"N_CITY":null,"KIGO_I":null,"KBSUM":35,"JINKO":1867,"SETAI":726,"X_CODE":135.315142,"Y_CODE":34.830271,"KCODE1":"5210-02"}},{"type":"Polygon","arcs":[[1121,1122,1123,-1120]],"properties":{"KEY_CODE":"28204521003","PREF":"28","CITY":"204","S_AREA":"521003","PREF_NAME":"兵庫県","CITY_NAME":"西宮市","S_NAME":"東山台三丁目","KIGO_E":null,"HCODE":8101,"AREA":217471.598,"PERIMETER":1992.91,"R2KAxx":4818,"R2KAxx_ID":4817,"KIHON1":"5210","DUMMY1":"-","KIHON2":"03","KEYCODE1":"204521003","KEYCODE2":"204521003","AREA_MAX_F":"M","KIGO_D":null,"N_KEN":null,"N_CITY":null,"KIGO_I":null,"KBSUM":51,"JINKO":1868,"SETAI":668,"X_CODE":135.31288,"Y_CODE":34.833169,"KCODE1":"5210-03"}},{"type":"Polygon","arcs":[[-1119,1124,1125,-1122]],"properties":{"KEY_CODE":"28204521004","PREF":"28","CITY":"204","S_AREA":"521004","PREF_NAME":"兵庫県","CITY_NAME":"西宮市","S_NAME":"東山台四丁目","KIGO_E":null,"HCODE":8101,"AREA":88073.639,"PERIMETER":1352.274,"R2KAxx":4819,"R2KAxx_ID":4818,"KIHON1":"5210","DUMMY1":"-","KIHON2":"04","KEYCODE1":"204521004","KEYCODE2":"204521004","AREA_MAX_F":"M","KIGO_D":null,"N_KEN":null,"N_CITY":null,"KIGO_I":null,"KBSUM":18,"JINKO":782,"SETAI":258,"X_CODE":135.3089,"Y_CODE":34.832908,"KCODE1":"5210-04"}},{"type":"Polygon","arcs":[[1126,-1125,-1118,-1116,-1113,-1039,1127,-1027,1128]],"properties":{"KEY_CODE":"28204521005","PREF":"28","CITY":"204","S_AREA":"521005","PREF_NAME":"兵庫県","CITY_NAME":"西宮市","S_NAME":"東山台五丁目","KIGO_E":null,"HCODE":8101,"AREA":280053.239,"PERIMETER":4129.196,"R2KAxx":4820,"R2KAxx_ID":4819,"KIHON1":"5210","DUMMY1":"-","KIHON2":"05","KEYCODE1":"204521005","KEYCODE2":"204521005","AREA_MAX_F":"M","KIGO_D":null,"N_KEN":null,"N_CITY":null,"KIGO_I":null,"KBSUM":1,"JINKO":152,"SETAI":41,"X_CODE":135.305281,"Y_CODE":34.831844,"KCODE1":"5210-05"}},{"type":"Polygon","arcs":[[-1121,-1124,1129,1130,-1023]],"properties":{"KEY_CODE":"28204526001","PREF":"28","CITY":"204","S_AREA":"526001","PREF_NAME":"兵庫県","CITY_NAME":"西宮市","S_NAME":"国見台一丁目","KIGO_E":null,"HCODE":8101,"AREA":304274.998,"PERIMETER":3515.631,"R2KAxx":4821,"R2KAxx_ID":4820,"KIHON1":"5260","DUMMY1":"-","KIHON2":"01","KEYCODE1":"204526001","KEYCODE2":"204526001","AREA_MAX_F":"M","KIGO_D":null,"N_KEN":null,"N_CITY":null,"KIGO_I":null,"KBSUM":1,"JINKO":0,"SETAI":0,"X_CODE":135.314853,"Y_CODE":34.83705,"KCODE1":"5260-01"}},{"type":"Polygon","arcs":[[-1131,1131,1132,-1024]],"properties":{"KEY_CODE":"28204526002","PREF":"28","CITY":"204","S_AREA":"526002","PREF_NAME":"兵庫県","CITY_NAME":"西宮市","S_NAME":"国見台二丁目","KIGO_E":null,"HCODE":8101,"AREA":176330.915,"PERIMETER":2116.493,"R2KAxx":4822,"R2KAxx_ID":4821,"KIHON1":"5260","DUMMY1":"-","KIHON2":"02","KEYCODE1":"204526002","KEYCODE2":"204526002","AREA_MAX_F":"M","KIGO_D":null,"N_KEN":null,"N_CITY":null,"KIGO_I":null,"KBSUM":1,"JINKO":0,"SETAI":0,"X_CODE":135.311416,"Y_CODE":34.83917,"KCODE1":"5260-02"}},{"type":"Polygon","arcs":[[-1133,1133,1134,1135,-1025]],"properties":{"KEY_CODE":"28204526003","PREF":"28","CITY":"204","S_AREA":"526003","PREF_NAME":"兵庫県","CITY_NAME":"西宮市","S_NAME":"国見台三丁目","KIGO_E":null,"HCODE":8101,"AREA":182863.555,"PERIMETER":2130.258,"R2KAxx":4823,"R2KAxx_ID":4822,"KIHON1":"5260","DUMMY1":"-","KIHON2":"03","KEYCODE1":"204526003","KEYCODE2":"204526003","AREA_MAX_F":"M","KIGO_D":null,"N_KEN":null,"N_CITY":null,"KIGO_I":null,"KBSUM":1,"JINKO":0,"SETAI":0,"X_CODE":135.306111,"Y_CODE":34.839486,"KCODE1":"5260-03"}},{"type":"Polygon","arcs":[[-1130,-1123,1136,-1134,-1132]],"properties":{"KEY_CODE":"28204526004","PREF":"28","CITY":"204","S_AREA":"526004","PREF_NAME":"兵庫県","CITY_NAME":"西宮市","S_NAME":"国見台四丁目","KIGO_E":null,"HCODE":8101,"AREA":130303.2,"PERIMETER":1726.066,"R2KAxx":4824,"R2KAxx_ID":4823,"KIHON1":"5260","DUMMY1":"-","KIHON2":"04","KEYCODE1":"204526004","KEYCODE2":"204526004","AREA_MAX_F":"M","KIGO_D":null,"N_KEN":null,"N_CITY":null,"KIGO_I":null,"KBSUM":1,"JINKO":398,"SETAI":113,"X_CODE":135.309418,"Y_CODE":34.836697,"KCODE1":"5260-04"}},{"type":"Polygon","arcs":[[-1137,-1126,-1127,1137,-1135]],"properties":{"KEY_CODE":"28204526005","PREF":"28","CITY":"204","S_AREA":"526005","PREF_NAME":"兵庫県","CITY_NAME":"西宮市","S_NAME":"国見台五丁目","KIGO_E":null,"HCODE":8101,"AREA":172621.278,"PERIMETER":1874.389,"R2KAxx":4825,"R2KAxx_ID":4824,"KIHON1":"5260","DUMMY1":"-","KIHON2":"05","KEYCODE1":"204526005","KEYCODE2":"204526005","AREA_MAX_F":"M","KIGO_D":null,"N_KEN":null,"N_CITY":null,"KIGO_I":null,"KBSUM":1,"JINKO":0,"SETAI":0,"X_CODE":135.304661,"Y_CODE":34.83585,"KCODE1":"5260-05"}},{"type":"Polygon","arcs":[[-1136,-1138,-1129,-1026]],"properties":{"KEY_CODE":"28204526006","PREF":"28","CITY":"204","S_AREA":"526006","PREF_NAME":"兵庫県","CITY_NAME":"西宮市","S_NAME":"国見台六丁目","KIGO_E":null,"HCODE":8101,"AREA":348673.139,"PERIMETER":3011.532,"R2KAxx":4826,"R2KAxx_ID":4825,"KIHON1":"5260","DUMMY1":"-","KIHON2":"06","KEYCODE1":"204526006","KEYCODE2":"204526006","AREA_MAX_F":"M","KIGO_D":null,"N_KEN":null,"N_CITY":null,"KIGO_I":null,"KBSUM":1,"JINKO":0,"SETAI":0,"X_CODE":135.300538,"Y_CODE":34.837863,"KCODE1":"5260-06"}},{"type":"Polygon","arcs":[[-1128,-1038,1138,-1028]],"properties":{"KEY_CODE":"28204533001","PREF":"28","CITY":"204","S_AREA":"533001","PREF_NAME":"兵庫県","CITY_NAME":"西宮市","S_NAME":"名塩一丁目","KIGO_E":null,"HCODE":8101,"AREA":254594.51,"PERIMETER":3564.452,"R2KAxx":4827,"R2KAxx_ID":4826,"KIHON1":"5330","DUMMY1":"-","KIHON2":"01","KEYCODE1":"204533001","KEYCODE2":"204533001","AREA_MAX_F":"M","KIGO_D":null,"N_KEN":null,"N_CITY":null,"KIGO_I":null,"KBSUM":43,"JINKO":857,"SETAI":369,"X_CODE":135.301614,"Y_CODE":34.830057,"KCODE1":"5330-01"}},{"type":"Polygon","arcs":[[-1139,-1049,-1058,1139,-1029]],"properties":{"KEY_CODE":"28204533002","PREF":"28","CITY":"204","S_AREA":"533002","PREF_NAME":"兵庫県","CITY_NAME":"西宮市","S_NAME":"名塩二丁目","KIGO_E":null,"HCODE":8101,"AREA":188896.14,"PERIMETER":2629.934,"R2KAxx":4828,"R2KAxx_ID":4827,"KIHON1":"5330","DUMMY1":"-","KIHON2":"02","KEYCODE1":"204533002","KEYCODE2":"204533002","AREA_MAX_F":"M","KIGO_D":null,"N_KEN":null,"N_CITY":null,"KIGO_I":null,"KBSUM":23,"JINKO":435,"SETAI":181,"X_CODE":135.296416,"Y_CODE":34.829975,"KCODE1":"5330-02"}},{"type":"Polygon","arcs":[[-1140,-1057,-1030]],"properties":{"KEY_CODE":"28204533003","PREF":"28","CITY":"204","S_AREA":"533003","PREF_NAME":"兵庫県","CITY_NAME":"西宮市","S_NAME":"名塩三丁目","KIGO_E":null,"HCODE":8101,"AREA":47009.81,"PERIMETER":1407.993,"R2KAxx":4829,"R2KAxx_ID":4828,"KIHON1":"5330","DUMMY1":"-","KIHON2":"03","KEYCODE1":"204533003","KEYCODE2":"204533003","AREA_MAX_F":"M","KIGO_D":null,"N_KEN":null,"N_CITY":null,"KIGO_I":null,"KBSUM":12,"JINKO":335,"SETAI":140,"X_CODE":135.290807,"Y_CODE":34.831524,"KCODE1":"5330-03"}},{"type":"Polygon","arcs":[[-1032,-1064,1140]],"properties":{"KEY_CODE":"282045400","PREF":"28","CITY":"204","S_AREA":"540000","PREF_NAME":"兵庫県","CITY_NAME":"西宮市","S_NAME":"名塩茶園町","KIGO_E":null,"HCODE":8101,"AREA":73563.526,"PERIMETER":1787.338,"R2KAxx":4830,"R2KAxx_ID":4829,"KIHON1":"5400","DUMMY1":"-","KIHON2":"00","KEYCODE1":"204540000","KEYCODE2":"2045400","AREA_MAX_F":"M","KIGO_D":null,"N_KEN":null,"N_CITY":null,"KIGO_I":null,"KBSUM":19,"JINKO":451,"SETAI":171,"X_CODE":135.283449,"Y_CODE":34.834918,"KCODE1":"5400-00"}},{"type":"Polygon","arcs":[[-1141,-1063,1141,1142,1143,-1033]],"properties":{"KEY_CODE":"28204541001","PREF":"28","CITY":"204","S_AREA":"541001","PREF_NAME":"兵庫県","CITY_NAME":"西宮市","S_NAME":"名塩さくら台一丁目","KIGO_E":null,"HCODE":8101,"AREA":171803.501,"PERIMETER":2718.043,"R2KAxx":4831,"R2KAxx_ID":4830,"KIHON1":"5410","DUMMY1":"-","KIHON2":"01","KEYCODE1":"204541001","KEYCODE2":"204541001","AREA_MAX_F":"M","KIGO_D":null,"N_KEN":null,"N_CITY":null,"KIGO_I":null,"KBSUM":21,"JINKO":518,"SETAI":174,"X_CODE":135.282083,"Y_CODE":34.837329,"KCODE1":"5410-01"}},{"type":"Polygon","arcs":[[1144,1145,1146,1147,1148,-1143]],"properties":{"KEY_CODE":"28204541002","PREF":"28","CITY":"204","S_AREA":"541002","PREF_NAME":"兵庫県","CITY_NAME":"西宮市","S_NAME":"名塩さくら台二丁目","KIGO_E":null,"HCODE":8101,"AREA":119461.559,"PERIMETER":1635.484,"R2KAxx":4832,"R2KAxx_ID":4831,"KIHON1":"5410","DUMMY1":"-","KIHON2":"02","KEYCODE1":"204541002","KEYCODE2":"204541002","AREA_MAX_F":"M","KIGO_D":null,"N_KEN":null,"N_CITY":null,"KIGO_I":null,"KBSUM":19,"JINKO":718,"SETAI":236,"X_CODE":135.278796,"Y_CODE":34.837007,"KCODE1":"5410-02"}},{"type":"Polygon","arcs":[[-1144,-1149,1149,-1076,-1034]],"properties":{"KEY_CODE":"28204541003","PREF":"28","CITY":"204","S_AREA":"541003","PREF_NAME":"兵庫県","CITY_NAME":"西宮市","S_NAME":"名塩さくら台三丁目","KIGO_E":null,"HCODE":8101,"AREA":94556.728,"PERIMETER":1768.365,"R2KAxx":4833,"R2KAxx_ID":4832,"KIHON1":"5410","DUMMY1":"-","KIHON2":"03","KEYCODE1":"204541003","KEYCODE2":"204541003","AREA_MAX_F":"M","KIGO_D":null,"N_KEN":null,"N_CITY":null,"KIGO_I":null,"KBSUM":14,"JINKO":522,"SETAI":164,"X_CODE":135.277688,"Y_CODE":34.839114,"KCODE1":"5410-03"}},{"type":"Polygon","arcs":[[1150,1151,-1077,-1150,-1148,1146,-1146]],"properties":{"KEY_CODE":"28204541004","PREF":"28","CITY":"204","S_AREA":"541004","PREF_NAME":"兵庫県","CITY_NAME":"西宮市","S_NAME":"名塩さくら台四丁目","KIGO_E":null,"HCODE":8101,"AREA":126688.982,"PERIMETER":1839.25,"R2KAxx":4834,"R2KAxx_ID":4833,"KIHON1":"5410","DUMMY1":"-","KIHON2":"04","KEYCODE1":"204541004","KEYCODE2":"204541004","AREA_MAX_F":"M","KIGO_D":null,"N_KEN":null,"N_CITY":null,"KIGO_I":null,"KBSUM":16,"JINKO":639,"SETAI":219,"X_CODE":135.274446,"Y_CODE":34.837529,"KCODE1":"5410-04"}},{"type":"Polygon","arcs":[[-1145,-1142,-1062,-1112,-1070,1152,1153,-1151]],"properties":{"KEY_CODE":"282045450","PREF":"28","CITY":"204","S_AREA":"545000","PREF_NAME":"兵庫県","CITY_NAME":"西宮市","S_NAME":"名塩東久保","KIGO_E":null,"HCODE":8101,"AREA":292342.083,"PERIMETER":4403.648,"R2KAxx":4835,"R2KAxx_ID":4834,"KIHON1":"5450","DUMMY1":"-","KIHON2":"00","KEYCODE1":"204545000","KEYCODE2":"2045450","AREA_MAX_F":"M","KIGO_D":null,"N_KEN":null,"N_CITY":null,"KIGO_I":null,"KBSUM":11,"JINKO":167,"SETAI":71,"X_CODE":135.274095,"Y_CODE":34.83454,"KCODE1":"5450-00"}},{"type":"Polygon","arcs":[[-1152,-1154,1154,-1078]],"properties":{"KEY_CODE":"282045460","PREF":"28","CITY":"204","S_AREA":"546000","PREF_NAME":"兵庫県","CITY_NAME":"西宮市","S_NAME":"名塩赤坂","KIGO_E":null,"HCODE":8101,"AREA":137912.025,"PERIMETER":3087.342,"R2KAxx":4836,"R2KAxx_ID":4835,"KIHON1":"5460","DUMMY1":"-","KIHON2":"00","KEYCODE1":"204546000","KEYCODE2":"2045460","AREA_MAX_F":"M","KIGO_D":null,"N_KEN":null,"N_CITY":null,"KIGO_I":null,"KBSUM":18,"JINKO":681,"SETAI":295,"X_CODE":135.268931,"Y_CODE":34.837492,"KCODE1":"5460-00"}},{"type":"Polygon","arcs":[[-1036,-1075,1155]],"properties":{"KEY_CODE":"282045470","PREF":"28","CITY":"204","S_AREA":"547000","PREF_NAME":"兵庫県","CITY_NAME":"西宮市","S_NAME":"名塩美山","KIGO_E":null,"HCODE":8101,"AREA":32250.358,"PERIMETER":890.67,"R2KAxx":4837,"R2KAxx_ID":4836,"KIHON1":"5470","DUMMY1":"-","KIHON2":"00","KEYCODE1":"204547000","KEYCODE2":"2045470","AREA_MAX_F":"M","KIGO_D":null,"N_KEN":null,"N_CITY":null,"KIGO_I":null,"KBSUM":9,"JINKO":68,"SETAI":33,"X_CODE":135.270899,"Y_CODE":34.846555,"KCODE1":"5470-00"}},{"type":"Polygon","arcs":[[1156,-1093,1157,-1091,1158,-1084]],"properties":{"KEY_CODE":"28204551001","PREF":"28","CITY":"204","S_AREA":"551001","PREF_NAME":"兵庫県","CITY_NAME":"西宮市","S_NAME":"宝生ケ丘一丁目","KIGO_E":null,"HCODE":8101,"AREA":80987.317,"PERIMETER":1612.541,"R2KAxx":4838,"R2KAxx_ID":4837,"KIHON1":"5510","DUMMY1":"-","KIHON2":"01","KEYCODE1":"204551001","KEYCODE2":"204551001","AREA_MAX_F":"M","KIGO_D":null,"N_KEN":null,"N_CITY":null,"KIGO_I":null,"KBSUM":24,"JINKO":634,"SETAI":286,"X_CODE":135.331191,"Y_CODE":34.814004,"KCODE1":"5510-01"}},{"type":"Polygon","arcs":[[-1158,-1092]],"properties":{"KEY_CODE":"28204551002","PREF":"28","CITY":"204","S_AREA":"551002","PREF_NAME":"兵庫県","CITY_NAME":"西宮市","S_NAME":"宝生ケ丘二丁目","KIGO_E":null,"HCODE":8101,"AREA":57904.209,"PERIMETER":1127.262,"R2KAxx":4839,"R2KAxx_ID":4838,"KIHON1":"5510","DUMMY1":"-","KIHON2":"02","KEYCODE1":"204551002","KEYCODE2":"204551002","AREA_MAX_F":"M","KIGO_D":null,"N_KEN":null,"N_CITY":null,"KIGO_I":null,"KBSUM":17,"JINKO":481,"SETAI":186,"X_CODE":135.32851,"Y_CODE":34.81399,"KCODE1":"5510-02"}},{"type":"Polygon","arcs":[[1159,-1088]],"properties":{"KEY_CODE":"282045530","PREF":"28","CITY":"204","S_AREA":"553000","PREF_NAME":"兵庫県","CITY_NAME":"西宮市","S_NAME":"生瀬高台","KIGO_E":null,"HCODE":8101,"AREA":143855.955,"PERIMETER":1984.821,"R2KAxx":4840,"R2KAxx_ID":4839,"KIHON1":"5530","DUMMY1":"-","KIHON2":"00","KEYCODE1":"204553000","KEYCODE2":"2045530","AREA_MAX_F":"M","KIGO_D":null,"N_KEN":null,"N_CITY":null,"KIGO_I":null,"KBSUM":40,"JINKO":918,"SETAI":396,"X_CODE":135.324314,"Y_CODE":34.814451,"KCODE1":"5530-00"}},{"type":"Polygon","arcs":[[-1100]],"properties":{"KEY_CODE":"282045540","PREF":"28","CITY":"204","S_AREA":"554000","PREF_NAME":"兵庫県","CITY_NAME":"西宮市","S_NAME":"花の峯","KIGO_E":null,"HCODE":8101,"AREA":80196.293,"PERIMETER":1411.691,"R2KAxx":4841,"R2KAxx_ID":4840,"KIHON1":"5540","DUMMY1":"-","KIHON2":"00","KEYCODE1":"204554000","KEYCODE2":"2045540","AREA_MAX_F":"M","KIGO_D":null,"N_KEN":null,"N_CITY":null,"KIGO_I":null,"KBSUM":10,"JINKO":397,"SETAI":168,"X_CODE":135.328308,"Y_CODE":34.823401,"KCODE1":"5540-00"}},{"type":"Polygon","arcs":[[1160,-1098]],"properties":{"KEY_CODE":"28204555001","PREF":"28","CITY":"204","S_AREA":"555001","PREF_NAME":"兵庫県","CITY_NAME":"西宮市","S_NAME":"青葉台一丁目","KIGO_E":null,"HCODE":8101,"AREA":105016.359,"PERIMETER":1656.238,"R2KAxx":4842,"R2KAxx_ID":4841,"KIHON1":"5550","DUMMY1":"-","KIHON2":"01","KEYCODE1":"204555001","KEYCODE2":"204555001","AREA_MAX_F":"M","KIGO_D":null,"N_KEN":null,"N_CITY":null,"KIGO_I":null,"KBSUM":22,"JINKO":562,"SETAI":235,"X_CODE":135.320186,"Y_CODE":34.820272,"KCODE1":"5550-01"}},{"type":"Polygon","arcs":[[-1161,-1099]],"properties":{"KEY_CODE":"28204555002","PREF":"28","CITY":"204","S_AREA":"555002","PREF_NAME":"兵庫県","CITY_NAME":"西宮市","S_NAME":"青葉台二丁目","KIGO_E":null,"HCODE":8101,"AREA":88622.665,"PERIMETER":1481.773,"R2KAxx":4843,"R2KAxx_ID":4842,"KIHON1":"5550","DUMMY1":"-","KIHON2":"02","KEYCODE1":"204555002","KEYCODE2":"204555002","AREA_MAX_F":"M","KIGO_D":null,"N_KEN":null,"N_CITY":null,"KIGO_I":null,"KBSUM":19,"JINKO":406,"SETAI":184,"X_CODE":135.321699,"Y_CODE":34.823105,"KCODE1":"5550-02"}},{"type":"Polygon","arcs":[[1081,-1081,1161]],"properties":{"KEY_CODE":"282045590","PREF":"28","CITY":"204","S_AREA":"559000","PREF_NAME":"兵庫県","CITY_NAME":"西宮市","S_NAME":"生瀬東町","KIGO_E":null,"HCODE":8101,"AREA":130616.017,"PERIMETER":1636.687,"R2KAxx":4844,"R2KAxx_ID":4843,"KIHON1":"5590","DUMMY1":"-","KIHON2":"00","KEYCODE1":"204559000","KEYCODE2":"2045590","AREA_MAX_F":"M","KIGO_D":null,"N_KEN":null,"N_CITY":null,"KIGO_I":null,"KBSUM":42,"JINKO":1323,"SETAI":591,"X_CODE":135.335316,"Y_CODE":34.815825,"KCODE1":"5590-00"}},{"type":"Polygon","arcs":[[-1159,-1090,1162,1163,-1085]],"properties":{"KEY_CODE":"282045600","PREF":"28","CITY":"204","S_AREA":"560000","PREF_NAME":"兵庫県","CITY_NAME":"西宮市","S_NAME":"生瀬武庫川町","KIGO_E":null,"HCODE":8101,"AREA":52378.989,"PERIMETER":1319.409,"R2KAxx":4845,"R2KAxx_ID":4844,"KIHON1":"5600","DUMMY1":"-","KIHON2":"00","KEYCODE1":"204560000","KEYCODE2":"2045600","AREA_MAX_F":"M","KIGO_D":null,"N_KEN":null,"N_CITY":null,"KIGO_I":null,"KBSUM":13,"JINKO":1953,"SETAI":721,"X_CODE":135.331424,"Y_CODE":34.817001,"KCODE1":"5600-00"}},{"type":"Polygon","arcs":[[-1164,1164,-1086]],"properties":{"KEY_CODE":"28204561001","PREF":"28","CITY":"204","S_AREA":"561001","PREF_NAME":"兵庫県","CITY_NAME":"西宮市","S_NAME":"生瀬町一丁目","KIGO_E":null,"HCODE":8101,"AREA":139739.576,"PERIMETER":2218.826,"R2KAxx":4846,"R2KAxx_ID":4845,"KIHON1":"5610","DUMMY1":"-","KIHON2":"01","KEYCODE1":"204561001","KEYCODE2":"204561001","AREA_MAX_F":"M","KIGO_D":null,"N_KEN":null,"N_CITY":null,"KIGO_I":null,"KBSUM":30,"JINKO":522,"SETAI":225,"X_CODE":135.327497,"Y_CODE":34.81993,"KCODE1":"5610-01"}},{"type":"Polygon","arcs":[[-1089,-1160,-1087,-1165,-1163]],"properties":{"KEY_CODE":"28204561002","PREF":"28","CITY":"204","S_AREA":"561002","PREF_NAME":"兵庫県","CITY_NAME":"西宮市","S_NAME":"生瀬町二丁目","KIGO_E":null,"HCODE":8101,"AREA":118629.889,"PERIMETER":2448.793,"R2KAxx":4847,"R2KAxx_ID":4846,"KIHON1":"5610","DUMMY1":"-","KIHON2":"02","KEYCODE1":"204561002","KEYCODE2":"204561002","AREA_MAX_F":"M","KIGO_D":null,"N_KEN":null,"N_CITY":null,"KIGO_I":null,"KBSUM":27,"JINKO":710,"SETAI":264,"X_CODE":135.327731,"Y_CODE":34.818439,"KCODE1":"5610-02"}},{"type":"Polygon","arcs":[[1165,1166,1167,1168,1169,1170,1171]],"properties":{"KEY_CODE":"28204601000","PREF":"28","CITY":"204","S_AREA":"601000","PREF_NAME":"兵庫県","CITY_NAME":"西宮市","S_NAME":"山口町名来","KIGO_E":"E1","HCODE":8101,"AREA":1263483.072,"PERIMETER":7050.667,"R2KAxx":4849,"R2KAxx_ID":4848,"KIHON1":"6010","DUMMY1":"-","KIHON2":"00","KEYCODE1":"204601000","KEYCODE2":"204601000","AREA_MAX_F":"M","KIGO_D":null,"N_KEN":null,"N_CITY":null,"KIGO_I":null,"KBSUM":5,"JINKO":54,"SETAI":7,"X_CODE":135.245044,"Y_CODE":34.841983,"KCODE1":"6010-00"}},{"type":"Polygon","arcs":[[1172,1173,1174,1175,1176,1177]],"properties":{"KEY_CODE":"28204601000","PREF":"28","CITY":"204","S_AREA":"601000","PREF_NAME":"兵庫県","CITY_NAME":"西宮市","S_NAME":"山口町名来","KIGO_E":"E2","HCODE":8101,"AREA":134542.988,"PERIMETER":2669.649,"R2KAxx":4848,"R2KAxx_ID":4847,"KIHON1":"6010","DUMMY1":"-","KIHON2":"00","KEYCODE1":"204601000","KEYCODE2":"204601000","AREA_MAX_F":null,"KIGO_D":null,"N_KEN":null,"N_CITY":null,"KIGO_I":null,"KBSUM":0,"JINKO":0,"SETAI":0,"X_CODE":135.23414,"Y_CODE":34.840754,"KCODE1":"6010-00"}},{"type":"Polygon","arcs":[[-1177,1178,-1171,1179]],"properties":{"KEY_CODE":"28204601001","PREF":"28","CITY":"204","S_AREA":"601001","PREF_NAME":"兵庫県","CITY_NAME":"西宮市","S_NAME":"山口町名来一丁目","KIGO_E":null,"HCODE":8101,"AREA":126129.082,"PERIMETER":1608.872,"R2KAxx":4850,"R2KAxx_ID":4849,"KIHON1":"6010","DUMMY1":"-","KIHON2":"01","KEYCODE1":"204601001","KEYCODE2":"204601001","AREA_MAX_F":"M","KIGO_D":null,"N_KEN":null,"N_CITY":null,"KIGO_I":null,"KBSUM":27,"JINKO":694,"SETAI":346,"X_CODE":135.236111,"Y_CODE":34.844219,"KCODE1":"6010-01"}},{"type":"Polygon","arcs":[[1180,-1178,-1180,-1170]],"properties":{"KEY_CODE":"28204601002","PREF":"28","CITY":"204","S_AREA":"601002","PREF_NAME":"兵庫県","CITY_NAME":"西宮市","S_NAME":"山口町名来二丁目","KIGO_E":null,"HCODE":8101,"AREA":158331.059,"PERIMETER":1741.43,"R2KAxx":4851,"R2KAxx_ID":4850,"KIHON1":"6010","DUMMY1":"-","KIHON2":"02","KEYCODE1":"204601002","KEYCODE2":"204601002","AREA_MAX_F":"M","KIGO_D":null,"N_KEN":null,"N_CITY":null,"KIGO_I":null,"KBSUM":28,"JINKO":928,"SETAI":427,"X_CODE":135.236714,"Y_CODE":34.84061,"KCODE1":"6010-02"}},{"type":"Polygon","arcs":[[1181,1182,1183]],"properties":{"KEY_CODE":"28204602101","PREF":"28","CITY":"204","S_AREA":"602101","PREF_NAME":"兵庫県","CITY_NAME":"西宮市","S_NAME":"山口町下山口一丁目","KIGO_E":null,"HCODE":8101,"AREA":76922.047,"PERIMETER":1166.169,"R2KAxx":4852,"R2KAxx_ID":4851,"KIHON1":"6021","DUMMY1":"-","KIHON2":"01","KEYCODE1":"204602101","KEYCODE2":"204602101","AREA_MAX_F":"M","KIGO_D":null,"N_KEN":null,"N_CITY":null,"KIGO_I":null,"KBSUM":13,"JINKO":445,"SETAI":228,"X_CODE":135.238266,"Y_CODE":34.836314,"KCODE1":"6021-01"}},{"type":"Polygon","arcs":[[1184,-1174,-1183,1185]],"properties":{"KEY_CODE":"28204602102","PREF":"28","CITY":"204","S_AREA":"602102","PREF_NAME":"兵庫県","CITY_NAME":"西宮市","S_NAME":"山口町下山口二丁目","KIGO_E":null,"HCODE":8101,"AREA":51447.484,"PERIMETER":1088.505,"R2KAxx":4853,"R2KAxx_ID":4852,"KIHON1":"6021","DUMMY1":"-","KIHON2":"02","KEYCODE1":"204602102","KEYCODE2":"204602102","AREA_MAX_F":"M","KIGO_D":null,"N_KEN":null,"N_CITY":null,"KIGO_I":null,"KBSUM":8,"JINKO":57,"SETAI":25,"X_CODE":135.236357,"Y_CODE":34.835777,"KCODE1":"6021-02"}},{"type":"Polygon","arcs":[[1186,1187,1188,-1186,-1182,1189,1190,1191,1192]],"properties":{"KEY_CODE":"28204602103","PREF":"28","CITY":"204","S_AREA":"602103","PREF_NAME":"兵庫県","CITY_NAME":"西宮市","S_NAME":"山口町下山口三丁目","KIGO_E":null,"HCODE":8101,"AREA":150883.767,"PERIMETER":2187.278,"R2KAxx":4854,"R2KAxx_ID":4853,"KIHON1":"6021","DUMMY1":"-","KIHON2":"03","KEYCODE1":"204602103","KEYCODE2":"204602103","AREA_MAX_F":"M","KIGO_D":null,"N_KEN":null,"N_CITY":null,"KIGO_I":null,"KBSUM":14,"JINKO":348,"SETAI":144,"X_CODE":135.238521,"Y_CODE":34.833218,"KCODE1":"6021-03"}},{"type":"Polygon","arcs":[[1193,1194,1195,1196,1197,-1187]],"properties":{"KEY_CODE":"28204602104","PREF":"28","CITY":"204","S_AREA":"602104","PREF_NAME":"兵庫県","CITY_NAME":"西宮市","S_NAME":"山口町下山口四丁目","KIGO_E":null,"HCODE":8101,"AREA":196164.461,"PERIMETER":2208.236,"R2KAxx":4855,"R2KAxx_ID":4854,"KIHON1":"6021","DUMMY1":"-","KIHON2":"04","KEYCODE1":"204602104","KEYCODE2":"204602104","AREA_MAX_F":"M","KIGO_D":null,"N_KEN":null,"N_CITY":null,"KIGO_I":null,"KBSUM":24,"JINKO":874,"SETAI":350,"X_CODE":135.238787,"Y_CODE":34.829306,"KCODE1":"6021-04"}},{"type":"Polygon","arcs":[[1198,1199,1200,-1194,-1193,1201]],"properties":{"KEY_CODE":"28204602105","PREF":"28","CITY":"204","S_AREA":"602105","PREF_NAME":"兵庫県","CITY_NAME":"西宮市","S_NAME":"山口町下山口五丁目","KIGO_E":null,"HCODE":8101,"AREA":138325.674,"PERIMETER":2391.845,"R2KAxx":4856,"R2KAxx_ID":4855,"KIHON1":"6021","DUMMY1":"-","KIHON2":"05","KEYCODE1":"204602105","KEYCODE2":"204602105","AREA_MAX_F":"M","KIGO_D":null,"N_KEN":null,"N_CITY":null,"KIGO_I":null,"KBSUM":17,"JINKO":309,"SETAI":109,"X_CODE":135.24307,"Y_CODE":34.830191,"KCODE1":"6021-05"}},{"type":"Polygon","arcs":[[-1189,1202,1203,1204,-1175,-1185]],"properties":{"KEY_CODE":"282046022","PREF":"28","CITY":"204","S_AREA":"602200","PREF_NAME":"兵庫県","CITY_NAME":"西宮市","S_NAME":"山口町下山口","KIGO_E":"E2","HCODE":8101,"AREA":221252.224,"PERIMETER":2589.234,"R2KAxx":4857,"R2KAxx_ID":4856,"KIHON1":"6022","DUMMY1":"-","KIHON2":"00","KEYCODE1":"204602200","KEYCODE2":"2046022","AREA_MAX_F":null,"KIGO_D":null,"N_KEN":null,"N_CITY":null,"KIGO_I":null,"KBSUM":0,"JINKO":0,"SETAI":0,"X_CODE":135.234059,"Y_CODE":34.834829,"KCODE1":"6022-00"}},{"type":"Polygon","arcs":[[-1079,-1155,-1153,-1069,1067,-1067,-1044,1205,1206,1207,1208,1209,1210,1211,1212,1213,-1166,1214]],"properties":{"KEY_CODE":"282046022","PREF":"28","CITY":"204","S_AREA":"602200","PREF_NAME":"兵庫県","CITY_NAME":"西宮市","S_NAME":"山口町下山口","KIGO_E":"E1","HCODE":8101,"AREA":3650500.435,"PERIMETER":13025.256,"R2KAxx":4859,"R2KAxx_ID":4858,"KIHON1":"6022","DUMMY1":"-","KIHON2":"00","KEYCODE1":"204602200","KEYCODE2":"2046022","AREA_MAX_F":"M","KIGO_D":null,"N_KEN":null,"N_CITY":null,"KIGO_I":null,"KBSUM":11,"JINKO":881,"SETAI":50,"X_CODE":135.262235,"Y_CODE":34.830141,"KCODE1":"6022-00"}},{"type":"Polygon","arcs":[[1215,1216,-1190,-1184,-1173,-1181,-1169]],"properties":{"KEY_CODE":"282046022","PREF":"28","CITY":"204","S_AREA":"602200","PREF_NAME":"兵庫県","CITY_NAME":"西宮市","S_NAME":"山口町下山口","KIGO_E":"E3","HCODE":8101,"AREA":89248.956,"PERIMETER":2675.969,"R2KAxx":4858,"R2KAxx_ID":4857,"KIHON1":"6022","DUMMY1":"-","KIHON2":"00","KEYCODE1":"204602200","KEYCODE2":"2046022","AREA_MAX_F":null,"KIGO_D":null,"N_KEN":null,"N_CITY":null,"KIGO_I":null,"KBSUM":0,"JINKO":0,"SETAI":0,"X_CODE":135.240892,"Y_CODE":34.837273,"KCODE1":"6022-00"}},{"type":"Polygon","arcs":[[1217,1218]],"properties":{"KEY_CODE":"28204603000","PREF":"28","CITY":"204","S_AREA":"603000","PREF_NAME":"兵庫県","CITY_NAME":"西宮市","S_NAME":"山口町上山口","KIGO_E":"E2","HCODE":8101,"AREA":8042.187,"PERIMETER":419.29,"R2KAxx":4861,"R2KAxx_ID":4860,"KIHON1":"6030","DUMMY1":"-","KIHON2":"00","KEYCODE1":"204603000","KEYCODE2":"204603000","AREA_MAX_F":null,"KIGO_D":null,"N_KEN":null,"N_CITY":null,"KIGO_I":null,"KBSUM":0,"JINKO":0,"SETAI":0,"X_CODE":135.251109,"Y_CODE":34.830412,"KCODE1":"6030-00"}},{"type":"Polygon","arcs":[[1219,1220,1221,1222,1223,1224,1225,1226,1227,1228,1229,1230,-1197],[1231,1232,1233,1234,1235,1236]],"properties":{"KEY_CODE":"28204603000","PREF":"28","CITY":"204","S_AREA":"603000","PREF_NAME":"兵庫県","CITY_NAME":"西宮市","S_NAME":"山口町上山口","KIGO_E":"E1","HCODE":8101,"AREA":1736618.532,"PERIMETER":13988.907,"R2KAxx":4860,"R2KAxx_ID":4859,"KIHON1":"6030","DUMMY1":"-","KIHON2":"00","KEYCODE1":"204603000","KEYCODE2":"204603000","AREA_MAX_F":"M","KIGO_D":null,"N_KEN":null,"N_CITY":null,"KIGO_I":null,"KBSUM":7,"JINKO":820,"SETAI":294,"X_CODE":135.241245,"Y_CODE":34.814562,"KCODE1":"6030-00"}},{"type":"Polygon","arcs":[[-1220,-1196,1237,1238]],"properties":{"KEY_CODE":"28204603001","PREF":"28","CITY":"204","S_AREA":"603001","PREF_NAME":"兵庫県","CITY_NAME":"西宮市","S_NAME":"山口町上山口一丁目","KIGO_E":null,"HCODE":8101,"AREA":241788.375,"PERIMETER":2282.16,"R2KAxx":4862,"R2KAxx_ID":4861,"KIHON1":"6030","DUMMY1":"-","KIHON2":"01","KEYCODE1":"204603001","KEYCODE2":"204603001","AREA_MAX_F":"M","KIGO_D":null,"N_KEN":null,"N_CITY":null,"KIGO_I":null,"KBSUM":19,"JINKO":627,"SETAI":262,"X_CODE":135.243009,"Y_CODE":34.823991,"KCODE1":"6030-01"}},{"type":"Polygon","arcs":[[1239,1240,-1238,-1195,-1201]],"properties":{"KEY_CODE":"28204603002","PREF":"28","CITY":"204","S_AREA":"603002","PREF_NAME":"兵庫県","CITY_NAME":"西宮市","S_NAME":"山口町上山口二丁目","KIGO_E":null,"HCODE":8101,"AREA":205456.941,"PERIMETER":2106.617,"R2KAxx":4863,"R2KAxx_ID":4862,"KIHON1":"6030","DUMMY1":"-","KIHON2":"02","KEYCODE1":"204603002","KEYCODE2":"204603002","AREA_MAX_F":"M","KIGO_D":null,"N_KEN":null,"N_CITY":null,"KIGO_I":null,"KBSUM":29,"JINKO":961,"SETAI":450,"X_CODE":135.244299,"Y_CODE":34.82705,"KCODE1":"6030-02"}},{"type":"Polygon","arcs":[[1241,1242,-1240,-1200,1243,-1219,1244,-1212]],"properties":{"KEY_CODE":"28204603003","PREF":"28","CITY":"204","S_AREA":"603003","PREF_NAME":"兵庫県","CITY_NAME":"西宮市","S_NAME":"山口町上山口三丁目","KIGO_E":null,"HCODE":8101,"AREA":183091.194,"PERIMETER":3267.705,"R2KAxx":4864,"R2KAxx_ID":4863,"KIHON1":"6030","DUMMY1":"-","KIHON2":"03","KEYCODE1":"204603003","KEYCODE2":"204603003","AREA_MAX_F":"M","KIGO_D":null,"N_KEN":null,"N_CITY":null,"KIGO_I":null,"KBSUM":32,"JINKO":903,"SETAI":373,"X_CODE":135.25006,"Y_CODE":34.827382,"KCODE1":"6030-03"}},{"type":"Polygon","arcs":[[1245,1246,-1221,-1239,-1241,-1243,1247]],"properties":{"KEY_CODE":"28204603004","PREF":"28","CITY":"204","S_AREA":"603004","PREF_NAME":"兵庫県","CITY_NAME":"西宮市","S_NAME":"山口町上山口四丁目","KIGO_E":null,"HCODE":8101,"AREA":162227.924,"PERIMETER":1739.881,"R2KAxx":4865,"R2KAxx_ID":4864,"KIHON1":"6030","DUMMY1":"-","KIHON2":"04","KEYCODE1":"204603004","KEYCODE2":"204603004","AREA_MAX_F":"M","KIGO_D":null,"N_KEN":null,"N_CITY":null,"KIGO_I":null,"KBSUM":28,"JINKO":968,"SETAI":358,"X_CODE":135.248111,"Y_CODE":34.824086,"KCODE1":"6030-04"}},{"type":"Polygon","arcs":[[1248,1249,1250,1251,1252]],"properties":{"KEY_CODE":"28204604101","PREF":"28","CITY":"204","S_AREA":"604101","PREF_NAME":"兵庫県","CITY_NAME":"西宮市","S_NAME":"山口町中野一丁目","KIGO_E":null,"HCODE":8101,"AREA":115072.958,"PERIMETER":1847.863,"R2KAxx":4866,"R2KAxx_ID":4865,"KIHON1":"6041","DUMMY1":"-","KIHON2":"01","KEYCODE1":"204604101","KEYCODE2":"204604101","AREA_MAX_F":"M","KIGO_D":null,"N_KEN":null,"N_CITY":null,"KIGO_I":null,"KBSUM":10,"JINKO":215,"SETAI":91,"X_CODE":135.250628,"Y_CODE":34.810691,"KCODE1":"6041-01"}},{"type":"Polygon","arcs":[[-1252,1253,-1226,1254,-1224,1255]],"properties":{"KEY_CODE":"28204604102","PREF":"28","CITY":"204","S_AREA":"604102","PREF_NAME":"兵庫県","CITY_NAME":"西宮市","S_NAME":"山口町中野二丁目","KIGO_E":null,"HCODE":8101,"AREA":43481.539,"PERIMETER":1401.93,"R2KAxx":4867,"R2KAxx_ID":4866,"KIHON1":"6041","DUMMY1":"-","KIHON2":"02","KEYCODE1":"204604102","KEYCODE2":"204604102","AREA_MAX_F":"M","KIGO_D":null,"N_KEN":null,"N_CITY":null,"KIGO_I":null,"KBSUM":3,"JINKO":71,"SETAI":34,"X_CODE":135.248452,"Y_CODE":34.813943,"KCODE1":"6041-02"}},{"type":"Polygon","arcs":[[1256,1257,-1253,-1256,-1223,1258]],"properties":{"KEY_CODE":"28204604103","PREF":"28","CITY":"204","S_AREA":"604103","PREF_NAME":"兵庫県","CITY_NAME":"西宮市","S_NAME":"山口町中野三丁目","KIGO_E":null,"HCODE":8101,"AREA":133230.598,"PERIMETER":2538.911,"R2KAxx":4868,"R2KAxx_ID":4867,"KIHON1":"6041","DUMMY1":"-","KIHON2":"03","KEYCODE1":"204604103","KEYCODE2":"204604103","AREA_MAX_F":"M","KIGO_D":null,"N_KEN":null,"N_CITY":null,"KIGO_I":null,"KBSUM":8,"JINKO":192,"SETAI":89,"X_CODE":135.250839,"Y_CODE":34.813543,"KCODE1":"6041-03"}},{"type":"Polygon","arcs":[[1259,-1259,-1222,-1247]],"properties":{"KEY_CODE":"282046042","PREF":"28","CITY":"204","S_AREA":"604200","PREF_NAME":"兵庫県","CITY_NAME":"西宮市","S_NAME":"山口町中野","KIGO_E":"E1","HCODE":8101,"AREA":65764.692,"PERIMETER":1815.037,"R2KAxx":4872,"R2KAxx_ID":4871,"KIHON1":"6042","DUMMY1":"-","KIHON2":"00","KEYCODE1":"204604200","KEYCODE2":"2046042","AREA_MAX_F":null,"KIGO_D":null,"N_KEN":null,"N_CITY":null,"KIGO_I":null,"KBSUM":5,"JINKO":48,"SETAI":35,"X_CODE":135.248871,"Y_CODE":34.819224,"KCODE1":"6042-00"}},{"type":"Polygon","arcs":[[-1225,-1255]],"properties":{"KEY_CODE":"282046042","PREF":"28","CITY":"204","S_AREA":"604200","PREF_NAME":"兵庫県","CITY_NAME":"西宮市","S_NAME":"山口町中野","KIGO_E":"E4","HCODE":8101,"AREA":7147.312,"PERIMETER":437.31,"R2KAxx":4871,"R2KAxx_ID":4870,"KIHON1":"6042","DUMMY1":"-","KIHON2":"00","KEYCODE1":"204604200","KEYCODE2":"2046042","AREA_MAX_F":null,"KIGO_D":null,"N_KEN":null,"N_CITY":null,"KIGO_I":null,"KBSUM":0,"JINKO":0,"SETAI":0,"X_CODE":135.247596,"Y_CODE":34.81633,"KCODE1":"6042-00"}},{"type":"Polygon","arcs":[[1260,1261,-1249,-1258,1262]],"properties":{"KEY_CODE":"282046042","PREF":"28","CITY":"204","S_AREA":"604200","PREF_NAME":"兵庫県","CITY_NAME":"西宮市","S_NAME":"山口町中野","KIGO_E":"E2","HCODE":8101,"AREA":1310491.38,"PERIMETER":7042.067,"R2KAxx":4870,"R2KAxx_ID":4869,"KIHON1":"6042","DUMMY1":"-","KIHON2":"00","KEYCODE1":"204604200","KEYCODE2":"2046042","AREA_MAX_F":"M","KIGO_D":null,"N_KEN":null,"N_CITY":null,"KIGO_I":null,"KBSUM":0,"JINKO":0,"SETAI":0,"X_CODE":135.259191,"Y_CODE":34.808472,"KCODE1":"6042-00"}},{"type":"Polygon","arcs":[[-1251,1263,1264,-1227,-1254]],"properties":{"KEY_CODE":"282046042","PREF":"28","CITY":"204","S_AREA":"604200","PREF_NAME":"兵庫県","CITY_NAME":"西宮市","S_NAME":"山口町中野","KIGO_E":"E3","HCODE":8101,"AREA":156061.033,"PERIMETER":2315.225,"R2KAxx":4869,"R2KAxx_ID":4868,"KIHON1":"6042","DUMMY1":"-","KIHON2":"00","KEYCODE1":"204604200","KEYCODE2":"2046042","AREA_MAX_F":null,"KIGO_D":null,"N_KEN":null,"N_CITY":null,"KIGO_I":null,"KBSUM":0,"JINKO":0,"SETAI":0,"X_CODE":135.248141,"Y_CODE":34.809612,"KCODE1":"6042-00"}},{"type":"Polygon","arcs":[[-1095,1265,-8,1266,-1261,1267,-1206,-1043]],"properties":{"KEY_CODE":"282046050","PREF":"28","CITY":"204","S_AREA":"605000","PREF_NAME":"兵庫県","CITY_NAME":"西宮市","S_NAME":"山口町船坂","KIGO_E":null,"HCODE":8101,"AREA":8913374.099,"PERIMETER":17309.483,"R2KAxx":4873,"R2KAxx_ID":4872,"KIHON1":"6050","DUMMY1":"-","KIHON2":"00","KEYCODE1":"204605000","KEYCODE2":"2046050","AREA_MAX_F":"M","KIGO_D":null,"N_KEN":null,"N_CITY":null,"KIGO_I":null,"KBSUM":10,"JINKO":604,"SETAI":195,"X_CODE":135.283332,"Y_CODE":34.801653,"KCODE1":"6050-00"}},{"type":"Polygon","arcs":[[1268,-1208,1269]],"properties":{"KEY_CODE":"28204606101","PREF":"28","CITY":"204","S_AREA":"606101","PREF_NAME":"兵庫県","CITY_NAME":"西宮市","S_NAME":"山口町金仙寺一丁目","KIGO_E":null,"HCODE":8101,"AREA":40739.461,"PERIMETER":954.533,"R2KAxx":4874,"R2KAxx_ID":4873,"KIHON1":"6061","DUMMY1":"-","KIHON2":"01","KEYCODE1":"204606101","KEYCODE2":"204606101","AREA_MAX_F":"M","KIGO_D":null,"N_KEN":null,"N_CITY":null,"KIGO_I":null,"KBSUM":1,"JINKO":70,"SETAI":34,"X_CODE":135.252873,"Y_CODE":34.823339,"KCODE1":"6061-01"}},{"type":"Polygon","arcs":[[1270]],"properties":{"KEY_CODE":"28204606102","PREF":"28","CITY":"204","S_AREA":"606102","PREF_NAME":"兵庫県","CITY_NAME":"西宮市","S_NAME":"山口町金仙寺二丁目","KIGO_E":null,"HCODE":8101,"AREA":69544.259,"PERIMETER":1124.576,"R2KAxx":4875,"R2KAxx_ID":4874,"KIHON1":"6061","DUMMY1":"-","KIHON2":"02","KEYCODE1":"204606102","KEYCODE2":"204606102","AREA_MAX_F":"M","KIGO_D":null,"N_KEN":null,"N_CITY":null,"KIGO_I":null,"KBSUM":1,"JINKO":9,"SETAI":5,"X_CODE":135.252535,"Y_CODE":34.82132,"KCODE1":"6061-02"}},{"type":"Polygon","arcs":[[1209,-1209,-1269,1271,-1248,-1242,-1211]],"properties":{"KEY_CODE":"28204606103","PREF":"28","CITY":"204","S_AREA":"606103","PREF_NAME":"兵庫県","CITY_NAME":"西宮市","S_NAME":"山口町金仙寺三丁目","KIGO_E":null,"HCODE":8101,"AREA":28471.224,"PERIMETER":1012.082,"R2KAxx":4876,"R2KAxx_ID":4875,"KIHON1":"6061","DUMMY1":"-","KIHON2":"03","KEYCODE1":"204606103","KEYCODE2":"204606103","AREA_MAX_F":"M","KIGO_D":null,"N_KEN":null,"N_CITY":null,"KIGO_I":null,"KBSUM":1,"JINKO":95,"SETAI":42,"X_CODE":135.251743,"Y_CODE":34.823896,"KCODE1":"6061-03"}},{"type":"Polygon","arcs":[[-1268,-1263,-1257,-1260,-1246,-1272,-1270,-1207],[-1271]],"properties":{"KEY_CODE":"282046062","PREF":"28","CITY":"204","S_AREA":"606200","PREF_NAME":"兵庫県","CITY_NAME":"西宮市","S_NAME":"山口町金仙寺","KIGO_E":null,"HCODE":8101,"AREA":1839820.402,"PERIMETER":9317.334,"R2KAxx":4877,"R2KAxx_ID":4876,"KIHON1":"6062","DUMMY1":"-","KIHON2":"00","KEYCODE1":"204606200","KEYCODE2":"2046062","AREA_MAX_F":"M","KIGO_D":null,"N_KEN":null,"N_CITY":null,"KIGO_I":null,"KBSUM":3,"JINKO":58,"SETAI":25,"X_CODE":135.260231,"Y_CODE":34.816632,"KCODE1":"6062-00"}},{"type":"Polygon","arcs":[[-1198,-1231,1272,1273,-1188]],"properties":{"KEY_CODE":"28204611001","PREF":"28","CITY":"204","S_AREA":"611001","PREF_NAME":"兵庫県","CITY_NAME":"西宮市","S_NAME":"山口町阪神流通センター一丁目","KIGO_E":null,"HCODE":8101,"AREA":504233.464,"PERIMETER":4001.86,"R2KAxx":4878,"R2KAxx_ID":4877,"KIHON1":"6110","DUMMY1":"-","KIHON2":"01","KEYCODE1":"204611001","KEYCODE2":"204611001","AREA_MAX_F":"M","KIGO_D":null,"N_KEN":null,"N_CITY":null,"KIGO_I":null,"KBSUM":1,"JINKO":0,"SETAI":0,"X_CODE":135.234967,"Y_CODE":34.824461,"KCODE1":"6110-01"}},{"type":"Polygon","arcs":[[1274,-1273,-1230,1275,-1204]],"properties":{"KEY_CODE":"28204611002","PREF":"28","CITY":"204","S_AREA":"611002","PREF_NAME":"兵庫県","CITY_NAME":"西宮市","S_NAME":"山口町阪神流通センター二丁目","KIGO_E":null,"HCODE":8101,"AREA":148531.793,"PERIMETER":3068.705,"R2KAxx":4879,"R2KAxx_ID":4878,"KIHON1":"6110","DUMMY1":"-","KIHON2":"02","KEYCODE1":"204611002","KEYCODE2":"204611002","AREA_MAX_F":"M","KIGO_D":null,"N_KEN":null,"N_CITY":null,"KIGO_I":null,"KBSUM":1,"JINKO":0,"SETAI":0,"X_CODE":135.23106,"Y_CODE":34.825036,"KCODE1":"6110-02"}},{"type":"Polygon","arcs":[[-1274,-1275,-1203]],"properties":{"KEY_CODE":"28204611003","PREF":"28","CITY":"204","S_AREA":"611003","PREF_NAME":"兵庫県","CITY_NAME":"西宮市","S_NAME":"山口町阪神流通センター三丁目","KIGO_E":null,"HCODE":8101,"AREA":187468.912,"PERIMETER":1778.9,"R2KAxx":4880,"R2KAxx_ID":4879,"KIHON1":"6110","DUMMY1":"-","KIHON2":"03","KEYCODE1":"204611003","KEYCODE2":"204611003","AREA_MAX_F":"M","KIGO_D":null,"N_KEN":null,"N_CITY":null,"KIGO_I":null,"KBSUM":1,"JINKO":0,"SETAI":0,"X_CODE":135.233375,"Y_CODE":34.830254,"KCODE1":"6110-03"}},{"type":"Polygon","arcs":[[-1228,-1265,1276]],"properties":{"KEY_CODE":"282046170","PREF":"28","CITY":"204","S_AREA":"617000","PREF_NAME":"兵庫県","CITY_NAME":"西宮市","S_NAME":"山口町香花園","KIGO_E":null,"HCODE":8101,"AREA":111900.915,"PERIMETER":1417.826,"R2KAxx":4881,"R2KAxx_ID":4880,"KIHON1":"6170","DUMMY1":"-","KIHON2":"00","KEYCODE1":"204617000","KEYCODE2":"2046170","AREA_MAX_F":"M","KIGO_D":null,"N_KEN":null,"N_CITY":null,"KIGO_I":null,"KBSUM":12,"JINKO":123,"SETAI":57,"X_CODE":135.245901,"Y_CODE":34.805387,"KCODE1":"6170-00"}},{"type":"Polygon","arcs":[[1277,-1191,-1217,1278]],"properties":{"KEY_CODE":"28204621001","PREF":"28","CITY":"204","S_AREA":"621001","PREF_NAME":"兵庫県","CITY_NAME":"西宮市","S_NAME":"北六甲台一丁目","KIGO_E":null,"HCODE":8101,"AREA":146892.278,"PERIMETER":1868.687,"R2KAxx":4882,"R2KAxx_ID":4881,"KIHON1":"6210","DUMMY1":"-","KIHON2":"01","KEYCODE1":"204621001","KEYCODE2":"204621001","AREA_MAX_F":"M","KIGO_D":null,"N_KEN":null,"N_CITY":null,"KIGO_I":null,"KBSUM":31,"JINKO":887,"SETAI":342,"X_CODE":135.243414,"Y_CODE":34.835564,"KCODE1":"6210-01"}},{"type":"Polygon","arcs":[[1279,1280,1281,-1279,-1216,-1168]],"properties":{"KEY_CODE":"28204621002","PREF":"28","CITY":"204","S_AREA":"621002","PREF_NAME":"兵庫県","CITY_NAME":"西宮市","S_NAME":"北六甲台二丁目","KIGO_E":null,"HCODE":8101,"AREA":160192.226,"PERIMETER":2357.825,"R2KAxx":4883,"R2KAxx_ID":4882,"KIHON1":"6210","DUMMY1":"-","KIHON2":"02","KEYCODE1":"204621002","KEYCODE2":"204621002","AREA_MAX_F":"M","KIGO_D":null,"N_KEN":null,"N_CITY":null,"KIGO_I":null,"KBSUM":29,"JINKO":853,"SETAI":337,"X_CODE":135.248317,"Y_CODE":34.835052,"KCODE1":"6210-02"}},{"type":"Polygon","arcs":[[-1214,1282,-1280,-1167]],"properties":{"KEY_CODE":"28204621003","PREF":"28","CITY":"204","S_AREA":"621003","PREF_NAME":"兵庫県","CITY_NAME":"西宮市","S_NAME":"北六甲台三丁目","KIGO_E":null,"HCODE":8101,"AREA":150598.909,"PERIMETER":1859.086,"R2KAxx":4884,"R2KAxx_ID":4883,"KIHON1":"6210","DUMMY1":"-","KIHON2":"03","KEYCODE1":"204621003","KEYCODE2":"204621003","AREA_MAX_F":"M","KIGO_D":null,"N_KEN":null,"N_CITY":null,"KIGO_I":null,"KBSUM":35,"JINKO":868,"SETAI":343,"X_CODE":135.252167,"Y_CODE":34.834965,"KCODE1":"6210-03"}},{"type":"Polygon","arcs":[[-1213,-1245,-1218,-1244,-1199,1283,-1281,-1283]],"properties":{"KEY_CODE":"28204621004","PREF":"28","CITY":"204","S_AREA":"621004","PREF_NAME":"兵庫県","CITY_NAME":"西宮市","S_NAME":"北六甲台四丁目","KIGO_E":null,"HCODE":8101,"AREA":141470.496,"PERIMETER":1974.666,"R2KAxx":4885,"R2KAxx_ID":4884,"KIHON1":"6210","DUMMY1":"-","KIHON2":"04","KEYCODE1":"204621004","KEYCODE2":"204621004","AREA_MAX_F":"M","KIGO_D":null,"N_KEN":null,"N_CITY":null,"KIGO_I":null,"KBSUM":26,"JINKO":806,"SETAI":321,"X_CODE":135.250139,"Y_CODE":34.831068,"KCODE1":"6210-04"}},{"type":"Polygon","arcs":[[-1282,-1284,-1202,-1192,-1278]],"properties":{"KEY_CODE":"28204621005","PREF":"28","CITY":"204","S_AREA":"621005","PREF_NAME":"兵庫県","CITY_NAME":"西宮市","S_NAME":"北六甲台五丁目","KIGO_E":null,"HCODE":8101,"AREA":256067.267,"PERIMETER":2480.479,"R2KAxx":4886,"R2KAxx_ID":4885,"KIHON1":"6210","DUMMY1":"-","KIHON2":"05","KEYCODE1":"204621005","KEYCODE2":"204621005","AREA_MAX_F":"M","KIGO_D":null,"N_KEN":null,"N_CITY":null,"KIGO_I":null,"KBSUM":46,"JINKO":1539,"SETAI":548,"X_CODE":135.245458,"Y_CODE":34.832239,"KCODE1":"6210-05"}},{"type":"Polygon","arcs":[[1284,-1237]],"properties":{"KEY_CODE":"28204631001","PREF":"28","CITY":"204","S_AREA":"631001","PREF_NAME":"兵庫県","CITY_NAME":"西宮市","S_NAME":"すみれ台一丁目","KIGO_E":null,"HCODE":8101,"AREA":136742.418,"PERIMETER":2190.84,"R2KAxx":4887,"R2KAxx_ID":4886,"KIHON1":"6310","DUMMY1":"-","KIHON2":"01","KEYCODE1":"204631001","KEYCODE2":"204631001","AREA_MAX_F":"M","KIGO_D":null,"N_KEN":null,"N_CITY":null,"KIGO_I":null,"KBSUM":24,"JINKO":654,"SETAI":266,"X_CODE":135.243729,"Y_CODE":34.819106,"KCODE1":"6310-01"}},{"type":"Polygon","arcs":[[1234,-1234,1285,-1232,-1285,-1236]],"properties":{"KEY_CODE":"28204631002","PREF":"28","CITY":"204","S_AREA":"631002","PREF_NAME":"兵庫県","CITY_NAME":"西宮市","S_NAME":"すみれ台二丁目","KIGO_E":null,"HCODE":8101,"AREA":84581.434,"PERIMETER":2167.645,"R2KAxx":4888,"R2KAxx_ID":4887,"KIHON1":"6310","DUMMY1":"-","KIHON2":"02","KEYCODE1":"204631002","KEYCODE2":"204631002","AREA_MAX_F":"M","KIGO_D":null,"N_KEN":null,"N_CITY":null,"KIGO_I":null,"KBSUM":20,"JINKO":401,"SETAI":134,"X_CODE":135.238191,"Y_CODE":34.819171,"KCODE1":"6310-02"}},{"type":"Polygon","arcs":[[-1233,-1286]],"properties":{"KEY_CODE":"28204631003","PREF":"28","CITY":"204","S_AREA":"631003","PREF_NAME":"兵庫県","CITY_NAME":"西宮市","S_NAME":"すみれ台三丁目","KIGO_E":null,"HCODE":8101,"AREA":91077.772,"PERIMETER":1455.912,"R2KAxx":4889,"R2KAxx_ID":4888,"KIHON1":"6310","DUMMY1":"-","KIHON2":"03","KEYCODE1":"204631003","KEYCODE2":"204631003","AREA_MAX_F":"M","KIGO_D":null,"N_KEN":null,"N_CITY":null,"KIGO_I":null,"KBSUM":20,"JINKO":584,"SETAI":230,"X_CODE":135.234769,"Y_CODE":34.818344,"KCODE1":"6310-03"}}]},"city":{"type":"GeometryCollection","geometries":[{"type":"MultiPolygon","arcs":[[[886,877,873,871,967,1017,969,1000,1007,758,759,767,834,840,845,863,578,579,584,589,599,602,606,619,675,680,684,691,704,753,361,356,354,353,349,347,343,338,325,322,147,123,120,562,110,107,17,6,1266,1261,1249,1263,1276,1228,1275,1204,1175,1178,1171,1214,1079,1155,1036,1096,1161,1082,1156,1093,1265,0,889]]],"id":"204","properties":{"PREF":"28","CITY":"204","PREF_NAME":"兵庫県","CITY_NAME":"西宮市","DUMMY1":"-","KIGO_D":null,"N_KEN":null,"N_CITY":null,"KIGO_I":null}}]}},"arcs":[[[135.301313,34.788932],[135.301031,34.788629],[135.301006,34.788539],[135.301015,34.788439],[135.301135,34.788272],[135.301282,34.788153],[135.301515,34.788011],[135.302107,34.787869],[135.303064,34.787793],[135.303497,34.78779],[135.303961,34.788083],[135.304241,34.788354],[135.30451,34.788587],[135.304686,34.788647],[135.305073,34.788621],[135.305184,34.788726],[135.305305,34.788756],[135.306177,34.788882],[135.30695,34.788883],[135.308815,34.788488],[135.309286,34.788553],[135.310521,34.788611],[135.310697,34.788709],[135.310963,34.789168],[135.311091,34.789266],[135.31125,34.78927],[135.312378,34.78913],[135.312788,34.789022],[135.313066,34.788894],[135.313264,34.788761]],[[135.313264,34.788761],[135.31345,34.788249],[135.313441,34.788069],[135.313374,34.78796],[135.313078,34.787661],[135.313029,34.787491],[135.313026,34.787239],[135.313089,34.786959],[135.313207,34.786744],[135.313968,34.785683],[135.314322,34.785313],[135.314815,34.784838],[135.314932,34.784656],[135.314986,34.784461],[135.315133,34.783966],[135.315224,34.783807],[135.315704,34.783331],[135.316804,34.782555],[135.317317,34.782124],[135.318373,34.780999],[135.318504,34.780859],[135.318656,34.780765],[135.318821,34.780709],[135.321989,34.779858],[135.321903,34.779796]],[[135.321903,34.779796],[135.3217,34.779643],[135.321661,34.779566],[135.321649,34.7795],[135.321673,34.779427],[135.321683,34.779358],[135.321675,34.779292],[135.321625,34.7792],[135.321501,34.779066],[135.321427,34.779029],[135.321395,34.778989],[135.321356,34.77892],[135.321286,34.778843],[135.321192,34.778686]],[[135.321192,34.778686],[135.320797,34.778581],[135.320646,34.778492],[135.320589,34.778474],[135.320274,34.778459],[135.320221,34.778444],[135.320053,34.77833],[135.319913,34.778257],[135.319796,34.778223],[135.319656,34.778215],[135.319102,34.778241],[135.319034,34.778242],[135.318925,34.778212],[135.318499,34.777907],[135.318309,34.777976],[135.318265,34.778082],[135.318167,34.778107],[135.318107,34.778145],[135.31807,34.778186],[135.317989,34.778302],[135.317752,34.778425],[135.317306,34.778298],[135.316989,34.778238],[135.316942,34.778102],[135.316685,34.778104],[135.316571,34.777833]],[[135.316571,34.777833],[135.316477,34.777846],[135.316409,34.777865],[135.316147,34.778023],[135.316038,34.778039],[135.315925,34.778034],[135.315709,34.777998],[135.31563,34.778008],[135.315566,34.778037],[135.315466,34.778128],[135.315387,34.778166],[135.315194,34.778253],[135.315123,34.77834],[135.315113,34.778437],[135.315123,34.778603],[135.315067,34.778696],[135.314981,34.778746],[135.314558,34.778897],[135.314453,34.778935],[135.314086,34.779138],[135.313988,34.779163],[135.313872,34.779183],[135.313577,34.77916],[135.313498,34.779161],[135.313404,34.77919],[135.313097,34.779323],[135.313044,34.779336],[135.312774,34.779346],[135.312624,34.779338],[135.312438,34.779286]],[[135.312438,34.779286],[135.312412,34.779369],[135.312436,34.77942],[135.31261,34.779525],[135.312644,34.779653],[135.312636,34.779743],[135.312585,34.779817],[135.312346,34.779975],[135.312234,34.780015],[135.311895,34.780072],[135.311868,34.780181],[135.31187,34.780352],[135.311777,34.780532],[135.311708,34.780615],[135.310705,34.78123],[135.310314,34.781406],[135.310168,34.781446],[135.309975,34.781475],[135.309766,34.780978],[135.309476,34.78059],[135.309156,34.780269],[135.308776,34.780046],[135.308507,34.779967],[135.308303,34.779937],[135.307674,34.779987],[135.307518,34.779934],[135.307251,34.779726],[135.306977,34.779654],[135.306046,34.779533],[135.305814,34.779422],[135.30568,34.779279],[135.305306,34.778514],[135.305191,34.778409],[135.305063,34.778333],[135.304264,34.778016],[135.303627,34.777696],[135.302753,34.777081],[135.302348,34.777081],[135.302052,34.777029],[135.301953,34.776976],[135.301702,34.77675],[135.301357,34.776216],[135.30136,34.776142],[135.301406,34.776001],[135.301196,34.775832],[135.301108,34.775749],[135.301046,34.775644],[135.301025,34.775492],[135.300999,34.775283],[135.299836,34.774626],[135.299522,34.774596],[135.299014,34.774362],[135.298885,34.774235],[135.298771,34.77417],[135.298667,34.774147],[135.298535,34.774152],[135.298338,34.774185],[135.298098,34.774268],[135.297957,34.774297],[135.297563,34.774271],[135.297421,34.774272],[135.297125,34.774309],[135.296912,34.774311],[135.296668,34.774383],[135.296489,34.774423],[135.296103,34.77445],[135.295915,34.774525],[135.295658,34.774698],[135.295526,34.774777],[135.294731,34.775071]],[[135.294731,34.775071],[135.294692,34.775243],[135.294583,34.775442],[135.294487,34.775525],[135.294422,34.775544],[135.294352,34.775547],[135.294166,34.775524],[135.294006,34.775526],[135.293777,34.775566],[135.29353,34.775628],[135.293294,34.775669],[135.293251,34.775683],[135.293213,34.775686],[135.29315,34.775678],[135.293116,34.775684],[135.293078,34.775726],[135.292934,34.776136],[135.292822,34.776286],[135.292713,34.776404],[135.292678,34.77642],[135.292618,34.776423],[135.292158,34.776315],[135.291618,34.776181],[135.291135,34.776321],[135.290251,34.776679],[135.290028,34.776738],[135.289126,34.776865],[135.288955,34.776897],[135.287737,34.777127],[135.287491,34.777129],[135.287344,34.777111],[135.286993,34.777063],[135.286723,34.777547],[135.286418,34.777899],[135.28614,34.778197],[135.284997,34.77913],[135.284583,34.779368],[135.284538,34.779445],[135.28448,34.77977],[135.284483,34.780015],[135.284537,34.780418],[135.284423,34.780559],[135.284133,34.780762],[135.284045,34.7808],[135.283944,34.780798],[135.283774,34.780765],[135.283566,34.780712],[135.283492,34.780713],[135.283399,34.780775],[135.283005,34.781077],[135.282345,34.78064],[135.282197,34.780553],[135.281887,34.780515],[135.28172,34.780478],[135.281303,34.780364],[135.280481,34.780316],[135.279716,34.780109],[135.279538,34.780069],[135.279199,34.780053],[135.277499,34.779931],[135.277428,34.779952],[135.277141,34.780164],[135.276969,34.78022],[135.276664,34.780254],[135.276429,34.780246],[135.27602,34.78016],[135.274278,34.779544],[135.273568,34.779845],[135.272324,34.780063],[135.272109,34.780144],[135.271412,34.780445]],[[135.271412,34.780445],[135.271512,34.780672],[135.271773,34.780909],[135.271967,34.781063],[135.272188,34.781157],[135.27257,34.78122],[135.272748,34.781289],[135.272904,34.781412],[135.273176,34.782076],[135.273215,34.7822],[135.273371,34.782335],[135.274359,34.78328],[135.274581,34.783482],[135.274732,34.783567],[135.275059,34.783683],[135.275149,34.783731],[135.275192,34.783781],[135.275208,34.783851],[135.275194,34.783959],[135.275214,34.784058],[135.275261,34.78414],[135.275351,34.784203],[135.27544,34.784228],[135.275586,34.784255],[135.275756,34.784251],[135.275941,34.784217],[135.276031,34.784218],[135.276128,34.784243],[135.276373,34.784422],[135.276481,34.78445],[135.27655,34.784437],[135.276757,34.784333],[135.276838,34.784307],[135.276946,34.784307],[135.27712,34.78435],[135.277627,34.784559],[135.277969,34.784669],[135.278128,34.784744],[135.278233,34.784817],[135.278389,34.784978],[135.278546,34.785151],[135.27874,34.785668],[135.278856,34.785802],[135.278918,34.785888],[135.278958,34.785967],[135.278998,34.786084],[135.279114,34.786198],[135.279181,34.786302],[135.279217,34.786417],[135.279232,34.786674],[135.279444,34.787076],[135.279247,34.787638],[135.27923,34.787886],[135.279263,34.788038],[135.27916,34.78816],[135.279157,34.788239],[135.279208,34.788309],[135.279383,34.788428],[135.279623,34.788503],[135.279785,34.788514],[135.280058,34.788496],[135.280336,34.788702],[135.280495,34.788794],[135.28065,34.788818],[135.280932,34.78886],[135.281114,34.788925],[135.281265,34.788997],[135.281382,34.789085],[135.28152,34.789364],[135.28159,34.789456],[135.28178,34.789585],[135.282002,34.789723],[135.282072,34.789802],[135.282159,34.789999],[135.282253,34.790125],[135.282413,34.790324],[135.282504,34.790457],[135.282544,34.790587],[135.28253,34.790714],[135.28281,34.790749],[135.28298,34.790792],[135.283185,34.790863],[135.283317,34.790964],[135.283628,34.791509],[135.283753,34.791661],[135.28392,34.791799],[135.284099,34.79188],[135.284238,34.791905],[135.284728,34.791842],[135.285125,34.791829],[135.285446,34.791868],[135.286076,34.791987],[135.286542,34.792016],[135.286727,34.792055],[135.287335,34.792204],[135.287627,34.792259],[135.287849,34.792263],[135.288775,34.792169],[135.289083,34.792618],[135.289248,34.792747],[135.28947,34.792856],[135.289757,34.792897],[135.290211,34.792879],[135.290374,34.792892],[135.290626,34.792957],[135.290776,34.793074],[135.290973,34.793486],[135.291085,34.793605],[135.291277,34.793589],[135.29151,34.793583],[135.292183,34.793741],[135.292551,34.793825],[135.29272,34.793794],[135.292818,34.793712],[135.292973,34.793538],[135.293216,34.793358],[135.293637,34.793189],[135.29431,34.792962],[135.294953,34.792825],[135.295121,34.792761],[135.295231,34.792649],[135.295299,34.792495],[135.296445,34.792317],[135.296689,34.792267],[135.297616,34.791993],[135.297632,34.791983],[135.297814,34.79189],[135.297993,34.791748],[135.298144,34.791666],[135.298383,34.791493],[135.298533,34.791271],[135.298559,34.791167],[135.298553,34.790996],[135.29849,34.790802],[135.298441,34.790611],[135.298557,34.790188],[135.298602,34.790073],[135.298634,34.790008],[135.298804,34.789904],[135.299052,34.789797],[135.299842,34.789698],[135.300009,34.789638],[135.300367,34.789544],[135.301313,34.788932]],[[135.316571,34.777833],[135.316563,34.777752],[135.316729,34.777685],[135.316879,34.777576],[135.316901,34.777525],[135.316934,34.77739],[135.317031,34.777161],[135.316854,34.777104],[135.316552,34.777356],[135.316569,34.777408],[135.316431,34.77742],[135.316374,34.777369],[135.315712,34.777332],[135.31517,34.777413],[135.315176,34.777331],[135.314789,34.777231],[135.314723,34.777332],[135.314394,34.77721],[135.314264,34.777359],[135.314165,34.777387],[135.313998,34.777412]],[[135.313998,34.777412],[135.313954,34.777471],[135.313814,34.777562],[135.313712,34.777605],[135.313253,34.777704],[135.313019,34.777738],[135.312987,34.777714]],[[135.312987,34.777714],[135.312903,34.777745],[135.312835,34.777786],[135.312765,34.777896],[135.312728,34.777993],[135.312741,34.778083],[135.31278,34.778188],[135.313033,34.778581],[135.313049,34.778662],[135.31305,34.778743],[135.313006,34.778858],[135.312753,34.779137],[135.312682,34.779178],[135.312594,34.779204],[135.312495,34.779229],[135.312438,34.779286]],[[135.312987,34.777714],[135.312942,34.777697],[135.312881,34.777694],[135.312789,34.777718],[135.312433,34.77793],[135.312332,34.777965],[135.311592,34.778087],[135.311381,34.778098],[135.311163,34.778094],[135.311101,34.777954],[135.310945,34.777896],[135.310847,34.777826],[135.310747,34.777712],[135.310661,34.77758],[135.310454,34.777625],[135.310315,34.777645],[135.310219,34.777527],[135.310127,34.777438],[135.309945,34.777355],[135.309775,34.777291],[135.309951,34.777212],[135.31043,34.777224],[135.310581,34.777185],[135.310685,34.777116],[135.310734,34.777054],[135.31074,34.776914],[135.310604,34.776936],[135.3104,34.776926],[135.31006,34.776822],[135.309901,34.77679],[135.309705,34.776766],[135.309631,34.776873],[135.309396,34.776846],[135.309265,34.776869],[135.309101,34.776774],[135.308947,34.776757],[135.30875,34.776749],[135.308638,34.776769],[135.308582,34.776825],[135.308545,34.776937],[135.308516,34.776997],[135.308434,34.777072],[135.308355,34.77711],[135.308265,34.777117],[135.308183,34.777102]],[[135.308183,34.777102],[135.307957,34.777121],[135.307799,34.777155],[135.307382,34.777262],[135.307044,34.777303],[135.306718,34.777262],[135.306492,34.777187],[135.306117,34.776922],[135.306023,34.776857],[135.30587,34.776814],[135.305611,34.776789],[135.305107,34.776766],[135.304565,34.776685],[135.304358,34.776599],[135.304257,34.776507],[135.304209,34.776354],[135.304108,34.776229],[135.304074,34.776114],[135.304065,34.77595],[135.304089,34.775726],[135.304059,34.775435],[135.304117,34.775265],[135.303966,34.774568],[135.30411,34.774436],[135.304401,34.774297],[135.304831,34.774167],[135.304943,34.774123],[135.305045,34.77404],[135.305532,34.773917],[135.305796,34.773908],[135.305922,34.773918],[135.306029,34.773955],[135.306109,34.77396],[135.306307,34.773898],[135.30642,34.773936],[135.306546,34.77394],[135.306851,34.773883],[135.30691,34.773833],[135.306873,34.773185],[135.30693,34.773003],[135.307357,34.772385],[135.307387,34.772338]],[[135.307387,34.772338],[135.307876,34.771583],[135.308031,34.771292],[135.308407,34.771302],[135.308824,34.771236],[135.309067,34.771062],[135.309241,34.770926],[135.309909,34.770249],[135.310279,34.76985],[135.310351,34.769777],[135.310951,34.769468],[135.310926,34.769408]],[[135.310926,34.769408],[135.310882,34.769298],[135.310797,34.769203],[135.310624,34.769069],[135.310405,34.768944],[135.310183,34.768425],[135.310559,34.768165],[135.310738,34.768011],[135.310584,34.767747],[135.31063,34.767717],[135.31049,34.767596],[135.31059,34.767435],[135.310643,34.767213],[135.310492,34.76699],[135.310477,34.766879],[135.310498,34.766658],[135.310478,34.766533],[135.310418,34.766402]],[[135.310418,34.766402],[135.310199,34.766228],[135.310106,34.766114],[135.309973,34.765856],[135.309801,34.765336],[135.309661,34.765007],[135.309207,34.764889],[135.309074,34.764873],[135.308489,34.764733],[135.308216,34.764653],[135.308012,34.764612],[135.307744,34.764573],[135.307425,34.764085]],[[135.307425,34.764085],[135.307257,34.764168],[135.30691,34.764388],[135.306722,34.764516],[135.306583,34.764636],[135.306364,34.764862],[135.306136,34.765021],[135.305795,34.765198],[135.305312,34.765404],[135.305137,34.765524],[135.305007,34.765688],[135.304783,34.765858],[135.304362,34.766135],[135.304057,34.76638],[135.30382,34.766663],[135.303689,34.766788],[135.30344,34.766923],[135.302719,34.767642],[135.302368,34.767956],[135.302193,34.768055],[135.30188,34.768193],[135.301605,34.768275],[135.301293,34.768341],[135.300955,34.76836],[135.300523,34.768305],[135.300173,34.768197],[135.299939,34.768343],[135.299449,34.768525],[135.29904,34.768638],[135.298175,34.768783]],[[135.298175,34.768783],[135.298247,34.768916],[135.298389,34.769371],[135.298445,34.769703],[135.298417,34.769982],[135.298372,34.770208],[135.297068,34.770785],[135.296592,34.770884],[135.296562,34.770948],[135.296555,34.771037],[135.296602,34.771154],[135.296853,34.77166],[135.296869,34.771723],[135.296862,34.771777],[135.296791,34.771937],[135.29678,34.772029],[135.296797,34.772455],[135.296957,34.772998],[135.296939,34.773077],[135.296871,34.773154],[135.296748,34.77319],[135.296624,34.773182],[135.295996,34.772891],[135.295927,34.772891],[135.295157,34.773481],[135.295125,34.773839],[135.294978,34.774441],[135.29486,34.774775],[135.294754,34.774966],[135.294731,34.775071]],[[135.313998,34.777412],[135.31461,34.776528],[135.314783,34.776277],[135.314879,34.776138],[135.314985,34.775905],[135.31529,34.775118]],[[135.31529,34.775118],[135.314974,34.775201],[135.314663,34.775267],[135.314404,34.775289],[135.314073,34.775284],[135.313832,34.775235],[135.313786,34.775215],[135.313328,34.775009],[135.313163,34.774989],[135.312964,34.774965],[135.312692,34.774907],[135.312502,34.774842],[135.31237,34.77484],[135.312238,34.774872],[135.312008,34.774971],[135.311942,34.774976],[135.311738,34.774927],[135.311652,34.774927],[135.311592,34.774928],[135.311417,34.774968],[135.31114,34.775079],[135.310842,34.775086],[135.310739,34.775102],[135.310464,34.775243],[135.310065,34.77525],[135.310023,34.77525],[135.309642,34.775257],[135.309583,34.775337],[135.309638,34.775702],[135.309572,34.775819],[135.309494,34.775878],[135.309452,34.775894],[135.309376,34.775891],[135.30931,34.775879],[135.30925,34.775835],[135.309207,34.775838],[135.309024,34.775849],[135.308925,34.77592],[135.308822,34.775948],[135.308529,34.775962],[135.308326,34.776805],[135.308276,34.776922],[135.308183,34.777102]],[[135.318829,34.773732],[135.318729,34.773766],[135.318659,34.773775],[135.318597,34.773771],[135.318555,34.773763],[135.318501,34.773774],[135.318428,34.773828],[135.318339,34.773895],[135.318201,34.773947],[135.318124,34.773961],[135.318016,34.77398],[135.317883,34.773989],[135.317788,34.773983],[135.317561,34.773929],[135.317486,34.773924],[135.317438,34.773925],[135.317222,34.773932],[135.317128,34.77392],[135.316801,34.773764],[135.316737,34.773752],[135.316677,34.773753],[135.316458,34.773776],[135.316368,34.773771]],[[135.316368,34.773771],[135.315551,34.774725],[135.315321,34.774993],[135.315306,34.775052],[135.31529,34.775118]],[[135.321192,34.778686],[135.321251,34.778721],[135.32131,34.778561],[135.321298,34.778496],[135.321187,34.778354],[135.320546,34.778088],[135.320482,34.778033],[135.320397,34.777868],[135.320347,34.777822],[135.320286,34.777785],[135.320146,34.777727],[135.319804,34.777679],[135.31974,34.777648],[135.319706,34.777617],[135.319622,34.777543],[135.319561,34.777516],[135.319319,34.777493],[135.319236,34.77745],[135.319224,34.777388],[135.31923,34.777291],[135.319286,34.777182],[135.319353,34.777116],[135.319492,34.77704],[135.320128,34.776693],[135.320285,34.77669],[135.320413,34.776664],[135.320525,34.776595],[135.320617,34.776404],[135.320661,34.776345],[135.320733,34.776304],[135.320879,34.776247],[135.320976,34.776187],[135.3211,34.776102],[135.321167,34.776079],[135.321254,34.776079],[135.321279,34.775957],[135.321526,34.775954],[135.321679,34.775828],[135.321694,34.775548],[135.321323,34.775534],[135.321057,34.775525],[135.320642,34.775497],[135.320466,34.775466],[135.320404,34.775456],[135.319774,34.775279],[135.319486,34.775188],[135.319255,34.775121],[135.319093,34.775101],[135.31898,34.775083],[135.319129,34.774682],[135.318488,34.774315],[135.318869,34.773792],[135.318829,34.773732]],[[135.316368,34.773771],[135.316425,34.773704],[135.316698,34.773386],[135.316673,34.773155]],[[135.316673,34.773155],[135.315939,34.772803],[135.315929,34.772755],[135.31601,34.772483],[135.316009,34.772384],[135.315989,34.772295],[135.315928,34.772161],[135.315852,34.772065],[135.315649,34.771903],[135.31556,34.771856],[135.315453,34.771827],[135.315253,34.771808],[135.315241,34.771807],[135.314876,34.771772],[135.314768,34.771746],[135.314735,34.771722],[135.314649,34.771541],[135.314596,34.771506],[135.314514,34.77148],[135.314355,34.771452],[135.314279,34.771428],[135.314171,34.77137],[135.314132,34.771359],[135.314044,34.77136],[135.313991,34.771381],[135.313773,34.771523],[135.313751,34.771537],[135.313687,34.771579],[135.313352,34.77181],[135.312867,34.772226],[135.31287,34.772259],[135.312969,34.77233],[135.312922,34.772478],[135.312819,34.7726],[135.312603,34.772749],[135.312315,34.772881],[135.311914,34.772928],[135.311529,34.772981],[135.311306,34.77298],[135.311047,34.772972],[135.310881,34.772986],[135.310717,34.773],[135.310588,34.772988],[135.31041,34.772944],[135.310267,34.772893],[135.31006,34.772784],[135.309829,34.77267],[135.309552,34.772615],[135.309354,34.772608],[135.309105,34.772558],[135.308719,34.77252],[135.3087,34.772516],[135.308523,34.772482],[135.308247,34.772382],[135.308077,34.772359],[135.307387,34.772338]],[[135.317065,34.766035],[135.317193,34.765882],[135.31725,34.765788],[135.317256,34.765675],[135.317187,34.765396],[135.317124,34.765247],[135.316901,34.764818],[135.316866,34.764702],[135.316881,34.764584],[135.316896,34.764557],[135.316925,34.764501],[135.317006,34.764402],[135.317053,34.764308],[135.31714,34.764049],[135.317184,34.763989],[135.317235,34.763949],[135.317487,34.763828],[135.317674,34.763765],[135.317729,34.763716],[135.317792,34.763578],[135.317808,34.763461],[135.317803,34.763363],[135.31777,34.763137],[135.317758,34.762839],[135.317729,34.762721],[135.317687,34.762631],[135.317517,34.762457],[135.317373,34.762336],[135.317252,34.762234],[135.317312,34.762107],[135.317372,34.761948],[135.317425,34.761761],[135.317424,34.761701],[135.317374,34.761593]],[[135.317374,34.761593],[135.31713,34.761718],[135.316846,34.761866],[135.316476,34.762014],[135.316179,34.762122],[135.31615,34.762129],[135.316105,34.762139],[135.316014,34.76214],[135.315804,34.762078],[135.315719,34.762067],[135.315664,34.762065],[135.315387,34.762126],[135.315074,34.762224],[135.314841,34.762326],[135.314593,34.762372],[135.314373,34.762422],[135.314168,34.762494],[135.314016,34.762548],[135.313959,34.762568],[135.313936,34.762576],[135.313709,34.762662],[135.313547,34.762703],[135.313407,34.762715],[135.313292,34.762719]],[[135.313292,34.762719],[135.313134,34.762709],[135.312911,34.762683],[135.312563,34.762625]],[[135.312563,34.762625],[135.312569,34.763175],[135.312757,34.763979],[135.312788,34.764102],[135.312786,34.764181],[135.312683,34.764352],[135.312608,34.764482],[135.312595,34.764573],[135.312627,34.764665],[135.312685,34.764794],[135.312663,34.764799],[135.312502,34.764838],[135.312379,34.764883],[135.312115,34.76508],[135.31182,34.765354],[135.311658,34.765504],[135.311489,34.765659]],[[135.311489,34.765659],[135.312493,34.765771],[135.312599,34.765781],[135.312776,34.765795],[135.31287,34.765826],[135.313453,34.766096],[135.313457,34.765785],[135.313494,34.765774],[135.313591,34.765756],[135.313661,34.765733],[135.313769,34.765667],[135.313922,34.765532],[135.313997,34.765482],[135.314237,34.765376],[135.314368,34.765267],[135.314484,34.76515],[135.314518,34.765184],[135.314684,34.765082],[135.314851,34.765032],[135.314994,34.765006],[135.315174,34.765004],[135.315303,34.765013],[135.315769,34.765099],[135.315927,34.765146],[135.316014,34.765183],[135.316201,34.765308],[135.316241,34.76535],[135.316264,34.765401],[135.316328,34.765409],[135.316413,34.765429],[135.316451,34.765469],[135.316556,34.765594],[135.317065,34.766035]],[[135.318829,34.773732],[135.318849,34.773686],[135.318871,34.773645],[135.318894,34.77361],[135.318964,34.773547],[135.319071,34.773473],[135.319178,34.773379],[135.319215,34.77333],[135.319351,34.773279],[135.319484,34.77326],[135.319804,34.773284],[135.319963,34.773075],[135.320059,34.773033],[135.320758,34.772959],[135.320902,34.77297],[135.321158,34.773098],[135.321476,34.772819],[135.321614,34.772613],[135.32171,34.772547],[135.321859,34.772503],[135.322106,34.77248],[135.322418,34.772487],[135.322406,34.772353],[135.32227,34.772378],[135.322186,34.772246],[135.322332,34.771833],[135.3222,34.771067],[135.322336,34.771039],[135.32238,34.771074],[135.322831,34.770996],[135.322931,34.770899],[135.322964,34.770856],[135.322936,34.770704],[135.322938,34.770633],[135.322967,34.770557],[135.323002,34.770492],[135.323106,34.770438],[135.323241,34.770181],[135.323248,34.770138],[135.32325,34.770112],[135.323197,34.770057],[135.322942,34.769791],[135.322737,34.769602],[135.32261,34.769436],[135.322494,34.769224],[135.322458,34.769089],[135.322465,34.768995],[135.322501,34.768908],[135.322558,34.768839],[135.322754,34.768726],[135.322824,34.768682],[135.322908,34.768591],[135.322983,34.768533],[135.323035,34.768392],[135.323065,34.76833],[135.323106,34.76828],[135.323214,34.768215],[135.323428,34.768065],[135.323591,34.76798],[135.323646,34.767938],[135.323829,34.767734],[135.323862,34.767685],[135.323872,34.767635],[135.323863,34.767595],[135.32369,34.767251],[135.323674,34.767202],[135.323672,34.766885],[135.32368,34.766752],[135.323698,34.766692],[135.323728,34.766632],[135.323874,34.766416],[135.323918,34.766316],[135.323925,34.76626],[135.323922,34.766168],[135.323859,34.76595],[135.323801,34.765823],[135.323591,34.765582],[135.323572,34.765513],[135.323571,34.76544],[135.323612,34.765363],[135.323689,34.765259],[135.32375,34.765214],[135.323882,34.765142]],[[135.323882,34.765142],[135.323839,34.765076],[135.323813,34.765003],[135.323816,34.764914],[135.323793,34.764856],[135.323742,34.764804],[135.3236,34.764745],[135.323526,34.764676],[135.323443,34.764552],[135.323431,34.764474],[135.323434,34.764342],[135.323403,34.764297],[135.323357,34.764258],[135.323183,34.764195],[135.323144,34.764141],[135.32313,34.764087],[135.323126,34.763957],[135.323154,34.763861],[135.323217,34.763772],[135.323271,34.763734],[135.323462,34.763672],[135.323519,34.763633],[135.323566,34.763572],[135.323625,34.763445],[135.323652,34.763309],[135.323665,34.763209],[135.323639,34.763134],[135.323643,34.76308],[135.323679,34.762947],[135.323683,34.762864],[135.323649,34.762729],[135.323631,34.76252],[135.323643,34.762383],[135.323799,34.76201],[135.323813,34.761896],[135.323804,34.761801],[135.323765,34.761735],[135.323635,34.761595],[135.323603,34.761532],[135.323602,34.761485],[135.323668,34.761283],[135.323771,34.7609]],[[135.323771,34.7609],[135.323149,34.760958],[135.322874,34.760805],[135.322758,34.76076],[135.322613,34.760732],[135.322409,34.760724],[135.322281,34.760716],[135.322141,34.760687],[135.322031,34.760656],[135.321859,34.760589],[135.321795,34.760571],[135.321741,34.760556],[135.321656,34.760543],[135.321527,34.760539],[135.321419,34.760546],[135.321312,34.760568],[135.32131,34.760555]],[[135.32131,34.760555],[135.321222,34.760577],[135.321127,34.760609],[135.321001,34.760668],[135.320855,34.760739],[135.320726,34.760816],[135.320612,34.760908],[135.320493,34.761045],[135.320416,34.761116],[135.320341,34.761159],[135.320131,34.761257],[135.319955,34.761326],[135.319769,34.761375],[135.319675,34.761387],[135.319567,34.76138],[135.31934,34.76134],[135.319163,34.761309],[135.319077,34.761304]],[[135.319077,34.761304],[135.319029,34.761301],[135.318919,34.761286],[135.318818,34.761261],[135.318729,34.761222],[135.318671,34.76121],[135.318613,34.76121],[135.318505,34.761223],[135.318065,34.761323],[135.317924,34.76135],[135.317733,34.76137],[135.317653,34.761383],[135.317587,34.761409],[135.317489,34.76148],[135.317425,34.761567]],[[135.317425,34.761567],[135.317374,34.761593]],[[135.317065,34.766035],[135.317338,34.766302],[135.31742,34.76641],[135.317465,34.766483],[135.317515,34.766587],[135.317526,34.766689],[135.317507,34.766807],[135.317454,34.766924],[135.317352,34.767043],[135.317181,34.767176],[135.317065,34.767233],[135.316953,34.767257],[135.316772,34.767246],[135.316709,34.767242],[135.315886,34.767096],[135.315649,34.76707],[135.315451,34.76706],[135.315263,34.767064]],[[135.315263,34.767064],[135.31507,34.767121],[135.314906,34.767231],[135.314796,34.767347],[135.314746,34.767503],[135.314743,34.767683],[135.314811,34.767819],[135.314902,34.76795],[135.314979,34.768043],[135.315079,34.768112],[135.315688,34.768312],[135.315779,34.768358],[135.315827,34.76844],[135.315998,34.768906],[135.316209,34.769351],[135.31624,34.769451],[135.316216,34.769616],[135.316143,34.769811],[135.315955,34.770315],[135.315921,34.770442],[135.315932,34.77052],[135.315981,34.770676],[135.316097,34.770889],[135.316361,34.771269],[135.316429,34.771397],[135.316487,34.771556],[135.316554,34.771815],[135.316653,34.772586],[135.316651,34.772688],[135.316648,34.772921],[135.316673,34.773155]],[[135.334906,34.769673],[135.334896,34.769477],[135.334922,34.769374],[135.334965,34.769301],[135.335032,34.769239],[135.335273,34.769118],[135.335342,34.769055],[135.335383,34.769003],[135.335409,34.768937],[135.33544,34.768496],[135.335486,34.767855],[135.335437,34.767774],[135.335369,34.767726],[135.335189,34.767644],[135.335183,34.767745],[135.335103,34.767748],[135.334909,34.767608],[135.33498,34.767533],[135.334879,34.767473],[135.33487,34.767396]],[[135.33487,34.767396],[135.334749,34.767386],[135.334682,34.767374],[135.334634,34.767352],[135.334585,34.767342],[135.334523,34.767351],[135.334417,34.767397],[135.334378,34.767401],[135.334308,34.767406],[135.334243,34.767424],[135.333697,34.767641],[135.333653,34.767673],[135.333633,34.767732],[135.333598,34.767845],[135.333557,34.767874],[135.333482,34.767891],[135.333434,34.767299],[135.333113,34.766839],[135.333023,34.766807],[135.332262,34.766691],[135.33223,34.766629],[135.33223,34.766569],[135.332242,34.766508],[135.332602,34.766258],[135.332645,34.766202],[135.332662,34.766114],[135.332633,34.765837],[135.332623,34.765744],[135.332613,34.765609],[135.332618,34.765572],[135.33261,34.765545],[135.332578,34.765528],[135.332324,34.765456],[135.332154,34.76538],[135.331888,34.765251],[135.331533,34.765079],[135.331447,34.765059],[135.331317,34.765049],[135.331179,34.765054],[135.331102,34.765074],[135.330961,34.765111],[135.33088,34.76512],[135.330636,34.765126],[135.330576,34.765133],[135.330514,34.765149],[135.330256,34.765257],[135.33024,34.765264],[135.330174,34.765292],[135.33007,34.765314],[135.329876,34.765342],[135.329778,34.765348],[135.329745,34.765348],[135.329261,34.765348],[135.329194,34.765366],[135.32915,34.765389],[135.329093,34.765433],[135.329004,34.765567],[135.328961,34.765626]],[[135.328961,34.765626],[135.3289,34.76563],[135.328821,34.765599],[135.328692,34.765502],[135.328609,34.765464],[135.328473,34.765415],[135.328361,34.765395],[135.327963,34.765362],[135.327882,34.765345],[135.327719,34.76529],[135.327659,34.765284],[135.327605,34.765286],[135.32749,34.765315],[135.327387,34.765342],[135.327315,34.765341],[135.327262,34.765323],[135.326667,34.765068],[135.326563,34.765038],[135.326454,34.765016],[135.326129,34.765016],[135.326051,34.765013],[135.325867,34.764989],[135.325802,34.764975],[135.325721,34.764954],[135.325659,34.764949],[135.325604,34.764955],[135.325372,34.765012],[135.325261,34.765034],[135.325179,34.765041],[135.325019,34.765055],[135.324944,34.765069],[135.324728,34.765117],[135.324663,34.765122],[135.324202,34.76508],[135.324109,34.765083],[135.324018,34.765097],[135.323953,34.765118],[135.323882,34.765142]],[[135.321903,34.779796],[135.322254,34.779732]],[[135.322254,34.779732],[135.322332,34.778885],[135.322149,34.778629],[135.322211,34.778038],[135.322198,34.777915],[135.322149,34.777634],[135.322164,34.777432],[135.3222,34.777341],[135.322271,34.777162],[135.322274,34.777145],[135.3223,34.776983],[135.322297,34.776721],[135.322281,34.77661],[135.322273,34.776553],[135.322247,34.776375],[135.322154,34.776032],[135.322114,34.775871],[135.322043,34.775588],[135.322012,34.775532],[135.321996,34.775502],[135.322114,34.775173],[135.322166,34.775094],[135.322252,34.775033],[135.322346,34.775012],[135.322303,34.77488],[135.322569,34.774522],[135.322547,34.774433],[135.322753,34.774012],[135.322935,34.77376],[135.323037,34.773497],[135.323165,34.773439],[135.323287,34.773101],[135.323458,34.773029],[135.323658,34.77298],[135.324003,34.77296],[135.324248,34.772906],[135.325195,34.772658],[135.325981,34.77261],[135.32626,34.772556],[135.326526,34.772453],[135.32683,34.772223],[135.327283,34.771887],[135.327432,34.771597],[135.327597,34.771176],[135.327835,34.770863],[135.328084,34.770463],[135.328115,34.770423],[135.328177,34.770416],[135.328466,34.770439],[135.328571,34.770416],[135.328661,34.77038],[135.328818,34.770266],[135.329047,34.77027],[135.329333,34.770255],[135.329699,34.7702],[135.329784,34.77014],[135.32983,34.770122],[135.330108,34.770073],[135.330183,34.770046],[135.330482,34.769933],[135.330523,34.769905],[135.330615,34.769778],[135.330982,34.769967],[135.331512,34.77024],[135.332007,34.769517],[135.332651,34.769481],[135.333204,34.769698],[135.33386,34.769727],[135.334906,34.769673]],[[135.339861,34.768853],[135.339688,34.76851],[135.339546,34.768305],[135.339341,34.76805],[135.338983,34.767771],[135.338657,34.767624],[135.338404,34.76762],[135.338183,34.767531],[135.338079,34.767489],[135.337878,34.76699],[135.337865,34.766896],[135.337877,34.766819],[135.337909,34.766711],[135.337923,34.766664],[135.33792,34.766418],[135.337938,34.766345],[135.337989,34.766255],[135.338313,34.766063],[135.338539,34.765894],[135.338619,34.765799],[135.338763,34.76558],[135.339373,34.765652],[135.339359,34.765544],[135.33933,34.765332],[135.339323,34.765069]],[[135.339323,34.765069],[135.339077,34.764996],[135.338855,34.764891],[135.338839,34.764884],[135.338362,34.764837],[135.337413,34.764708],[135.337397,34.764664],[135.337364,34.764648],[135.337323,34.764656],[135.337224,34.76472],[135.337143,34.764746],[135.337031,34.764741],[135.336928,34.7647],[135.336853,34.764637],[135.336814,34.764551],[135.336726,34.764463],[135.336644,34.764409],[135.336499,34.764375],[135.335783,34.764279],[135.335775,34.764278],[135.335559,34.764274],[135.335487,34.764271],[135.335419,34.764254],[135.33535,34.764228],[135.335287,34.764186],[135.335082,34.763973],[135.334832,34.763884],[135.334694,34.763842],[135.334424,34.763793]],[[135.334424,34.763793],[135.33443,34.764049],[135.334416,34.764101],[135.334387,34.764142],[135.334224,34.764265],[135.334172,34.764338],[135.334147,34.764429],[135.334164,34.764631],[135.334185,34.764692],[135.334403,34.765071],[135.334473,34.765388],[135.3345,34.765427],[135.334574,34.765466],[135.334698,34.765512],[135.334895,34.765585],[135.334907,34.765619],[135.334906,34.765768],[135.334905,34.765875],[135.335041,34.766273],[135.335039,34.766382],[135.335033,34.76642],[135.334989,34.766675],[135.33487,34.767396]],[[135.334906,34.769673],[135.334918,34.769909],[135.336274,34.769504],[135.336808,34.769261],[135.337303,34.769035],[135.337824,34.768987],[135.339509,34.768832],[135.339861,34.768853]],[[135.334424,34.763793],[135.334419,34.763591],[135.334419,34.763569]],[[135.334419,34.763569],[135.33405,34.763564],[135.333905,34.763545],[135.333654,34.763473],[135.333377,34.763393],[135.332869,34.763415],[135.332825,34.763406],[135.332768,34.763394],[135.332608,34.763329],[135.332459,34.763245],[135.332353,34.763241],[135.332272,34.763257],[135.332238,34.763286],[135.332215,34.763327],[135.332201,34.763405],[135.332152,34.76354],[135.332106,34.763631],[135.332051,34.763673],[135.331986,34.763705],[135.33194,34.763715],[135.331877,34.763728],[135.331806,34.763728],[135.33169,34.763707],[135.331569,34.763652],[135.331428,34.763588],[135.331216,34.763492],[135.331167,34.76347],[135.331119,34.763429],[135.331089,34.763379]],[[135.331089,34.763379],[135.330627,34.763355],[135.330479,34.763474],[135.330383,34.763539],[135.330344,34.763549],[135.33022,34.763536],[135.330152,34.763554],[135.330047,34.763603],[135.329902,34.763702],[135.329901,34.763798],[135.329341,34.763728],[135.329157,34.764356],[135.328902,34.764571],[135.329074,34.764682],[135.328992,34.764785],[135.328959,34.76487],[135.32895,34.76496],[135.328924,34.765212],[135.328927,34.765422],[135.328961,34.765626]],[[135.331089,34.763379],[135.330967,34.763122],[135.33083,34.762783],[135.330677,34.762699],[135.330616,34.762665],[135.33048,34.762576],[135.330478,34.762574],[135.330417,34.762513],[135.330342,34.762341],[135.330182,34.761972],[135.329892,34.761306],[135.329812,34.761135]],[[135.329812,34.761135],[135.329791,34.761032],[135.329801,34.76081],[135.329618,34.760793],[135.329487,34.760631],[135.329376,34.760535],[135.329284,34.760492],[135.329151,34.760441],[135.329035,34.760426],[135.328752,34.760454]],[[135.328752,34.760454],[135.328732,34.760578],[135.328707,34.760651],[135.32866,34.760745],[135.32859,34.760841],[135.328563,34.760878],[135.32854,34.760923],[135.328534,34.760983],[135.328554,34.761052],[135.328576,34.761105],[135.328389,34.761097],[135.328341,34.761095],[135.328303,34.761131],[135.328014,34.76111],[135.327973,34.761126],[135.327935,34.761118],[135.327906,34.761095],[135.327625,34.761036],[135.327586,34.761028],[135.327512,34.76109],[135.327455,34.761138],[135.327464,34.761187],[135.32745,34.761232],[135.327405,34.761266],[135.327337,34.7613],[135.326656,34.760959],[135.326513,34.760959],[135.326384,34.761146],[135.326382,34.761152],[135.326043,34.760978],[135.326076,34.760897],[135.326087,34.760859],[135.325967,34.760832],[135.325974,34.76079],[135.325639,34.760712],[135.325521,34.760725],[135.325273,34.760679],[135.325313,34.760592],[135.325283,34.760516],[135.325259,34.760554],[135.325236,34.760551]],[[135.325236,34.760551],[135.325172,34.760693],[135.324561,34.760652],[135.324345,34.760705],[135.324218,34.760726],[135.32411,34.760725],[135.323985,34.760689]],[[135.323985,34.760689],[135.323874,34.760866],[135.323771,34.7609]],[[135.332521,34.757485],[135.332457,34.757507],[135.332412,34.757523],[135.332322,34.757275],[135.332207,34.757352],[135.331859,34.757427],[135.33178,34.757475],[135.33174,34.757555],[135.331721,34.757705],[135.33166,34.7578],[135.33115,34.758384],[135.331072,34.75845],[135.330985,34.758497],[135.330813,34.758571],[135.330804,34.758575],[135.330461,34.758682],[135.330319,34.758748],[135.330196,34.758819],[135.33003,34.758915],[135.329954,34.758959],[135.329749,34.759107],[135.329696,34.759197],[135.329675,34.75927],[135.329656,34.759429],[135.329651,34.75947],[135.329612,34.759534],[135.329532,34.759616],[135.329397,34.759716],[135.328931,34.759996],[135.328848,34.760086],[135.328808,34.760173],[135.328784,34.760267],[135.328752,34.760454]],[[135.329812,34.761135],[135.33,34.761065],[135.330295,34.760938],[135.330588,34.760775],[135.330782,34.760651],[135.331018,34.760477],[135.331112,34.760339],[135.331249,34.760092],[135.331544,34.759649],[135.331593,34.759561],[135.331743,34.759291],[135.33198,34.758865],[135.332309,34.758245],[135.332484,34.757874],[135.332513,34.757639],[135.332521,34.757485]],[[135.335838,34.760153],[135.335859,34.760147],[135.335838,34.760127]],[[135.335838,34.760127],[135.335135,34.759438],[135.334443,34.758787],[135.334414,34.758759],[135.33435,34.758734],[135.333435,34.75851],[135.332754,34.757847],[135.332697,34.757776],[135.332656,34.757688],[135.332619,34.757565],[135.332611,34.757453]],[[135.332611,34.757453],[135.332521,34.757485]],[[135.331089,34.763379],[135.331185,34.763361],[135.331246,34.763334],[135.331324,34.763287],[135.331426,34.7632],[135.331558,34.763031],[135.331623,34.762918],[135.331651,34.762836],[135.331679,34.762751],[135.331732,34.762676],[135.332163,34.762224],[135.332329,34.762436],[135.332388,34.762439],[135.33248,34.762443],[135.332601,34.762448],[135.33266,34.762434],[135.332811,34.762339],[135.332962,34.762267],[135.333035,34.762248],[135.333079,34.76223],[135.333122,34.762193],[135.33313,34.762185],[135.333481,34.761742],[135.333645,34.761667],[135.333723,34.761579],[135.333783,34.76151],[135.333928,34.761275],[135.334088,34.761026],[135.334122,34.760972],[135.334223,34.760915],[135.334854,34.760576],[135.334919,34.760515],[135.334956,34.760442],[135.335071,34.760211],[135.335117,34.76017],[135.335211,34.760137],[135.33555,34.760152],[135.335782,34.760171],[135.335832,34.760155],[135.335838,34.760153]],[[135.334419,34.763569],[135.334452,34.763196],[135.334485,34.763102],[135.334531,34.763038],[135.334693,34.762917],[135.33484,34.762828],[135.334903,34.762766],[135.334984,34.762672],[135.334991,34.762332],[135.335029,34.762101],[135.335163,34.761612],[135.335335,34.7609],[135.335422,34.760643],[135.335491,34.760518],[135.335583,34.760422],[135.335698,34.760326],[135.335884,34.7602],[135.335838,34.760153]],[[135.33937,34.763053],[135.339246,34.762913],[135.338859,34.762646],[135.337867,34.761958],[135.337825,34.761927],[135.337418,34.761632],[135.337343,34.761532],[135.33719,34.761411],[135.337129,34.761362]],[[135.337129,34.761362],[135.336821,34.761119],[135.336763,34.761073],[135.336761,34.76094],[135.336758,34.760662],[135.336746,34.760571],[135.336707,34.760488],[135.336635,34.76036],[135.336506,34.760146],[135.336368,34.759862],[135.336285,34.75976],[135.33618,34.759677],[135.336141,34.759645],[135.33592,34.75949]],[[135.33592,34.75949],[135.335959,34.759727],[135.335958,34.759855],[135.335944,34.759977],[135.335908,34.760093],[135.335838,34.760127]],[[135.339323,34.765069],[135.339342,34.765074],[135.339345,34.765057],[135.339394,34.764816],[135.339428,34.764763],[135.339484,34.764676],[135.339359,34.764137],[135.339319,34.763965],[135.339241,34.763587],[135.339214,34.763525],[135.339173,34.763479],[135.339112,34.763445],[135.339106,34.763308],[135.339081,34.763242],[135.339048,34.763153],[135.339048,34.763132],[135.339065,34.763117],[135.33937,34.763053]],[[135.332611,34.757453],[135.332609,34.757433],[135.332601,34.757226],[135.332569,34.757138],[135.332507,34.757031],[135.331573,34.755716],[135.330761,34.754574]],[[135.330761,34.754574],[135.330759,34.754669],[135.330347,34.754082],[135.330335,34.75411],[135.330048,34.754783],[135.330025,34.754838]],[[135.330025,34.754838],[135.329374,34.75634],[135.329351,34.756393],[135.329144,34.756864],[135.329024,34.757138],[135.329014,34.757161],[135.32875,34.757769],[135.328726,34.757824],[135.328593,34.758089],[135.328412,34.758404],[135.328361,34.758494],[135.328151,34.758859],[135.327931,34.759168],[135.327849,34.75925],[135.327717,34.759382],[135.327445,34.759587],[135.327435,34.759594],[135.327177,34.759718],[135.327097,34.759747],[135.326977,34.75979],[135.326252,34.76005],[135.325859,34.760188],[135.325798,34.760209],[135.32556,34.760292],[135.325421,34.760339],[135.325344,34.760365],[135.324886,34.760533],[135.32521,34.760548],[135.325236,34.760551]],[[135.330025,34.754838],[135.329757,34.755021],[135.329533,34.755189],[135.329291,34.755306],[135.329133,34.755386],[135.329015,34.755421],[135.328883,34.755425],[135.328748,34.755417],[135.328704,34.755414],[135.328472,34.755363]],[[135.328472,34.755363],[135.327962,34.755843]],[[135.327962,34.755843],[135.32783,34.755909],[135.327486,34.756075],[135.327295,34.756205],[135.327138,34.756312],[135.326965,34.756425],[135.326653,34.75663],[135.326561,34.756714],[135.32649,34.75681],[135.326417,34.756935],[135.32621,34.757439],[135.326202,34.757475],[135.326187,34.757545],[135.326131,34.75763],[135.326005,34.757736],[135.325835,34.7579],[135.325768,34.757998],[135.325733,34.758049],[135.325694,34.758186],[135.325736,34.758389],[135.325762,34.7585],[135.325722,34.758641],[135.325588,34.758832],[135.325541,34.758946],[135.32551,34.759016]],[[135.32551,34.759016],[135.325402,34.759263],[135.325338,34.759347],[135.32525,34.759401],[135.32514,34.75944],[135.324722,34.759487],[135.324631,34.759523],[135.324569,34.759577],[135.324536,34.759664],[135.324413,34.760079],[135.324412,34.760163],[135.324377,34.760248],[135.324269,34.760397],[135.323985,34.760689]],[[135.32551,34.759016],[135.325133,34.758854],[135.324415,34.758542],[135.324388,34.758531],[135.323834,34.758096],[135.323846,34.758076],[135.323134,34.757779],[135.323112,34.75777],[135.322616,34.757554]],[[135.322616,34.757554],[135.322614,34.757572],[135.322567,34.757566]],[[135.322567,34.757566],[135.322392,34.757691],[135.322274,34.757792],[135.322139,34.75794],[135.321999,34.758102],[135.32154,34.758833],[135.321481,34.759182],[135.321416,34.759567],[135.321413,34.759588],[135.3213,34.760259],[135.32131,34.760555]],[[135.322567,34.757566],[135.321195,34.757383],[135.321192,34.757396],[135.320247,34.757441],[135.320225,34.757464]],[[135.320225,34.757464],[135.320008,34.757695],[135.319879,34.758438],[135.319952,34.758627],[135.320074,34.75907],[135.320078,34.759394],[135.320769,34.759483],[135.320765,34.759501],[135.32059,34.760436],[135.319077,34.761304]],[[135.320225,34.757464],[135.320228,34.757375],[135.320279,34.757278],[135.320271,34.756723],[135.319928,34.756331],[135.319558,34.756324],[135.319492,34.756332],[135.319389,34.756365],[135.319325,34.756384],[135.319259,34.75638],[135.318937,34.756313]],[[135.318937,34.756313],[135.318753,34.756352],[135.318455,34.756358],[135.318293,34.75644],[135.318028,34.756445],[135.317592,34.756802],[135.31731,34.756976],[135.317174,34.757046],[135.317118,34.757058],[135.317,34.757065],[135.316948,34.757082],[135.316649,34.757242],[135.316625,34.757283]],[[135.316625,34.757283],[135.31662,34.757322],[135.316673,34.757464],[135.316692,34.75762],[135.316679,34.757701],[135.316675,34.757726],[135.316599,34.757884],[135.31658,34.757943],[135.316573,34.758004],[135.316591,34.758291],[135.316574,34.758376],[135.316448,34.758677],[135.31643,34.75876],[135.31643,34.758895],[135.316458,34.75894],[135.316469,34.758987],[135.316465,34.759064],[135.316439,34.759232],[135.31643,34.759304],[135.316424,34.759384],[135.316351,34.759563],[135.316336,34.759622],[135.31631,34.759722],[135.316288,34.759776],[135.316237,34.759854],[135.316095,34.760026],[135.315927,34.760183],[135.315874,34.760245],[135.315839,34.760294],[135.315752,34.76045],[135.316168,34.760672],[135.316248,34.76073],[135.316318,34.760797],[135.316406,34.760902],[135.316547,34.761027],[135.316906,34.761077],[135.317325,34.761037],[135.317393,34.761103],[135.317427,34.76115],[135.31744,34.761196],[135.317441,34.761241],[135.317417,34.76129],[135.317299,34.761503],[135.317425,34.761567]],[[135.325935,34.754979],[135.325433,34.755281],[135.325377,34.755315],[135.325042,34.755479],[135.324994,34.755476],[135.324914,34.75547],[135.324462,34.75544],[135.322822,34.755332]],[[135.322822,34.755332],[135.322778,34.755887],[135.322724,34.756434],[135.322669,34.756991],[135.322616,34.757554]],[[135.327962,34.755843],[135.327776,34.755722],[135.327304,34.755435],[135.327109,34.755271],[135.327024,34.755222],[135.326904,34.755171],[135.326769,34.75518],[135.326191,34.755349],[135.326128,34.755368],[135.325935,34.754979]],[[135.322822,34.755332],[135.321853,34.755273],[135.321472,34.75525],[135.320716,34.755203],[135.320178,34.755171],[135.320246,34.755022],[135.32029,34.754905],[135.3201,34.754617],[135.319867,34.754474]],[[135.319867,34.754474],[135.319788,34.754632],[135.319484,34.75483],[135.319446,34.754871],[135.31938,34.755129],[135.319373,34.755146],[135.319063,34.755977],[135.318937,34.756313]],[[135.323788,34.751817],[135.32345,34.752105],[135.323206,34.75224],[135.322986,34.752382],[135.322673,34.752523],[135.322651,34.752533],[135.32259,34.752561],[135.32234,34.75269],[135.322331,34.752694],[135.321831,34.752951],[135.321737,34.752988],[135.321505,34.75308],[135.321303,34.753148],[135.321156,34.753188],[135.320782,34.753229],[135.320583,34.753226]],[[135.320583,34.753226],[135.319926,34.753774],[135.319876,34.753833],[135.319819,34.7539],[135.319755,34.753993],[135.319734,34.75404],[135.319732,34.754044],[135.319718,34.754076],[135.319706,34.754198],[135.319718,34.754248],[135.31973,34.754293],[135.319785,34.754385],[135.319867,34.754474]],[[135.322822,34.755332],[135.322889,34.755068],[135.323007,34.754793],[135.323305,34.754264],[135.323445,34.754021],[135.323513,34.753855],[135.323565,34.753618],[135.323593,34.753491],[135.32352,34.753345],[135.323407,34.75312],[135.323396,34.753061],[135.323403,34.753005],[135.323685,34.752579],[135.323745,34.752091],[135.323788,34.751817]],[[135.325842,34.751256],[135.32518,34.751384],[135.324873,34.751444],[135.324576,34.751506]],[[135.324576,34.751506],[135.324506,34.751521],[135.324114,34.751608],[135.323788,34.751817]],[[135.325935,34.754979],[135.325863,34.754826],[135.325842,34.754749],[135.325855,34.754699],[135.325892,34.754643],[135.326032,34.754534],[135.326153,34.754451],[135.326055,34.754272],[135.326064,34.754231],[135.326117,34.753998],[135.326134,34.753823],[135.326143,34.75352],[135.326045,34.753321],[135.32594,34.753292],[135.326137,34.752632],[135.326155,34.752523],[135.326169,34.752303],[135.326174,34.752265]],[[135.326174,34.752265],[135.326044,34.752176],[135.326061,34.752133],[135.326027,34.751778],[135.325961,34.751543],[135.325842,34.751256]],[[135.328472,34.755363],[135.329038,34.754172],[135.329059,34.754127]],[[135.329059,34.754127],[135.328737,34.753921],[135.328423,34.753719],[135.328302,34.753642],[135.327622,34.753206],[135.327108,34.752876],[135.326174,34.752265]],[[135.329362,34.748861],[135.329359,34.748744]],[[135.329359,34.748744],[135.32877,34.749391],[135.328658,34.749514],[135.328658,34.749773],[135.328613,34.750115],[135.328593,34.750398],[135.328317,34.750648],[135.328272,34.750689],[135.328136,34.750756],[135.328052,34.750782],[135.32801,34.750795],[135.327641,34.750901],[135.327292,34.751016],[135.327096,34.751045],[135.326069,34.751217],[135.325842,34.751256]],[[135.329059,34.754127],[135.329234,34.753757],[135.32946,34.752849],[135.329452,34.752505],[135.329422,34.751235],[135.329405,34.75058],[135.32939,34.749955]],[[135.32939,34.749955],[135.329362,34.748861]],[[135.329362,34.748861],[135.329362,34.748861]],[[135.320583,34.753226],[135.320192,34.753181],[135.320006,34.753168],[135.319764,34.753174],[135.319343,34.753253],[135.318974,34.753322],[135.318122,34.75349],[135.317899,34.753534],[135.317711,34.753582],[135.317569,34.753638],[135.317415,34.753739],[135.31716,34.753949]],[[135.31716,34.753949],[135.317116,34.753991],[135.316821,34.754211],[135.316427,34.75445],[135.316339,34.754483],[135.316048,34.75453],[135.31597,34.754559],[135.315881,34.754603],[135.315812,34.754659],[135.315631,34.754859],[135.315326,34.755196],[135.315294,34.755282],[135.315128,34.755765],[135.315078,34.755911],[135.315022,34.756037],[135.315059,34.756228],[135.315084,34.756352],[135.315066,34.756439],[135.31504,34.756537],[135.314955,34.756654],[135.314865,34.756718],[135.314418,34.756917],[135.314318,34.756973],[135.314264,34.757021],[135.314132,34.757127],[135.314036,34.757165],[135.313827,34.757217],[135.313736,34.75722],[135.313666,34.757216],[135.313465,34.757163],[135.313374,34.757156],[135.31331,34.757174],[135.313259,34.757207],[135.313034,34.757441]],[[135.313034,34.757441],[135.313089,34.757466],[135.313202,34.75747],[135.313387,34.757466],[135.313587,34.757459],[135.313778,34.757433],[135.314006,34.7574],[135.314135,34.757367],[135.314347,34.757296],[135.314721,34.757165],[135.314788,34.757122],[135.314941,34.757043],[135.315129,34.756971],[135.315289,34.75692],[135.315443,34.756884],[135.315714,34.756857],[135.315771,34.756851],[135.316426,34.756801],[135.316428,34.756872],[135.316423,34.756987],[135.316399,34.757154],[135.31645,34.75716],[135.316625,34.757283]],[[135.313034,34.757441],[135.312942,34.757506],[135.31283,34.757548],[135.312739,34.757556],[135.312615,34.757543],[135.312413,34.75751],[135.312363,34.757514],[135.3123,34.757533],[135.312257,34.757558],[135.312077,34.757748],[135.311995,34.757808],[135.311911,34.757845],[135.311749,34.757894],[135.311413,34.757952],[135.310987,34.757985]],[[135.310987,34.757985],[135.310828,34.758287],[135.31081,34.758317],[135.31083,34.758369],[135.31088,34.758407],[135.311324,34.758715],[135.311705,34.758919],[135.31176,34.758949],[135.311827,34.759012],[135.311855,34.759064],[135.311845,34.759132],[135.311783,34.759273],[135.311762,34.759339],[135.311719,34.759483],[135.311693,34.759555],[135.311667,34.759616],[135.311499,34.759778],[135.311392,34.75984],[135.311066,34.759982],[135.310993,34.760034],[135.310911,34.76011],[135.3117,34.760844],[135.31184,34.760974],[135.311953,34.761079],[135.312455,34.762025],[135.312489,34.762192],[135.312494,34.762353],[135.313065,34.762033],[135.313251,34.762583],[135.31328,34.762681],[135.313292,34.762719]],[[135.307425,34.764085],[135.307989,34.763909],[135.308071,34.76389],[135.308419,34.763883],[135.308996,34.763782],[135.309316,34.763685],[135.309521,34.763645],[135.309768,34.763622],[135.309888,34.7636],[135.310071,34.763538],[135.310275,34.763459],[135.310319,34.763441],[135.310638,34.763263],[135.310762,34.76302],[135.311025,34.76281],[135.311305,34.76272],[135.31149,34.762668],[135.311716,34.762625],[135.311928,34.762604],[135.312148,34.762589],[135.312395,34.7626],[135.312563,34.762625]],[[135.310987,34.757985],[135.310792,34.757992],[135.310536,34.758117],[135.310428,34.758164],[135.309871,34.75838],[135.309691,34.758453],[135.309622,34.758492],[135.309586,34.758538],[135.309541,34.758713],[135.309418,34.758942],[135.30938,34.758997],[135.309328,34.759034],[135.309203,34.759068],[135.309156,34.759096],[135.309071,34.759208],[135.308905,34.759419],[135.308792,34.759652],[135.308572,34.759957],[135.308496,34.760063],[135.308524,34.760227],[135.30852,34.760294],[135.308477,34.760403],[135.308417,34.760486],[135.308387,34.760517],[135.308308,34.760599],[135.308031,34.760793],[135.307935,34.760893],[135.307887,34.760977],[135.307876,34.761017],[135.307876,34.761264],[135.307861,34.761332],[135.307845,34.761385],[135.307665,34.761628],[135.307606,34.761698],[135.307512,34.761753],[135.307442,34.761801],[135.307328,34.761951],[135.307274,34.761999],[135.306991,34.762142],[135.30656,34.762361],[135.305113,34.763212],[135.304915,34.763283],[135.304614,34.763359]],[[135.304614,34.763359],[135.304258,34.76352],[135.30408,34.763567],[135.303878,34.763601],[135.303815,34.763648],[135.303706,34.763722],[135.303615,34.763763],[135.302616,34.76399],[135.302442,34.764051],[135.302367,34.764094],[135.301282,34.764963],[135.301236,34.765039],[135.301083,34.76525],[135.300986,34.765422],[135.300899,34.765521],[135.300828,34.765554],[135.300662,34.765618],[135.300476,34.765649],[135.300269,34.765624],[135.300181,34.765595],[135.300105,34.765563],[135.299968,34.765582],[135.299806,34.76562],[135.299711,34.76566],[135.299348,34.765902],[135.299269,34.765978],[135.299219,34.766067],[135.299097,34.766378],[135.298976,34.766569],[135.298906,34.766649],[135.298898,34.766658],[135.29866,34.766934],[135.298956,34.767378],[135.298989,34.767502],[135.298982,34.767584],[135.298951,34.76766],[135.298892,34.767742],[135.298625,34.767961],[135.298411,34.768233],[135.298353,34.768368],[135.298145,34.76857],[135.298126,34.768655],[135.298175,34.768783]],[[135.313034,34.757441],[135.312961,34.757353],[135.312883,34.757233],[135.312852,34.757156],[135.312862,34.757113],[135.313063,34.756871],[135.313073,34.756832],[135.313078,34.7568],[135.313048,34.756753],[135.312869,34.756662],[135.312816,34.756624],[135.312797,34.756581],[135.312784,34.756406],[135.312769,34.756298],[135.312707,34.7559],[135.312701,34.755829],[135.312715,34.755685],[135.312726,34.755579],[135.312709,34.75546],[135.31266,34.75522],[135.31264,34.75506],[135.31261,34.754881],[135.312574,34.754827],[135.312493,34.754737],[135.312443,34.754673],[135.31241,34.754627],[135.312399,34.754582],[135.312347,34.753953]],[[135.312347,34.753953],[135.312358,34.753805],[135.312313,34.753725],[135.312244,34.753672],[135.312147,34.753602]],[[135.312147,34.753602],[135.311656,34.754189],[135.311462,34.754469],[135.31141,34.754544],[135.311169,34.754889],[135.311025,34.755179],[135.311022,34.755182],[135.310828,34.755347],[135.310294,34.755802],[135.309878,34.756176],[135.309876,34.756178],[135.309735,34.756305],[135.30913,34.756844],[135.308632,34.757312],[135.30848,34.757504],[135.30821,34.757746],[135.308202,34.757753],[135.308023,34.757914],[135.307853,34.75814],[135.307567,34.758424],[135.30747,34.758493],[135.307232,34.758663],[135.30719,34.758716],[135.306838,34.75916],[135.306643,34.759397],[135.306626,34.759417],[135.306494,34.759609],[135.306353,34.75983],[135.306226,34.75999],[135.306108,34.760109],[135.306022,34.760254],[135.305984,34.760346],[135.305926,34.760514],[135.305803,34.76075],[135.305685,34.760978],[135.305658,34.76108],[135.305581,34.76143],[135.305572,34.761659],[135.305568,34.761981],[135.305541,34.76206],[135.305497,34.762103],[135.305298,34.762227],[135.305078,34.762413],[135.304949,34.762571],[135.304809,34.762831],[135.304717,34.76314],[135.304669,34.763316],[135.304614,34.763359]],[[135.31716,34.753949],[135.316448,34.753681],[135.316343,34.75365],[135.316553,34.753284],[135.315922,34.752933],[135.315441,34.753089],[135.315395,34.75306],[135.315336,34.753022],[135.315326,34.752483],[135.315346,34.75186]],[[135.315346,34.75186],[135.315338,34.751867],[135.315125,34.752047],[135.315033,34.752124],[135.314976,34.75216],[135.314748,34.752283]],[[135.314748,34.752283],[135.314673,34.752349],[135.31465,34.752417],[135.314703,34.752767],[135.314698,34.752875],[135.314659,34.752928],[135.314587,34.752983],[135.314567,34.752992],[135.314478,34.753029],[135.314227,34.753091],[135.314157,34.753107],[135.314088,34.753167],[135.314016,34.753233],[135.313908,34.753317],[135.31384,34.753438],[135.313783,34.753486],[135.313707,34.753529],[135.313632,34.753562],[135.3136,34.753565],[135.313532,34.75357],[135.313462,34.753548],[135.313382,34.753484],[135.313333,34.753482],[135.313294,34.753504],[135.313258,34.753537],[135.313224,34.753723],[135.313197,34.753758],[135.313152,34.753781],[135.312967,34.753803],[135.312639,34.753775],[135.312572,34.753793],[135.312347,34.753953]],[[135.324576,34.751506],[135.324417,34.75147],[135.323814,34.751334]],[[135.323814,34.751334],[135.323494,34.751202],[135.323238,34.751085],[135.32322,34.751072],[135.322731,34.750745],[135.322744,34.750652]],[[135.322744,34.750652],[135.322585,34.75053],[135.322477,34.750447],[135.32215,34.750214],[135.322103,34.750189],[135.321843,34.750052],[135.321565,34.749919],[135.321523,34.749899],[135.321244,34.749814],[135.320943,34.749749],[135.320352,34.749678],[135.320064,34.749614],[135.319808,34.749519]],[[135.319808,34.749519],[135.319238,34.749227]],[[135.319238,34.749227],[135.319176,34.749773],[135.319158,34.750139],[135.318528,34.75011],[135.317943,34.750083],[135.317724,34.750073],[135.317128,34.750048],[135.317024,34.750049],[135.316961,34.750062],[135.316899,34.750089],[135.316849,34.750125],[135.316819,34.750166],[135.316796,34.750219],[135.31677,34.750302],[135.316734,34.750501],[135.316733,34.750509],[135.316696,34.750864],[135.316693,34.750898],[135.316668,34.751133],[135.316657,34.751241],[135.316653,34.751276],[135.316637,34.751432],[135.316602,34.751559],[135.316557,34.751618],[135.316546,34.751626],[135.316477,34.751676],[135.316382,34.751707],[135.316002,34.751763],[135.315346,34.75186]],[[135.319238,34.749227],[135.318488,34.748817],[135.317884,34.748486],[135.317277,34.748153],[135.31625,34.74761],[135.315785,34.747363]],[[135.315785,34.747363],[135.315761,34.747393],[135.315953,34.747501],[135.315928,34.747628],[135.315916,34.747689],[135.315857,34.747808],[135.315693,34.747981],[135.315458,34.74823],[135.315436,34.74825],[135.315149,34.748502],[135.315097,34.748547],[135.314925,34.748678],[135.3148,34.748754],[135.314449,34.748554],[135.314383,34.748623],[135.314451,34.748688],[135.314346,34.748814],[135.314798,34.74921],[135.314764,34.749584],[135.314734,34.749639],[135.314535,34.750001],[135.314363,34.750122],[135.314278,34.75021],[135.314194,34.750332],[135.314159,34.750396],[135.314144,34.750453],[135.314144,34.750752],[135.313991,34.750834],[135.313951,34.751078],[135.313875,34.751265],[135.313785,34.751335]],[[135.313785,34.751335],[135.313859,34.751363],[135.313944,34.751378],[135.314075,34.751377],[135.314124,34.751371],[135.314143,34.751369],[135.314454,34.75129],[135.31436,34.751737],[135.314341,34.751826],[135.314322,34.751835],[135.314339,34.751916],[135.314386,34.751989],[135.314471,34.752071],[135.314748,34.752283]],[[135.320062,34.745355],[135.319513,34.745208],[135.318847,34.745031],[135.318372,34.745085],[135.318102,34.745004],[135.317815,34.744815],[135.317697,34.744757],[135.317613,34.744738],[135.31701,34.744727]],[[135.31701,34.744727],[135.317038,34.745093],[135.317104,34.745368],[135.3172,34.745585],[135.317204,34.745609],[135.317227,34.745752],[135.317224,34.745852],[135.317212,34.745917],[135.317116,34.74621],[135.31708,34.746205],[135.317038,34.746328],[135.316567,34.746209],[135.316432,34.746353],[135.316332,34.74646],[135.316474,34.746542],[135.316067,34.74708],[135.31586,34.747087],[135.315718,34.747327],[135.315785,34.747363]],[[135.319238,34.749227],[135.319284,34.748606],[135.319237,34.748042],[135.319132,34.747109],[135.319147,34.747015],[135.319265,34.746778],[135.319595,34.746213],[135.3197,34.746085],[135.319787,34.745944],[135.320062,34.745355]],[[135.319808,34.749519],[135.319908,34.748629],[135.319791,34.748003],[135.320686,34.747671],[135.32172,34.747285],[135.322213,34.747086],[135.322391,34.746975],[135.322493,34.746902],[135.322583,34.746772],[135.322808,34.746243]],[[135.322808,34.746243],[135.322736,34.746212],[135.322744,34.746192]],[[135.322744,34.746192],[135.322377,34.746019],[135.321894,34.745791],[135.321878,34.745784],[135.321453,34.745583],[135.321197,34.745443],[135.320793,34.745558],[135.320062,34.745355]],[[135.322744,34.750652],[135.322783,34.750371],[135.322873,34.749727],[135.322995,34.748775],[135.323112,34.747864]],[[135.323112,34.747864],[135.32321,34.74712],[135.32327,34.746724],[135.323298,34.746588],[135.323347,34.746473],[135.322808,34.746243]],[[135.326191,34.748156],[135.325853,34.748113],[135.325787,34.748104],[135.325347,34.747864],[135.32497,34.74813],[135.324867,34.748025],[135.324318,34.747973],[135.32431,34.747972],[135.323702,34.74792],[135.323112,34.747864]],[[135.323814,34.751334],[135.32499,34.75082],[135.324998,34.750817],[135.325022,34.750806],[135.325605,34.750552],[135.325581,34.7505],[135.325887,34.749746],[135.326042,34.749434],[135.326102,34.749337],[135.32618,34.749312],[135.326311,34.749297],[135.326191,34.748966]],[[135.326191,34.748966],[135.32619,34.748948],[135.326161,34.748348],[135.326191,34.748156]],[[135.329304,34.746705],[135.328933,34.747046],[135.3289,34.747198],[135.328772,34.747593],[135.32871,34.747647],[135.328613,34.747843],[135.328542,34.747944],[135.32847,34.748036],[135.328458,34.748051],[135.328278,34.748266],[135.328165,34.748372],[135.328101,34.748431],[135.327894,34.748578],[135.32771,34.748692],[135.327553,34.748749],[135.327419,34.748783],[135.327051,34.748826],[135.32663,34.748874],[135.326191,34.748966]],[[135.329359,34.748744],[135.329318,34.747243]],[[135.329318,34.747243],[135.329318,34.747243]],[[135.329318,34.747243],[135.329311,34.746951],[135.329304,34.746705]],[[135.328987,34.744079],[135.328392,34.74451],[135.328086,34.744675],[135.328015,34.744714],[135.327561,34.744967],[135.327458,34.745006],[135.327352,34.74503],[135.327215,34.745033]],[[135.327215,34.745033],[135.327174,34.745258],[135.327128,34.745393],[135.327075,34.745549],[135.326928,34.745941],[135.326817,34.746254],[135.326648,34.746711],[135.326346,34.747515],[135.326225,34.74798],[135.326191,34.748156]],[[135.329304,34.746705],[135.329296,34.746416],[135.329296,34.746415],[135.329286,34.746015],[135.329201,34.74549]],[[135.329201,34.74549],[135.329201,34.74549]],[[135.329201,34.74549],[135.329078,34.744434],[135.329078,34.744434],[135.328987,34.744079]],[[135.327215,34.745033],[135.327216,34.745025],[135.32713,34.745017],[135.326867,34.744941]],[[135.326867,34.744941],[135.326474,34.744811],[135.32632,34.744762],[135.32623,34.744744],[135.326121,34.744735],[135.326023,34.744748],[135.325672,34.74485],[135.325101,34.74499],[135.32488,34.745035],[135.32463,34.745086],[135.324493,34.745105],[135.324308,34.74513]],[[135.324308,34.74513],[135.324011,34.745162],[135.323707,34.74521],[135.323536,34.745255],[135.323344,34.745322],[135.323258,34.745371],[135.32315,34.745459],[135.323085,34.745536],[135.322955,34.745726],[135.322843,34.745953],[135.322748,34.74618],[135.322744,34.746192]],[[135.320062,34.745355],[135.320259,34.744926],[135.320327,34.744779],[135.320464,34.744487],[135.320674,34.744037],[135.321078,34.743818],[135.320621,34.743705],[135.320674,34.743531],[135.320511,34.743491],[135.32055,34.743399],[135.320595,34.743351],[135.320696,34.743299],[135.320803,34.74316],[135.320922,34.74268],[135.320979,34.742542],[135.320994,34.742371],[135.321058,34.742079],[135.321066,34.742053],[135.321128,34.741859]],[[135.321128,34.741859],[135.320288,34.74179],[135.31947,34.741722],[135.319129,34.741673],[135.31884,34.74163],[135.3188,34.741625],[135.318772,34.74162],[135.318239,34.741543],[135.318235,34.741543],[135.317626,34.741454],[135.316996,34.741362],[135.316994,34.741362]],[[135.316994,34.741362],[135.316865,34.741844],[135.316852,34.741925],[135.316785,34.742348],[135.316783,34.742363],[135.316603,34.743496],[135.316602,34.743503],[135.316462,34.74439],[135.316467,34.744576],[135.31649,34.744788],[135.316981,34.74473],[135.31701,34.744727]],[[135.324308,34.74513],[135.324267,34.744878],[135.323482,34.744417],[135.32353,34.744124],[135.323522,34.744055],[135.323491,34.74388],[135.323495,34.7437],[135.323487,34.743508],[135.323422,34.743284],[135.323389,34.743244],[135.322795,34.742819],[135.322773,34.742796],[135.322768,34.742763],[135.322782,34.742714],[135.322827,34.742637],[135.322974,34.74246],[135.323001,34.74241],[135.323039,34.742287],[135.323098,34.741983]],[[135.323098,34.741983],[135.322809,34.741934],[135.32201,34.74192],[135.321874,34.741918],[135.321128,34.741859]],[[135.326867,34.744941],[135.326854,34.744896],[135.32649,34.744499],[135.326121,34.744393],[135.326064,34.743942],[135.325961,34.743044],[135.325791,34.743164],[135.325578,34.742767],[135.325182,34.742556],[135.325203,34.742527],[135.32522,34.742477],[135.325244,34.742378],[135.325233,34.742303],[135.325236,34.742268],[135.325247,34.742138]],[[135.325247,34.742138],[135.325254,34.742049]],[[135.325254,34.742049],[135.325085,34.742044],[135.323744,34.742006]],[[135.323744,34.742006],[135.32335,34.741995],[135.323251,34.741994],[135.323098,34.741983]],[[135.328591,34.742877],[135.328591,34.742877]],[[135.328591,34.742877],[135.328449,34.742518],[135.328377,34.742272]],[[135.328377,34.742272],[135.328045,34.742256],[135.327468,34.742228],[135.32662,34.742193],[135.325876,34.742163],[135.325247,34.742138]],[[135.328987,34.744079],[135.328841,34.743515],[135.328841,34.743514],[135.328591,34.742877]],[[135.3529,34.761365],[135.352902,34.761142],[135.352769,34.761099],[135.352792,34.760739],[135.352641,34.760748],[135.352577,34.760691],[135.352473,34.760637],[135.352397,34.760612],[135.35217,34.760383],[135.352263,34.760131],[135.352377,34.760161],[135.352506,34.760181],[135.352768,34.760197],[135.352985,34.760195],[135.353124,34.759921],[135.353251,34.759669],[135.35331,34.759596],[135.353249,34.759256],[135.35296,34.759295],[135.352744,34.758477],[135.352692,34.758275],[135.35248,34.757439],[135.352486,34.757366],[135.352535,34.757254],[135.352541,34.757209],[135.352524,34.756772],[135.352536,34.756712],[135.35257,34.756644],[135.352694,34.756516],[135.35276,34.756484],[135.352892,34.756444],[135.353061,34.756407],[135.35303,34.756144],[135.352452,34.756152],[135.352362,34.756078],[135.351954,34.755776],[135.351933,34.755793],[135.351897,34.755798],[135.351831,34.755777],[135.351671,34.755691],[135.351589,34.75566],[135.351489,34.755623],[135.351375,34.755594],[135.351288,34.75579],[135.351044,34.755718]],[[135.351044,34.755718],[135.350914,34.756015],[135.350883,34.756071],[135.350851,34.756099],[135.35081,34.75612],[135.350784,34.756129],[135.35071,34.756135],[135.35064,34.75613],[135.350108,34.756037],[135.350033,34.756036],[135.349993,34.756048],[135.349971,34.756076],[135.349783,34.756631],[135.349725,34.7568],[135.349661,34.75697],[135.349598,34.757062],[135.349542,34.75713],[135.349473,34.75719],[135.349392,34.757223],[135.349296,34.757249],[135.349207,34.757332],[135.349028,34.757569],[135.349018,34.757593],[135.349036,34.757745],[135.349057,34.757876],[135.349085,34.757962],[135.349263,34.758326],[135.349133,34.758443],[135.349033,34.758627],[135.349007,34.758701],[135.349014,34.75878],[135.349108,34.758964],[135.349136,34.759045]],[[135.349136,34.759045],[135.34912,34.759278],[135.349163,34.759426],[135.349218,34.759526],[135.349279,34.759559],[135.349483,34.759618],[135.349539,34.759645],[135.349566,34.759681],[135.349666,34.760048],[135.349616,34.760163],[135.34962,34.760189],[135.349628,34.760252],[135.349628,34.760314],[135.349605,34.760464],[135.349603,34.760473],[135.349607,34.760523],[135.349653,34.760634],[135.349667,34.760696],[135.349671,34.760796],[135.349681,34.761058],[135.349681,34.761127],[135.349695,34.761182],[135.349747,34.761288],[135.349868,34.761473],[135.349902,34.761535],[135.349972,34.761744],[135.350063,34.762014],[135.3501,34.762126],[135.350125,34.762196],[135.350129,34.762266],[135.350151,34.762482]],[[135.350151,34.762482],[135.35081,34.762773],[135.350838,34.762786],[135.35109,34.762503],[135.351397,34.762706],[135.351757,34.762366],[135.352128,34.762592],[135.352272,34.762492],[135.35241,34.762426],[135.352409,34.762382],[135.352484,34.762319],[135.352518,34.762266],[135.35257,34.762183],[135.352598,34.762107],[135.352684,34.762174],[135.352795,34.762238],[135.35282,34.762253],[135.352892,34.762102],[135.3529,34.761365]],[[135.351044,34.755718],[135.351172,34.755408],[135.351189,34.755384],[135.351204,34.755364],[135.351213,34.75535],[135.351288,34.755305],[135.351362,34.755265],[135.351919,34.755048],[135.352021,34.754993],[135.352071,34.754952],[135.352139,34.754873],[135.352154,34.75481],[135.352173,34.754622],[135.352193,34.754523],[135.352237,34.754424],[135.352312,34.75433]],[[135.352312,34.75433],[135.351511,34.753838],[135.351072,34.753567],[135.350929,34.753479],[135.350567,34.753256],[135.350287,34.753067],[135.349639,34.752644],[135.349611,34.752625],[135.349584,34.752567]],[[135.349584,34.752567],[135.349455,34.752575],[135.349378,34.752604],[135.349337,34.752651],[135.349294,34.752742],[135.349203,34.753081],[135.349177,34.753177],[135.348788,34.753019],[135.348735,34.752998],[135.348476,34.753005],[135.348436,34.753006],[135.348408,34.753007],[135.348039,34.753052],[135.347977,34.753059],[135.347916,34.75306],[135.347551,34.753004],[135.347283,34.753001],[135.346748,34.752903],[135.346683,34.752992]],[[135.346683,34.752992],[135.346705,34.753358],[135.346739,34.754153],[135.346759,34.754251],[135.346855,34.75444],[135.346897,34.754523],[135.346927,34.754635],[135.347008,34.755269],[135.347012,34.755302],[135.347066,34.755394],[135.347126,34.755485],[135.347145,34.755548],[135.347153,34.755615],[135.347134,34.755715],[135.347114,34.755827],[135.347091,34.755918],[135.347078,34.756074],[135.347107,34.75642],[135.347138,34.756795],[135.347132,34.757044],[135.347014,34.757733],[135.346951,34.758313]],[[135.346951,34.758313],[135.347192,34.758366],[135.347315,34.758446],[135.347487,34.758511],[135.347518,34.758593],[135.347545,34.758647],[135.347609,34.758711],[135.347823,34.75885],[135.34792,34.758897],[135.348074,34.758971],[135.348022,34.759044],[135.347959,34.759144],[135.34808,34.759177],[135.34819,34.759207],[135.348243,34.759222],[135.348312,34.759227],[135.348352,34.759229],[135.348433,34.759234],[135.348606,34.759278],[135.348648,34.759309],[135.349136,34.759045]],[[135.346683,34.752992],[135.346264,34.752983],[135.346076,34.752979],[135.346025,34.752971],[135.345684,34.752913],[135.345508,34.75287],[135.345347,34.752796],[135.345111,34.752671],[135.345,34.752587],[135.344909,34.752491],[135.344484,34.752336],[135.344434,34.752302],[135.344392,34.75225],[135.344365,34.752191],[135.344342,34.752115],[135.344327,34.752086],[135.344045,34.751891],[135.343988,34.751843],[135.343866,34.751636],[135.343766,34.751523],[135.343661,34.751428],[135.343589,34.751346]],[[135.343589,34.751346],[135.343549,34.751362],[135.343437,34.751406],[135.34327,34.751517],[135.34311,34.751665],[135.342978,34.751832],[135.342955,34.75186],[135.342788,34.752138],[135.342755,34.752194]],[[135.342755,34.752194],[135.342147,34.753097],[135.342059,34.753254],[135.341968,34.753805],[135.341925,34.753931],[135.341898,34.753998],[135.341751,34.754269],[135.341547,34.75458],[135.341391,34.754764],[135.341257,34.754895],[135.341134,34.754968],[135.340943,34.755039]],[[135.340943,34.755039],[135.341061,34.755317],[135.341094,34.755411],[135.341119,34.755534],[135.341136,34.755614],[135.341185,34.755845],[135.34123,34.755967],[135.341295,34.756121],[135.341342,34.756203],[135.341377,34.75624],[135.341749,34.756521],[135.341784,34.756561],[135.341822,34.756618],[135.341968,34.756839]],[[135.341968,34.756839],[135.342299,34.756791],[135.342295,34.756772],[135.342499,34.756737],[135.342557,34.756853],[135.342634,34.756876],[135.343037,34.757056],[135.342952,34.757212],[135.343786,34.757541],[135.343904,34.757327],[135.344768,34.757638]],[[135.344768,34.757638],[135.344819,34.757658],[135.344825,34.757707],[135.344859,34.757771],[135.344907,34.7578],[135.344971,34.757819],[135.34505,34.757823],[135.345262,34.757801],[135.34534,34.75782],[135.345376,34.757841],[135.345685,34.7581],[135.345749,34.758145],[135.34608,34.758177],[135.346191,34.758188]],[[135.346191,34.758188],[135.346222,34.758191],[135.34654,34.757863],[135.34673,34.758325],[135.346946,34.758338]],[[135.346946,34.758338],[135.346951,34.758313]],[[135.340961,34.758695],[135.341051,34.758729],[135.341118,34.75879],[135.341166,34.758881],[135.341208,34.758926],[135.341242,34.758947],[135.341303,34.758962],[135.341845,34.758658],[135.341776,34.758535],[135.341724,34.758436],[135.341708,34.758386],[135.341711,34.758367],[135.34173,34.758317],[135.34176,34.758279],[135.341776,34.75824],[135.341756,34.758061],[135.341759,34.758017],[135.341905,34.758116],[135.341915,34.758251],[135.341951,34.75831],[135.341999,34.758369],[135.342089,34.758421],[135.342203,34.758459],[135.342295,34.758473],[135.342409,34.758472],[135.342439,34.758412],[135.342523,34.758295]],[[135.342523,34.758295],[135.342578,34.758207],[135.342601,34.758123],[135.342592,34.758059],[135.342569,34.757979],[135.342542,34.757939],[135.342518,34.757906],[135.342493,34.757752],[135.342472,34.75759],[135.342429,34.757504],[135.342367,34.757383],[135.342207,34.757208],[135.341993,34.756879],[135.341968,34.756839]],[[135.340943,34.755039],[135.340561,34.755118],[135.340382,34.75515],[135.340326,34.75516],[135.340011,34.755201],[135.33934,34.755265]],[[135.33934,34.755265],[135.339416,34.75577]],[[135.339416,34.75577],[135.339705,34.755838],[135.339794,34.755951],[135.339841,34.755998],[135.339885,34.756024],[135.339918,34.756033],[135.339966,34.75618],[135.339979,34.756301],[135.339938,34.756392],[135.339921,34.756458],[135.339904,34.756514],[135.339845,34.756707],[135.339833,34.756768],[135.339835,34.756874],[135.339857,34.756927],[135.339955,34.757093],[135.339978,34.757132],[135.339959,34.757438],[135.339923,34.757533],[135.339912,34.757636],[135.339917,34.757747],[135.339809,34.757791],[135.339717,34.757846],[135.339644,34.757922],[135.339385,34.75832],[135.339286,34.758441],[135.338996,34.758737],[135.338884,34.75874],[135.338805,34.758804],[135.338745,34.758831],[135.33872,34.758842],[135.338594,34.759028],[135.338541,34.759145],[135.338594,34.759374],[135.338564,34.759546]],[[135.338564,34.759546],[135.33854,34.759601],[135.338535,34.759651],[135.338558,34.759722],[135.338589,34.759754],[135.338684,34.759815],[135.33872,34.759864],[135.338726,34.759915],[135.338716,34.759961],[135.338725,34.760022],[135.338784,34.760187],[135.338802,34.760206],[135.338837,34.760242],[135.338892,34.760365],[135.33892,34.76044],[135.338945,34.760469],[135.339076,34.760558],[135.339289,34.760816],[135.339419,34.760925],[135.339698,34.761089],[135.339801,34.761185],[135.33985,34.761287],[135.339879,34.761421],[135.339886,34.761639],[135.339902,34.761715],[135.339948,34.761776],[135.339995,34.761799],[135.340047,34.761746],[135.340111,34.7617],[135.340139,34.761656],[135.340162,34.761591],[135.340197,34.761528],[135.340208,34.761463],[135.340202,34.761379],[135.340187,34.76132],[135.34014,34.761221],[135.340052,34.761104],[135.339973,34.761066],[135.339916,34.761038],[135.339843,34.760999],[135.339877,34.760843],[135.339904,34.760779],[135.339903,34.760708],[135.33987,34.760654],[135.339808,34.760604],[135.339711,34.760571],[135.339619,34.760519],[135.339535,34.760458],[135.339467,34.76036],[135.339444,34.760312],[135.339382,34.76018],[135.339368,34.76016],[135.339269,34.760012],[135.339209,34.759891],[135.339189,34.759814],[135.339174,34.759729],[135.339157,34.759557],[135.33914,34.759509],[135.339079,34.759426],[135.339059,34.759369],[135.339042,34.759058],[135.339489,34.758753],[135.339586,34.758666],[135.339734,34.758478],[135.339987,34.75814],[135.340193,34.758218],[135.340329,34.758242],[135.340491,34.758346],[135.340606,34.758439],[135.340742,34.758594],[135.340798,34.758635],[135.340961,34.758695]],[[135.339416,34.75577],[135.339295,34.755854],[135.339002,34.756043],[135.338685,34.756225],[135.338521,34.756346],[135.338395,34.756486],[135.338313,34.756494],[135.338295,34.756511],[135.338231,34.75657],[135.338193,34.756624],[135.338151,34.75675],[135.338123,34.756899],[135.33818,34.757137],[135.338191,34.757181],[135.338047,34.757176],[135.338043,34.757172],[135.337947,34.757163],[135.337937,34.757163],[135.337854,34.757221],[135.33769,34.757292],[135.337605,34.757344],[135.337018,34.757624],[135.336659,34.757819],[135.336613,34.757766],[135.336348,34.757866],[135.336342,34.757884],[135.336333,34.757969],[135.336343,34.758034],[135.336367,34.758096],[135.336513,34.758314],[135.336636,34.758446],[135.336868,34.758867],[135.336943,34.759001],[135.336987,34.759172],[135.337057,34.7594],[135.337082,34.759584],[135.337106,34.759656],[135.337159,34.759777],[135.337176,34.759865],[135.337162,34.759973],[135.337134,34.760085],[135.337113,34.76016],[135.337075,34.760227],[135.336939,34.760468],[135.336908,34.760545],[135.336892,34.76062],[135.336889,34.760711],[135.336909,34.760768],[135.337062,34.761006],[135.337106,34.761117],[135.337126,34.761252],[135.337129,34.761362]],[[135.33937,34.763053],[135.339255,34.762723],[135.339215,34.762643],[135.339134,34.762562],[135.339036,34.762505],[135.338953,34.762469],[135.338778,34.762432],[135.338669,34.762387],[135.338588,34.762333],[135.338493,34.762256],[135.337998,34.761634],[135.337782,34.761239],[135.33773,34.761086],[135.337706,34.760968],[135.337629,34.760615],[135.337594,34.760529],[135.337585,34.760465],[135.337584,34.76038],[135.337627,34.760277],[135.337628,34.760276],[135.337817,34.760291],[135.337832,34.760185],[135.337996,34.75992],[135.338365,34.759602],[135.338437,34.759565],[135.338509,34.759549],[135.338564,34.759546]],[[135.33934,34.755265],[135.338759,34.755299],[135.338698,34.755302],[135.338347,34.755324],[135.337832,34.755357],[135.337761,34.755362],[135.33749,34.755415],[135.337171,34.755543]],[[135.337171,34.755543],[135.336893,34.755681],[135.336679,34.75583],[135.336604,34.755889],[135.336467,34.755997],[135.336467,34.755998],[135.336344,34.756127],[135.336006,34.756598]],[[135.336006,34.756598],[135.335801,34.756917],[135.335781,34.756947],[135.33569,34.757064],[135.335605,34.757171],[135.335337,34.757472],[135.335208,34.757654],[135.33517,34.757724],[135.335124,34.75784],[135.335078,34.758002],[135.335065,34.758129],[135.335067,34.758213],[135.335067,34.758223],[135.335088,34.758303],[135.33514,34.758412],[135.335304,34.758628],[135.33547,34.758847],[135.335707,34.759159],[135.335808,34.759284],[135.335867,34.759374],[135.33592,34.75949]],[[135.333687,34.752281],[135.333217,34.752403],[135.333151,34.752414],[135.332799,34.752472],[135.332664,34.752412],[135.332339,34.752524],[135.331977,34.752578],[135.331699,34.752721],[135.331591,34.752776],[135.331511,34.752818],[135.33106,34.752995],[135.330777,34.753089],[135.330791,34.753272],[135.330761,34.754574]],[[135.336006,34.756598],[135.335606,34.756562],[135.335439,34.756367],[135.335336,34.756247],[135.335261,34.756186],[135.334868,34.755864],[135.334563,34.755614],[135.334407,34.755508],[135.334328,34.755059],[135.334276,34.754765],[135.334219,34.754447],[135.334113,34.753859],[135.333994,34.753194],[135.333931,34.752914],[135.333863,34.752485],[135.333834,34.752405],[135.333775,34.752329],[135.333687,34.752281]],[[135.337868,34.75101],[135.337213,34.750967],[135.337173,34.750964],[135.336543,34.750918],[135.336301,34.750891],[135.336159,34.750854],[135.336051,34.750801],[135.335892,34.750651],[135.335679,34.750559],[135.335241,34.750433],[135.334773,34.750173]],[[135.334773,34.750173],[135.33432,34.750514],[135.334212,34.750592],[135.33416,34.750657],[135.334064,34.750928],[135.334429,34.751813],[135.334511,34.752011],[135.334526,34.752048],[135.334024,34.752031],[135.333875,34.752015],[135.333792,34.751987],[135.333702,34.751937]],[[135.333702,34.751937],[135.333687,34.752281]],[[135.337171,34.755543],[135.337139,34.75548],[135.337137,34.755423],[135.337151,34.755345],[135.337185,34.755279],[135.337227,34.755226],[135.337366,34.755087],[135.337587,34.754867],[135.337631,34.7548],[135.337648,34.754733],[135.337684,34.754088],[135.337694,34.753904],[135.337714,34.753542],[135.337752,34.752842],[135.337765,34.752651],[135.337788,34.752287],[135.33783,34.751638],[135.337868,34.75101]],[[135.342166,34.75015],[135.341008,34.750095]],[[135.341008,34.750095],[135.34046,34.750078],[135.340437,34.750077],[135.340045,34.750066],[135.33996,34.750073],[135.339841,34.750104],[135.339754,34.750157],[135.339686,34.750216],[135.339654,34.750255],[135.339261,34.750744],[135.339119,34.750921],[135.339017,34.750998],[135.338928,34.751037],[135.338838,34.751054],[135.338635,34.751054],[135.337868,34.75101]],[[135.342755,34.752194],[135.342638,34.752154],[135.342433,34.752127],[135.342271,34.752101],[135.341958,34.75202],[135.341901,34.752018],[135.341999,34.751657],[135.342039,34.751511],[135.342114,34.750906],[135.342119,34.750829],[135.342144,34.750473],[135.342166,34.75015]],[[135.349158,34.749876],[135.349182,34.749948],[135.349261,34.750465],[135.349263,34.750482],[135.349296,34.750688],[135.3493,34.750709],[135.349364,34.751142],[135.349391,34.751325],[135.349445,34.75169],[135.349584,34.752567]],[[135.352312,34.75433],[135.352514,34.754149],[135.352571,34.754046],[135.352621,34.753068],[135.352648,34.752554],[135.352703,34.751758],[135.352705,34.751677],[135.352712,34.751563],[135.352731,34.751254],[135.35275,34.750945],[135.352763,34.750732],[135.352771,34.750671],[135.35278,34.750569],[135.352797,34.750394],[135.352822,34.75015],[135.352855,34.749828]],[[135.352855,34.749828],[135.352746,34.749803],[135.352318,34.749785],[135.351608,34.749758]],[[135.351608,34.749758],[135.351257,34.749745],[135.3506,34.749721],[135.350359,34.749712],[135.350187,34.749711],[135.349801,34.749803],[135.349637,34.749817],[135.349393,34.749839],[135.349158,34.749876]],[[135.349158,34.749876],[135.348907,34.749515],[135.34882,34.749388],[135.34806,34.748965]],[[135.34806,34.748965],[135.347957,34.749205],[135.347841,34.749378],[135.347493,34.749894]],[[135.347493,34.749894],[135.34743,34.749978],[135.347137,34.750364],[135.346984,34.750478],[135.346826,34.750556],[135.346533,34.750655],[135.345635,34.750854],[135.344669,34.75108],[135.344033,34.751223],[135.343999,34.751231],[135.343744,34.751288],[135.343589,34.751346]],[[135.351608,34.749758],[135.35163,34.749387],[135.351641,34.749204],[135.351652,34.749028],[135.351675,34.748656],[135.351695,34.748298],[135.351707,34.748093],[135.351716,34.74794],[135.351739,34.74754]],[[135.351739,34.74754],[135.351413,34.747525],[135.350594,34.747488],[135.350263,34.747473],[135.348349,34.747396]],[[135.348349,34.747396],[135.348281,34.747773]],[[135.348281,34.747773],[135.348247,34.747959],[135.348145,34.748505],[135.34806,34.748965]],[[135.348665,34.744571],[135.348647,34.745147],[135.348646,34.745473],[135.348577,34.746119],[135.348465,34.746746],[135.348349,34.747396]],[[135.351739,34.74754],[135.351751,34.747331],[135.351764,34.747101],[135.351776,34.746886],[135.351813,34.746256],[135.351831,34.745934],[135.351849,34.745617],[135.351872,34.745232],[135.351874,34.745138]],[[135.351874,34.745138],[135.35124,34.745024],[135.350405,34.744876],[135.349906,34.744788],[135.349286,34.74468],[135.348953,34.744622],[135.348665,34.744571]],[[135.347493,34.749894],[135.346885,34.74987],[135.345697,34.749823],[135.344237,34.749764],[135.344198,34.749644]],[[135.344198,34.749644],[135.344144,34.749677],[135.343307,34.750192],[135.343291,34.750191],[135.343173,34.750187],[135.342679,34.750169],[135.342166,34.75015]],[[135.344376,34.747221],[135.344365,34.747468],[135.344324,34.748356],[135.344312,34.74855],[135.344285,34.748995],[135.344266,34.749299],[135.344246,34.749613],[135.344198,34.749644]],[[135.348281,34.747773],[135.347807,34.747756],[135.34728,34.747738],[135.347008,34.747729],[135.347033,34.747343],[135.345858,34.747291],[135.34524,34.747264],[135.344949,34.747241],[135.344486,34.747204],[135.344376,34.747221]],[[135.348665,34.744571],[135.34865,34.744569]],[[135.34865,34.744569],[135.347913,34.744478],[135.347203,34.744391]],[[135.347203,34.744391],[135.346483,34.744319],[135.346056,34.744276],[135.345496,34.744193],[135.344567,34.744055]],[[135.344567,34.744055],[135.34454,34.744677],[135.344492,34.745307],[135.344475,34.745944],[135.344425,34.746581],[135.3444,34.746911],[135.344376,34.747221]],[[135.341188,34.747113],[135.341188,34.747114]],[[135.341188,34.747114],[135.341159,34.747517],[135.341122,34.748168],[135.341121,34.748185],[135.341093,34.748699],[135.341091,34.748737],[135.341068,34.749154],[135.341041,34.749577],[135.341008,34.750095]],[[135.344376,34.747221],[135.34386,34.747205],[135.343849,34.747205],[135.343358,34.74719],[135.342358,34.74716],[135.341672,34.747132],[135.341188,34.747113]],[[135.341736,34.743629],[135.341373,34.743576]],[[135.341373,34.743576],[135.341331,34.744268],[135.341331,34.744269],[135.341277,34.745174],[135.341266,34.745403]],[[135.341266,34.745403],[135.341266,34.745403]],[[135.341266,34.745403],[135.341232,34.746154],[135.341232,34.746155],[135.341188,34.747113]],[[135.344567,34.744055],[135.344064,34.743983],[135.343671,34.743927],[135.343562,34.74387],[135.343546,34.743862],[135.342579,34.743751],[135.342264,34.743706],[135.342113,34.743684],[135.342084,34.74368],[135.341736,34.743629]],[[135.341188,34.747114],[135.340511,34.747089]],[[135.340511,34.747089],[135.340511,34.747089]],[[135.340511,34.747089],[135.340181,34.746861],[135.340098,34.746983],[135.340093,34.747322],[135.340092,34.747323],[135.339829,34.747669],[135.339804,34.747701],[135.339791,34.747701],[135.339297,34.747694],[135.338939,34.747689],[135.338576,34.747724],[135.338575,34.747724],[135.338555,34.747726],[135.338067,34.747711]],[[135.338067,34.747711],[135.338026,34.74834],[135.337976,34.749115],[135.337953,34.749455],[135.337902,34.750399],[135.337868,34.75101]],[[135.341373,34.743576],[135.341027,34.743524],[135.340852,34.743498],[135.340616,34.743463],[135.340422,34.743434],[135.340051,34.743379],[135.339673,34.743323],[135.339588,34.74331],[135.339111,34.743239]],[[135.339111,34.743239],[135.339085,34.743701],[135.33907,34.743953],[135.339057,34.744192],[135.338977,34.744188]],[[135.338977,34.744188],[135.338959,34.744452],[135.33891,34.744863],[135.338901,34.74509],[135.338845,34.745425],[135.338809,34.745614],[135.338786,34.746077],[135.338785,34.746099],[135.33886,34.746163],[135.338736,34.746678],[135.33866,34.746873],[135.338547,34.746914],[135.338303,34.747229],[135.33814,34.747341],[135.33811,34.747398],[135.338085,34.747453],[135.338067,34.74771]],[[135.338067,34.74771],[135.338067,34.747711]],[[135.338067,34.74771],[135.337743,34.747704],[135.337743,34.747705],[135.337663,34.747703],[135.337453,34.747761],[135.336912,34.747747],[135.336069,34.747717]],[[135.336069,34.747717],[135.33604,34.748261],[135.335523,34.748238],[135.335486,34.748235],[135.334914,34.748193],[135.334907,34.748646],[135.334916,34.748966],[135.334916,34.748978],[135.334926,34.749322],[135.334921,34.749759],[135.334898,34.749886],[135.334795,34.750124],[135.334773,34.750173]],[[135.338977,34.744188],[135.338467,34.744158],[135.337933,34.744126],[135.337124,34.744076],[135.336898,34.744062],[135.336168,34.744009]],[[135.336168,34.744009],[135.336184,34.744663],[135.336222,34.745648],[135.335578,34.74566],[135.335335,34.745674],[135.33518,34.745683]],[[135.33518,34.745683],[135.335403,34.746053],[135.335403,34.746054],[135.335447,34.746126],[135.335498,34.746211],[135.335668,34.746495],[135.335743,34.746557]],[[135.335743,34.746557],[135.335743,34.746557]],[[135.335743,34.746557],[135.336008,34.746921],[135.336104,34.747051],[135.336104,34.747052],[135.336069,34.747717]],[[135.336069,34.747717],[135.336069,34.747717]],[[135.334689,34.742575],[135.334601,34.743883]],[[135.334601,34.743883],[135.335567,34.743942],[135.336168,34.744009]],[[135.339111,34.743239],[135.338576,34.743162],[135.338034,34.743088],[135.33801,34.743084],[135.337565,34.743018],[135.337565,34.743019],[135.337467,34.743005],[135.336912,34.742927],[135.335966,34.742777],[135.335885,34.742764],[135.335805,34.742751],[135.335549,34.742711],[135.334689,34.742575]],[[135.33518,34.745683],[135.334819,34.745745],[135.334818,34.745744],[135.334111,34.745865],[135.334111,34.745866],[135.334088,34.74587],[135.333624,34.745852],[135.333199,34.745836],[135.333196,34.745835]],[[135.333196,34.745835],[135.333086,34.746231],[135.333072,34.746334]],[[135.333072,34.746334],[135.333072,34.746334]],[[135.333072,34.746334],[135.333089,34.746443],[135.333298,34.746826],[135.33334,34.74701],[135.333365,34.747324],[135.333345,34.747978],[135.33337,34.74833]],[[135.33337,34.74833],[135.33337,34.748331],[135.333378,34.748534],[135.333399,34.748577],[135.333438,34.748606],[135.333726,34.748712],[135.333796,34.74876],[135.333827,34.748807],[135.333882,34.749138],[135.333922,34.7497],[135.333908,34.749732],[135.333878,34.749762],[135.333808,34.749796],[135.33371,34.749878],[135.333661,34.749939],[135.33364,34.750016],[135.333633,34.750106],[135.333615,34.750161],[135.333276,34.750658],[135.333055,34.750982],[135.332996,34.751101],[135.332987,34.751173],[135.332999,34.751238],[135.333114,34.751606],[135.333103,34.751641],[135.333082,34.751659]],[[135.333082,34.751659],[135.333137,34.75168],[135.333461,34.751804],[135.333602,34.751874],[135.333702,34.751937]],[[135.334601,34.743883],[135.33413,34.743868],[135.334103,34.743867],[135.333575,34.743841]],[[135.333575,34.743841],[135.333606,34.743989],[135.33345,34.744682],[135.333375,34.745265],[135.333228,34.745734],[135.333196,34.745835]],[[135.333082,34.751659],[135.332869,34.751581],[135.332718,34.751525],[135.332476,34.751464],[135.332343,34.751407],[135.332009,34.751251],[135.331833,34.751158],[135.331784,34.751114],[135.331718,34.750952],[135.331701,34.750931],[135.331636,34.75082],[135.331562,34.750748],[135.330934,34.750348],[135.330784,34.75029],[135.330549,34.750217],[135.330416,34.750176],[135.330272,34.750128],[135.329877,34.749957],[135.329834,34.749937],[135.32939,34.749955]],[[135.33337,34.74833],[135.332828,34.748323],[135.332787,34.748328],[135.332227,34.748395],[135.332227,34.748396],[135.331827,34.748468],[135.331644,34.748501],[135.331446,34.748536],[135.331004,34.748679]],[[135.331004,34.748679],[135.330362,34.748662],[135.329874,34.748639],[135.329768,34.748858],[135.329729,34.748858],[135.329362,34.748861]],[[135.333575,34.743841],[135.333096,34.74382],[135.333067,34.743818],[135.332615,34.743774],[135.332525,34.743765],[135.332167,34.743731],[135.331916,34.743719],[135.331286,34.743688]],[[135.331286,34.743688],[135.331263,34.744115],[135.331259,34.744184],[135.331237,34.744611],[135.331199,34.745335],[135.33118,34.745675]],[[135.33118,34.745675],[135.331124,34.746739],[135.331067,34.747796],[135.331004,34.748678],[135.331004,34.748679]],[[135.331364,34.742318],[135.33133,34.742844],[135.331325,34.742936],[135.331286,34.743688]],[[135.334689,34.742575],[135.334167,34.742502],[135.334144,34.742499],[135.334122,34.742496],[135.333915,34.742467],[135.333889,34.742464],[135.33356,34.742432],[135.333157,34.742411],[135.33277,34.742393],[135.332454,34.742377],[135.332238,34.742365],[135.331829,34.742343],[135.331364,34.742318]],[[135.33118,34.745675],[135.330512,34.745647],[135.329826,34.74563],[135.32977,34.745574],[135.32973,34.745432],[135.32961,34.745323],[135.329569,34.745301],[135.329519,34.7453],[135.329467,34.745319],[135.329422,34.745374],[135.329387,34.745479],[135.329201,34.74549]],[[135.331364,34.742318],[135.330686,34.742279],[135.330281,34.742255],[135.330281,34.742256],[135.329598,34.742218],[135.328853,34.742177],[135.328366,34.742166]],[[135.328366,34.742166],[135.328377,34.742272]],[[135.35498,34.742486],[135.355344,34.742499],[135.355695,34.742511]],[[135.355695,34.742511],[135.355754,34.741756],[135.355757,34.741252],[135.355762,34.740643]],[[135.355762,34.740643],[135.355006,34.740674],[135.353383,34.740721],[135.353354,34.740722],[135.352649,34.740743],[135.352512,34.740784],[135.352475,34.740798],[135.351793,34.740879],[135.351099,34.740924]],[[135.351099,34.740924],[135.351141,34.741436],[135.351162,34.741698],[135.351172,34.741835],[135.351184,34.741987],[135.351207,34.74227],[135.351197,34.742825]],[[135.351197,34.742825],[135.351662,34.742803],[135.352027,34.742776]],[[135.352027,34.742776],[135.352038,34.742754],[135.352069,34.742693],[135.352116,34.742408],[135.353322,34.742441],[135.35498,34.742486]],[[135.355333,34.738923],[135.354585,34.738913],[135.354293,34.738917],[135.353338,34.738922],[135.352657,34.738914],[135.351912,34.738864],[135.351852,34.738924],[135.351656,34.738915],[135.351162,34.738892]],[[135.351162,34.738892],[135.351162,34.739216],[135.351159,34.739315],[135.351136,34.739922],[135.351114,34.7402],[135.351113,34.740213],[135.351093,34.740449],[135.351099,34.740924]],[[135.355762,34.740643],[135.355776,34.740302],[135.355787,34.740049],[135.355792,34.739935],[135.355774,34.739858],[135.35576,34.739794],[135.35575,34.739748],[135.35564,34.739588],[135.355592,34.739519],[135.355544,34.739435],[135.355463,34.739239],[135.355333,34.738923]],[[135.351197,34.742825],[135.350518,34.742947],[135.350219,34.743008],[135.350031,34.743026],[135.349916,34.743037],[135.349796,34.743044],[135.349668,34.74304],[135.34956,34.743011],[135.349493,34.74299],[135.349283,34.74299],[135.349167,34.742951]],[[135.349167,34.742951],[135.348988,34.743346],[135.34873,34.743879],[135.348701,34.74398],[135.348678,34.744217],[135.34865,34.744569]],[[135.351874,34.745138],[135.351875,34.745124]],[[135.351875,34.745124],[135.351904,34.744664],[135.351911,34.74456],[135.351937,34.744145],[135.351946,34.744002],[135.351971,34.743728],[135.35198,34.743449],[135.352006,34.743074],[135.352027,34.742776]],[[135.351099,34.740924],[135.350286,34.740952],[135.349802,34.740973],[135.348697,34.741024]],[[135.348697,34.741024],[135.348971,34.74117],[135.349165,34.741306],[135.349213,34.74134],[135.349308,34.741445],[135.349361,34.74151],[135.349445,34.741694],[135.349479,34.741795],[135.349493,34.741837],[135.349517,34.741973],[135.349502,34.742214],[135.349273,34.742719],[135.349167,34.742951]],[[135.351162,34.738892],[135.350602,34.738882]],[[135.350602,34.738882],[135.348748,34.738842],[135.348122,34.73884],[135.347951,34.73884],[135.346834,34.738874],[135.346162,34.738879],[135.346164,34.739042],[135.345284,34.73905],[135.345285,34.739103],[135.345013,34.7391],[135.344906,34.7391]],[[135.344906,34.7391],[135.344968,34.739206],[135.345018,34.739253],[135.345226,34.739378],[135.345753,34.739657],[135.345807,34.739686],[135.3464,34.739999],[135.346509,34.740068],[135.346637,34.740178],[135.346743,34.740269],[135.34703,34.740516],[135.347292,34.74064],[135.347338,34.740662],[135.347392,34.740679],[135.347512,34.740716],[135.347736,34.740772]],[[135.347736,34.740772],[135.348282,34.740877],[135.348464,34.74092],[135.348621,34.740988],[135.348697,34.741024]],[[135.347736,34.740772],[135.347731,34.740873],[135.347725,34.741027]],[[135.347725,34.741027],[135.347717,34.741195],[135.347702,34.741548],[135.347676,34.742137],[135.347659,34.74266],[135.347646,34.743032],[135.347568,34.743279],[135.347513,34.743453],[135.347399,34.743816],[135.347335,34.744003],[135.347203,34.744391]],[[135.347725,34.741027],[135.34754,34.740975],[135.347432,34.740944],[135.34743,34.741047],[135.347427,34.741183],[135.347367,34.741207],[135.347275,34.741243],[135.346987,34.741358],[135.346302,34.741339],[135.346283,34.741539],[135.345424,34.741505],[135.344606,34.741474]],[[135.344606,34.741474],[135.344599,34.742536],[135.344584,34.743426],[135.344567,34.744055]],[[135.344906,34.7391],[135.344657,34.739101],[135.344658,34.739179],[135.344658,34.739239]],[[135.344658,34.739239],[135.344649,34.739823],[135.344639,34.740411],[135.344624,34.740907],[135.344618,34.741085],[135.344606,34.741474]],[[135.341839,34.741364],[135.341783,34.74244],[135.34176,34.743023],[135.341758,34.743085],[135.34175,34.743277],[135.341736,34.743629]],[[135.344606,34.741474],[135.343905,34.741446],[135.343883,34.741445],[135.343203,34.741419],[135.343195,34.741419],[135.342839,34.741405],[135.342696,34.741399],[135.342658,34.741398],[135.341839,34.741364]],[[135.341943,34.739211],[135.341895,34.740311],[135.341868,34.740824],[135.341839,34.741364]],[[135.344658,34.739239],[135.34394,34.739224],[135.343939,34.739224],[135.343308,34.739218],[135.342518,34.739216],[135.341943,34.739211]],[[135.339254,34.741267],[135.339207,34.741781],[135.339201,34.741857],[135.339157,34.742337]],[[135.339157,34.742337],[135.339132,34.742828],[135.339125,34.742966],[135.339111,34.743239]],[[135.341839,34.741364],[135.340529,34.741315],[135.34004,34.741296],[135.339254,34.741267]],[[135.33939,34.739176],[135.33937,34.739528],[135.339348,34.739928],[135.339332,34.740217]],[[135.339332,34.740217],[135.339254,34.741267]],[[135.341943,34.739211],[135.341201,34.739209],[135.340634,34.739207],[135.339865,34.739191],[135.33939,34.739176]],[[135.339157,34.742337],[135.338594,34.742343],[135.338041,34.742348],[135.337769,34.742349],[135.336922,34.742351],[135.336188,34.742352],[135.335808,34.742352],[135.33469,34.74236]],[[135.33469,34.74236],[135.334689,34.742574],[135.334689,34.742575]],[[135.334696,34.741289],[135.334691,34.742147],[135.33469,34.74236]],[[135.339254,34.741267],[135.338914,34.741269],[135.338708,34.74127],[135.338578,34.74127],[135.338061,34.741273],[135.33694,34.741279],[135.336367,34.741282],[135.335818,34.741284],[135.335258,34.741287],[135.334696,34.741289]],[[135.334688,34.740239],[135.334696,34.741289]],[[135.339332,34.740217],[135.338606,34.74022],[135.338056,34.740222],[135.336941,34.740226],[135.336936,34.740226],[135.336383,34.740228],[135.335825,34.740234],[135.335262,34.740236],[135.335257,34.740237],[135.334688,34.740239]],[[135.33939,34.739176],[135.338069,34.739174],[135.33694,34.739181],[135.336376,34.739184],[135.336353,34.739184]],[[135.336353,34.739184],[135.33582,34.739187],[135.335272,34.73919],[135.334693,34.739193]],[[135.334693,34.739193],[135.334688,34.740239]],[[135.334696,34.741289],[135.333566,34.741294],[135.332451,34.741299],[135.332446,34.741299],[135.331905,34.741302],[135.331366,34.741304],[135.33135,34.741304],[135.330305,34.741309],[135.330285,34.741309],[135.328282,34.741318]],[[135.328282,34.741318],[135.328327,34.741769],[135.328339,34.741884],[135.328366,34.742166]],[[135.328365,34.740216],[135.328301,34.740581],[135.328273,34.740953],[135.328282,34.741318]],[[135.334688,34.740239],[135.33433,34.740238],[135.333558,34.740235],[135.332444,34.74023],[135.331915,34.740235],[135.331514,34.740238],[135.331362,34.740239],[135.330599,34.740246],[135.330297,34.740248],[135.329611,34.740254],[135.328775,34.740261],[135.328365,34.740216]],[[135.334693,34.739193],[135.333562,34.739197],[135.333134,34.739202]],[[135.333134,34.739202],[135.332439,34.739211],[135.331349,34.739223],[135.331075,34.739225],[135.330476,34.739228],[135.3303,34.739229],[135.329676,34.739232],[135.329538,34.739233],[135.329369,34.739216],[135.328977,34.739177],[135.328552,34.73912]],[[135.328552,34.73912],[135.328365,34.740216]],[[135.328552,34.73912],[135.328576,34.738944]],[[135.328576,34.738944],[135.328368,34.738956],[135.327943,34.738952],[135.327629,34.738943],[135.327347,34.738915],[135.327204,34.738891],[135.327093,34.738873],[135.326761,34.738857],[135.326745,34.739087]],[[135.326745,34.739087],[135.326708,34.739216],[135.326594,34.739428],[135.326442,34.739624],[135.326235,34.73989],[135.326133,34.740022],[135.325942,34.740406],[135.325766,34.740713],[135.325679,34.74086],[135.325642,34.741115],[135.325622,34.741252],[135.325617,34.741905],[135.325259,34.742013],[135.325254,34.742049]],[[135.326745,34.739087],[135.326312,34.739022],[135.326016,34.738972],[135.325494,34.738844],[135.325133,34.73873]],[[135.325133,34.73873],[135.324936,34.738951],[135.324649,34.738846],[135.323956,34.738782],[135.323937,34.739379],[135.32371,34.739367],[135.323663,34.739365],[135.323567,34.739832],[135.323502,34.740148],[135.323502,34.740329],[135.323627,34.740783],[135.32386,34.741228],[135.323869,34.741244],[135.323744,34.742006]],[[135.325133,34.73873],[135.325088,34.738716],[135.325056,34.738646],[135.323065,34.738051],[135.3223,34.73783],[135.32181,34.737688],[135.321071,34.737474]],[[135.321071,34.737474],[135.321023,34.737567],[135.32119,34.737635],[135.321261,34.737688],[135.321324,34.737757],[135.321342,34.737834],[135.321328,34.737915],[135.321309,34.738177],[135.321435,34.738605],[135.321373,34.739159],[135.321357,34.739386],[135.321304,34.740163],[135.321268,34.740681],[135.321222,34.741363],[135.321182,34.741621],[135.321128,34.741859]],[[135.321071,34.737474],[135.320785,34.737391],[135.320745,34.737379],[135.320646,34.737351],[135.31987,34.737106]],[[135.31987,34.737106],[135.319542,34.737014],[135.319482,34.737064],[135.319367,34.737078],[135.319151,34.737191],[135.319567,34.737325],[135.319553,34.737551],[135.319565,34.737708],[135.319561,34.737752],[135.319517,34.737907],[135.319521,34.737978],[135.31954,34.738105],[135.319539,34.738155],[135.319512,34.738179],[135.319478,34.738187],[135.319299,34.738202],[135.319237,34.738213],[135.319151,34.738232],[135.318912,34.738246],[135.31858,34.738254],[135.318479,34.738584],[135.318425,34.738758],[135.31835,34.738768],[135.318339,34.738784],[135.318078,34.739171],[135.318066,34.739188],[135.318007,34.739276],[135.317645,34.739366],[135.31758,34.739393],[135.317553,34.739447],[135.317552,34.73945],[135.31753,34.739494],[135.317459,34.739759],[135.317784,34.739949],[135.317781,34.739987],[135.317543,34.740287],[135.317436,34.740351],[135.317268,34.74039],[135.317219,34.740498],[135.31697,34.740489],[135.316769,34.740452],[135.316508,34.740808],[135.316432,34.74091],[135.316426,34.740927],[135.316352,34.740913],[135.316299,34.741041],[135.316527,34.741072],[135.31647,34.74128],[135.316994,34.741362]],[[135.324698,34.736609],[135.324057,34.736438],[135.323964,34.736412]],[[135.323964,34.736412],[135.322921,34.736126],[135.322729,34.736076],[135.322413,34.735993],[135.322047,34.735897],[135.3217,34.735807],[135.321377,34.735722],[135.320484,34.735486]],[[135.320484,34.735486],[135.320485,34.735521],[135.320419,34.735823],[135.320601,34.735977],[135.320737,34.736091],[135.320726,34.736188],[135.320713,34.73631],[135.320701,34.736325],[135.320697,34.736329],[135.32055,34.736511],[135.320518,34.736519],[135.320476,34.736549],[135.320259,34.736706],[135.32018,34.736742],[135.320074,34.736735],[135.320021,34.736838],[135.319971,34.736926],[135.31987,34.737106]],[[135.325133,34.73873],[135.325161,34.738511],[135.325145,34.738365],[135.325047,34.737975],[135.324947,34.737723],[135.32484,34.737529],[135.324743,34.737428],[135.324718,34.737406],[135.324689,34.737397],[135.324693,34.73706],[135.324698,34.736609]],[[135.328576,34.738944],[135.328607,34.738705],[135.328717,34.737884],[135.328751,34.737684]],[[135.328751,34.737684],[135.328442,34.737607],[135.327938,34.737481],[135.327519,34.737366],[135.327364,34.737323],[135.327035,34.737232],[135.326252,34.737023]],[[135.326252,34.737023],[135.325957,34.736944],[135.325865,34.736919],[135.325639,34.736859],[135.324758,34.736625],[135.324698,34.736609]],[[135.329145,34.734312],[135.329162,34.734179]],[[135.329162,34.734179],[135.328356,34.734067],[135.327627,34.733972]],[[135.327627,34.733972],[135.327572,34.734209],[135.327218,34.734141],[135.327168,34.734278],[135.32709,34.734561],[135.326968,34.734999],[135.326828,34.735453],[135.326742,34.735738],[135.326649,34.736027],[135.326641,34.736052],[135.32662,34.73611],[135.326512,34.736418],[135.326446,34.736562],[135.326349,34.736791],[135.326252,34.737023]],[[135.328751,34.737684],[135.328769,34.737618],[135.328907,34.73708]],[[135.328907,34.73708],[135.32891,34.737008],[135.328925,34.736614],[135.328937,34.736444],[135.328979,34.736278],[135.32903,34.73612],[135.329068,34.735999],[135.329113,34.735764],[135.329117,34.73574],[135.329112,34.735632],[135.3291,34.735397],[135.329079,34.734902],[135.329111,34.734585],[135.32913,34.734437],[135.329145,34.734312]],[[135.327627,34.733972],[135.327341,34.733935],[135.326454,34.733781],[135.325059,34.733523]],[[135.325059,34.733523],[135.324997,34.73373],[135.324917,34.733938],[135.324835,34.734153],[135.32475,34.734375],[135.324662,34.734607],[135.324539,34.734928],[135.324507,34.735011],[135.324455,34.735147],[135.324344,34.735435],[135.324341,34.735442],[135.324303,34.73552],[135.32417,34.735869],[135.323964,34.736412]],[[135.325059,34.733523],[135.323819,34.733295],[135.322586,34.733068],[135.321543,34.732885]],[[135.321543,34.732885],[135.321539,34.732955],[135.321529,34.733119],[135.321132,34.733143],[135.321317,34.733445],[135.321514,34.733783],[135.321547,34.733839],[135.321256,34.734152],[135.320954,34.734047],[135.320809,34.734247],[135.320704,34.734198],[135.320687,34.734222],[135.320626,34.734314],[135.320714,34.73435],[135.320684,34.73453],[135.320687,34.73457],[135.320695,34.734966],[135.320603,34.734983],[135.320476,34.735283],[135.320479,34.73535],[135.320484,34.735486]],[[135.32901,34.731192],[135.329001,34.730782],[135.328998,34.730611],[135.328992,34.73033],[135.328993,34.730059]],[[135.328993,34.730059],[135.328281,34.73006],[135.3279,34.730007]],[[135.3279,34.730007],[135.327916,34.730442],[135.327918,34.730487],[135.327945,34.73098],[135.32798,34.731561]],[[135.32798,34.731561],[135.327984,34.731633],[135.328062,34.732088],[135.328185,34.732626],[135.327448,34.732592],[135.326527,34.73255],[135.325105,34.732478],[135.323866,34.732417],[135.323834,34.732761],[135.322886,34.732517],[135.322694,34.732464]],[[135.322694,34.732464],[135.322464,34.732404],[135.322426,34.732483],[135.322252,34.732849],[135.321635,34.732744],[135.321548,34.732877],[135.321543,34.732885]],[[135.329162,34.734179],[135.329158,34.733647]],[[135.329158,34.733647],[135.329117,34.733395],[135.3291,34.733284],[135.329091,34.733132],[135.329072,34.732766],[135.329053,34.732417],[135.329037,34.732115],[135.329023,34.731862],[135.329019,34.731637],[135.329018,34.731601],[135.32901,34.731192]],[[135.32798,34.731561],[135.327277,34.731533],[135.326611,34.731507],[135.326596,34.731507],[135.325185,34.731435],[135.324322,34.731395],[135.323946,34.731377],[135.323385,34.73135],[135.323453,34.731148],[135.323514,34.730926]],[[135.323514,34.730926],[135.323239,34.730834],[135.323074,34.730878],[135.323068,34.730878],[135.322889,34.730874],[135.322866,34.730917],[135.32278,34.731074],[135.32266,34.731292],[135.32266,34.731292],[135.322646,34.731313],[135.322698,34.73151],[135.3227,34.731518],[135.322585,34.731702],[135.322847,34.731805],[135.322674,34.732106],[135.322641,34.732178],[135.322803,34.732232],[135.322694,34.732464]],[[135.3279,34.730007],[135.326773,34.729967],[135.326713,34.729969],[135.326337,34.730019],[135.326098,34.73005],[135.325295,34.729953],[135.324886,34.729901],[135.324626,34.729868],[135.324469,34.729847],[135.323578,34.729733]],[[135.323578,34.729733],[135.323565,34.730498],[135.323565,34.730504],[135.32356,34.730759],[135.323525,34.730886],[135.323514,34.730926]],[[135.328993,34.730059],[135.328994,34.729859],[135.328997,34.729112],[135.328997,34.729071],[135.328997,34.729023],[135.328997,34.728961],[135.328999,34.728578],[135.328999,34.728422],[135.329002,34.727913]],[[135.329002,34.727913],[135.32871,34.727925],[135.328631,34.727911],[135.327944,34.727881]],[[135.327944,34.727881],[135.327913,34.728406],[135.327883,34.728642],[135.327859,34.728907],[135.326847,34.728865],[135.326213,34.728834],[135.325372,34.728794],[135.323775,34.728706]],[[135.323775,34.728706],[135.323734,34.728838],[135.323723,34.728882],[135.323714,34.728917],[135.323679,34.729058],[135.323669,34.729106],[135.323664,34.729131],[135.323633,34.729277],[135.323615,34.7294],[135.323595,34.729538],[135.32358,34.729705],[135.323578,34.729733]],[[135.324155,34.727691],[135.324051,34.728017],[135.323996,34.728191],[135.32387,34.72851],[135.323775,34.728706]],[[135.327944,34.727881],[135.32694,34.727831],[135.325462,34.727757],[135.324155,34.727691]],[[135.324363,34.726664],[135.324356,34.726696],[135.324355,34.726706],[135.324343,34.726801],[135.324288,34.727074],[135.324254,34.727243],[135.324219,34.727416],[135.324176,34.727625],[135.324155,34.727691]],[[135.329002,34.727913],[135.328998,34.72787],[135.328998,34.727867],[135.328975,34.72758],[135.328944,34.727201]],[[135.328944,34.727201],[135.328056,34.726853],[135.328004,34.726842],[135.327921,34.726838],[135.326996,34.726791],[135.326992,34.726791],[135.325541,34.726721],[135.324363,34.726664]],[[135.328789,34.725412],[135.328753,34.725003],[135.328713,34.724535]],[[135.328713,34.724535],[135.32854,34.724582],[135.328532,34.724559],[135.328525,34.724553],[135.32851,34.724551],[135.328498,34.724557],[135.328489,34.72457],[135.328468,34.724598],[135.328426,34.724639],[135.328396,34.724659],[135.328358,34.724679],[135.328315,34.724697],[135.328222,34.724726],[135.328127,34.724751],[135.328036,34.724775],[135.327944,34.724805],[135.327845,34.724848],[135.327732,34.724907],[135.327605,34.72497],[135.327538,34.724999],[135.327409,34.725052],[135.327293,34.725099],[135.327187,34.725141],[135.327133,34.725159],[135.32702,34.725185],[135.326929,34.725199],[135.326902,34.725201],[135.326886,34.725199],[135.326871,34.725195],[135.326856,34.725186],[135.326804,34.72516],[135.326735,34.725133],[135.326698,34.725124],[135.326659,34.725118],[135.326618,34.725116],[135.326575,34.725119],[135.326527,34.725124],[135.32648,34.725134],[135.326473,34.725136],[135.326395,34.725159],[135.32634,34.725184],[135.326322,34.725198],[135.32631,34.725213],[135.326303,34.725228],[135.3263,34.725244],[135.326302,34.725269],[135.326307,34.725276],[135.326313,34.725333],[135.326268,34.725345],[135.32623,34.725352],[135.326195,34.725359],[135.326181,34.725325],[135.326168,34.725328],[135.32618,34.725358],[135.326147,34.725373],[135.32611,34.725387],[135.326068,34.725405],[135.326018,34.725424],[135.325963,34.725445],[135.325912,34.725464],[135.325874,34.725477],[135.325842,34.725485],[135.325815,34.72542],[135.325801,34.725423],[135.325826,34.725484],[135.325788,34.725501],[135.325741,34.725517],[135.325677,34.725534],[135.325597,34.725549],[135.325508,34.725558],[135.325432,34.725561],[135.325392,34.725562],[135.325373,34.725559],[135.325354,34.72551],[135.32534,34.725514],[135.325357,34.725559],[135.32532,34.725561],[135.325273,34.725564],[135.325212,34.725563],[135.325148,34.725563],[135.325097,34.725561],[135.325055,34.725558],[135.325047,34.725568],[135.325032,34.725589],[135.325011,34.725609],[135.32499,34.725625],[135.324975,34.725636],[135.324958,34.725637],[135.324919,34.725638],[135.32486,34.725636],[135.324811,34.725629],[135.324795,34.725622],[135.324773,34.725606],[135.324759,34.725591],[135.324749,34.725577],[135.324625,34.725615],[135.324606,34.72562],[135.324588,34.725624],[135.324569,34.725627],[135.32455,34.725629],[135.324531,34.72563],[135.324512,34.725631],[135.324493,34.72563],[135.324473,34.725629],[135.324455,34.725627],[135.324456,34.725598],[135.324452,34.725592],[135.324448,34.725587],[135.324442,34.725583],[135.324436,34.72558],[135.324428,34.725577],[135.32442,34.725576],[135.324413,34.725576],[135.324405,34.725577],[135.324398,34.72558],[135.324391,34.725583],[135.324386,34.725588],[135.324329,34.725586]],[[135.324329,34.725586],[135.324332,34.725814],[135.324336,34.725858],[135.324349,34.726009],[135.324364,34.726176],[135.324372,34.72627],[135.324374,34.726396],[135.324375,34.726528],[135.324363,34.726664]],[[135.328944,34.727201],[135.328914,34.72686],[135.328894,34.72663]],[[135.328894,34.72663],[135.328847,34.726085],[135.328826,34.725837],[135.328818,34.725753],[135.328789,34.725412]],[[135.333134,34.739202],[135.333152,34.73853],[135.333124,34.73843],[135.333131,34.738181],[135.333139,34.737887],[135.333139,34.737873],[135.333149,34.737519],[135.333159,34.737145]],[[135.333159,34.737145],[135.33229,34.737131],[135.332278,34.737131],[135.331994,34.737126],[135.331467,34.737117],[135.330517,34.737097],[135.330023,34.737092],[135.32979,34.73709],[135.328907,34.73708]],[[135.336353,34.739184],[135.336319,34.738595],[135.336177,34.738473],[135.33617,34.737967],[135.33617,34.737942],[135.336153,34.737491],[135.336148,34.737369],[135.336141,34.737186]],[[135.336141,34.737186],[135.336131,34.736928],[135.33613,34.736886],[135.336117,34.736271],[135.33611,34.735852]],[[135.33611,34.735852],[135.33522,34.735943],[135.335248,34.736277],[135.333751,34.7364],[135.33359,34.736308],[135.333189,34.736059]],[[135.333189,34.736059],[135.333184,34.736255],[135.333177,34.736509],[135.333159,34.737145]],[[135.333189,34.736059],[135.332317,34.735551],[135.332154,34.735456],[135.331545,34.7351],[135.331118,34.734871],[135.33086,34.73473],[135.330714,34.734675],[135.330504,34.734606],[135.33025,34.734522],[135.329995,34.73445],[135.329636,34.734362],[135.329636,34.734386],[135.329145,34.734312]],[[135.33323,34.733926],[135.33248,34.733915],[135.332245,34.7339],[135.332001,34.733885],[135.331551,34.73385]],[[135.331551,34.73385],[135.330978,34.733806],[135.330819,34.733792],[135.330218,34.73374],[135.330058,34.733726],[135.329974,34.733718],[135.329158,34.733647]],[[135.333189,34.736059],[135.333211,34.735241],[135.333217,34.734814],[135.333225,34.734282],[135.33323,34.733926]],[[135.335842,34.733801],[135.334953,34.73385],[135.333937,34.733907],[135.333508,34.733919],[135.333466,34.73392],[135.33323,34.733926]],[[135.33611,34.735852],[135.33611,34.735828]],[[135.33611,34.735828],[135.336105,34.735555],[135.336099,34.735261],[135.336095,34.735015],[135.33609,34.734781]],[[135.33609,34.734781],[135.336026,34.734323],[135.335842,34.733801]],[[135.335684,34.731584],[135.335762,34.730836]],[[135.335762,34.730836],[135.335051,34.730863],[135.334077,34.730899],[135.333743,34.730914],[135.333107,34.730944]],[[135.333107,34.730944],[135.333135,34.73185],[135.333168,34.732475],[135.333187,34.73269],[135.333223,34.733093],[135.333236,34.733288],[135.33323,34.733926]],[[135.335842,34.733801],[135.335704,34.733468],[135.335663,34.733331],[135.33562,34.733125],[135.335599,34.732772],[135.335684,34.731584]],[[135.333107,34.730944],[135.333107,34.730935],[135.332577,34.730953],[135.33243,34.730958],[135.331704,34.730983]],[[135.331704,34.730983],[135.331695,34.730984]],[[135.331695,34.730984],[135.331693,34.731495],[135.331692,34.731794],[135.331663,34.732227],[135.331642,34.732541],[135.331615,34.732963],[135.331551,34.73385]],[[135.331695,34.730984],[135.330588,34.73107],[135.330565,34.731072],[135.32901,34.731192]],[[135.331704,34.730983],[135.331712,34.73048],[135.331715,34.73034],[135.331717,34.730199],[135.331724,34.729807],[135.331724,34.729801],[135.331728,34.729561],[135.331738,34.729072],[135.33175,34.728467],[135.331754,34.728286],[135.331765,34.727747]],[[135.331765,34.727747],[135.33146,34.72769],[135.330986,34.727601],[135.330435,34.727497],[135.330184,34.72745],[135.329737,34.727366],[135.329718,34.727362],[135.328944,34.727201]],[[135.335762,34.730836],[135.335802,34.730631],[135.335847,34.730097],[135.335866,34.729869],[135.335936,34.729088],[135.335971,34.728458]],[[135.335971,34.728458],[135.335632,34.728475],[135.33492,34.728326],[135.333565,34.728065],[135.332413,34.727862],[135.332342,34.727849],[135.331765,34.727747]],[[135.335971,34.728458],[135.335967,34.728352]],[[135.335967,34.728352],[135.335953,34.728353],[135.335954,34.728358],[135.335935,34.728359],[135.335935,34.728355],[135.335918,34.728356],[135.335916,34.728333],[135.335861,34.728335],[135.335846,34.728356],[135.335835,34.728357],[135.335823,34.728355],[135.33583,34.728334],[135.335937,34.728199],[135.335916,34.727963],[135.33589,34.727674],[135.33585,34.727243],[135.335736,34.727254],[135.335613,34.726641]],[[135.335613,34.726641],[135.334832,34.726651],[135.334656,34.726654],[135.334602,34.726654],[135.333704,34.726666],[135.333015,34.726686],[135.332946,34.726688],[135.332478,34.726702],[135.332421,34.726703],[135.332291,34.726707],[135.331668,34.726725],[135.331628,34.726226],[135.331628,34.726217],[135.331189,34.72624],[135.331017,34.726269],[135.330624,34.726342],[135.330221,34.726408],[135.330209,34.72641],[135.329757,34.726486],[135.328894,34.72663]],[[135.334889,34.725036],[135.334612,34.725044],[135.334089,34.725026],[135.333366,34.724977],[135.333218,34.724975],[135.332839,34.724993],[135.332531,34.725008],[135.33226,34.725014],[135.332027,34.72502],[135.331538,34.725092],[135.33154,34.72511],[135.33079,34.725193],[135.330788,34.725207],[135.330387,34.725201],[135.329951,34.725185],[135.32994,34.725139],[135.328789,34.725412]],[[135.335613,34.726641],[135.335541,34.726286],[135.335417,34.725708],[135.335248,34.725516],[135.3352,34.725463],[135.335484,34.725286],[135.335465,34.725266],[135.335181,34.725443],[135.335048,34.725295],[135.334997,34.725223],[135.334938,34.725122],[135.33548,34.7249],[135.335467,34.724877],[135.334925,34.725099],[135.334889,34.725036]],[[135.334889,34.725036],[135.334707,34.724723],[135.335688,34.724343],[135.335674,34.724319],[135.334694,34.7247],[135.334586,34.724512],[135.334374,34.724145],[135.334512,34.724084],[135.334561,34.724063],[135.334546,34.724023],[135.334566,34.724016],[135.334724,34.72396],[135.334767,34.72395],[135.335001,34.723894],[135.335119,34.723865],[135.335311,34.723819],[135.33531,34.723808],[135.33535,34.723701],[135.335342,34.72367],[135.336117,34.723474],[135.33611,34.723456],[135.335336,34.723652],[135.335263,34.723461],[135.335201,34.723309],[135.335197,34.723298],[135.335179,34.723288],[135.335144,34.723287],[135.335092,34.723281],[135.335077,34.723274],[135.335428,34.722921],[135.335406,34.722906],[135.335054,34.72326],[135.334981,34.723184],[135.334957,34.723146],[135.334926,34.723079],[135.334875,34.722913],[135.334858,34.722801],[135.334876,34.72273],[135.334875,34.722718],[135.334787,34.722493],[135.334716,34.722291],[135.334715,34.722279],[135.334706,34.722261],[135.334686,34.722236],[135.334672,34.722227],[135.33463,34.722209],[135.334633,34.72216],[135.334588,34.722087],[135.334396,34.721996],[135.334263,34.722087],[135.334201,34.722138],[135.334134,34.722184],[135.332603,34.723093],[135.332318,34.723169],[135.33217,34.723218],[135.33167,34.723413],[135.331487,34.723492],[135.331372,34.723541],[135.331177,34.723618],[135.330421,34.723871],[135.330258,34.723934],[135.330043,34.724027],[135.329939,34.724066],[135.329743,34.72411],[135.329679,34.724138],[135.329573,34.724196],[135.329462,34.724255],[135.329387,34.724289],[135.329338,34.724305],[135.3293,34.724316],[135.329265,34.724321],[135.329228,34.724325],[135.329194,34.724335],[135.329165,34.724356],[135.329133,34.72438],[135.329088,34.724401],[135.32903,34.72442],[135.328962,34.724438],[135.328905,34.724458],[135.328713,34.724535]],[[135.339496,34.736553],[135.338759,34.736624]],[[135.338759,34.736624],[135.338733,34.736991],[135.338299,34.737056],[135.3383,34.737307],[135.336629,34.737266],[135.336616,34.737198],[135.336141,34.737186]],[[135.33939,34.739176],[135.339424,34.738591],[135.339461,34.73747],[135.339462,34.737442],[135.339496,34.736553]],[[135.344906,34.7391],[135.344846,34.738923],[135.344766,34.738744],[135.344726,34.73866],[135.344489,34.738074],[135.344384,34.737784],[135.344309,34.737561],[135.34426,34.737396],[135.344218,34.737234],[135.344212,34.737212],[135.344189,34.737125],[135.344161,34.736997],[135.344136,34.736884],[135.344106,34.736779],[135.3441,34.736755],[135.344066,34.736604],[135.344017,34.7364],[135.343966,34.736169]],[[135.343966,34.736169],[135.343937,34.736074]],[[135.343937,34.736074],[135.342969,34.736212],[135.342869,34.736226],[135.342071,34.736335]],[[135.342071,34.736335],[135.341627,34.736376],[135.341168,34.736417],[135.340668,34.736462],[135.340442,34.736455]],[[135.340442,34.736455],[135.339496,34.736553]],[[135.344255,34.733679],[135.343824,34.733753],[135.343352,34.734351],[135.343301,34.734404],[135.343211,34.734465],[135.343115,34.73452],[135.343033,34.734559],[135.342874,34.734635],[135.342626,34.734213],[135.341938,34.734244],[135.341651,34.734256],[135.341569,34.73428]],[[135.341569,34.73428],[135.34166,34.73467],[135.341755,34.735099],[135.341825,34.735375],[135.341928,34.735803],[135.342071,34.736335]],[[135.343937,34.736074],[135.343918,34.735506],[135.343916,34.734926],[135.343929,34.734559],[135.343936,34.734326],[135.343964,34.734107],[135.344255,34.733679]],[[135.340442,34.736455],[135.340864,34.73595],[135.340623,34.735969],[135.339876,34.736015],[135.339518,34.736038],[135.339537,34.735734],[135.33955,34.735538]],[[135.33955,34.735538],[135.338836,34.735595],[135.338245,34.735642]],[[135.338245,34.735642],[135.338269,34.735894],[135.338291,34.736121],[135.338342,34.736664],[135.338759,34.736624]],[[135.338245,34.735642],[135.338022,34.735661],[135.337814,34.735679],[135.337743,34.735685],[135.337473,34.735709],[135.337163,34.735735],[135.336569,34.735786],[135.33611,34.735828]],[[135.339586,34.734473],[135.338149,34.734595],[135.337143,34.734691],[135.33609,34.734781]],[[135.33955,34.735538],[135.339562,34.735257],[135.339565,34.735181],[135.339573,34.735005],[135.339586,34.734473]],[[135.341569,34.73428],[135.340963,34.734298],[135.340971,34.734365],[135.340486,34.734406],[135.340407,34.734412],[135.340228,34.734426],[135.339586,34.734473]],[[135.344255,34.733679],[135.344763,34.733025]],[[135.344763,34.733025],[135.344017,34.733212],[135.343563,34.733283],[135.343267,34.733316],[135.343138,34.73333]],[[135.343138,34.73333],[135.341375,34.73346]],[[135.341375,34.73346],[135.340339,34.733524],[135.339467,34.733578]],[[135.339467,34.733578],[135.338455,34.733641]],[[135.338455,34.733641],[135.338245,34.733654],[135.337112,34.733723],[135.337087,34.733725],[135.335842,34.733801]],[[135.346432,34.729607],[135.345721,34.729792]],[[135.345721,34.729792],[135.345346,34.72989],[135.344925,34.729999],[135.344551,34.730062],[135.343753,34.730196],[135.343353,34.730263]],[[135.343353,34.730263],[135.342475,34.730406],[135.342668,34.731257],[135.34274,34.731577],[135.342884,34.73221],[135.343021,34.732814],[135.343138,34.73333]],[[135.344763,34.733025],[135.345113,34.732569],[135.345293,34.732259],[135.345601,34.731608]],[[135.345601,34.731608],[135.345836,34.731098],[135.34585,34.731064],[135.346012,34.730671],[135.346432,34.729607]],[[135.346885,34.72481],[135.346502,34.725033],[135.345412,34.725628],[135.344882,34.725918],[135.344874,34.725922],[135.344866,34.725926],[135.344367,34.726199],[135.343989,34.726405]],[[135.343989,34.726405],[135.34482,34.727366],[135.344936,34.7275],[135.344987,34.727552],[135.345364,34.728684],[135.345721,34.729792]],[[135.346432,34.729607],[135.346496,34.729478],[135.346895,34.728994],[135.347065,34.728591],[135.347209,34.728161],[135.347347,34.727584],[135.347584,34.726661],[135.347583,34.726542],[135.347255,34.725435],[135.347095,34.725158],[135.346885,34.72481]],[[135.344924,34.722046],[135.344312,34.722142],[135.34183,34.72387]],[[135.34183,34.72387],[135.341976,34.724042],[135.342153,34.724249],[135.34234,34.724469],[135.342533,34.724695],[135.342561,34.724727],[135.343976,34.72639],[135.343989,34.726405]],[[135.346885,34.72481],[135.346489,34.724354],[135.346255,34.724309],[135.345387,34.723152],[135.345051,34.722619],[135.344924,34.722046]],[[135.34183,34.72387],[135.341055,34.724278]],[[135.341055,34.724278],[135.341108,34.724514],[135.341164,34.724779],[135.341169,34.724798],[135.341212,34.724959],[135.341238,34.725078],[135.3413,34.725367],[135.341528,34.726369],[135.341688,34.72653],[135.342412,34.726414],[135.342557,34.726389],[135.342943,34.726322],[135.343064,34.726468],[135.343204,34.726636],[135.343283,34.726731],[135.343308,34.72676],[135.343047,34.726904],[135.342917,34.726976],[135.342766,34.727009],[135.342417,34.727085],[135.342548,34.727787]],[[135.342548,34.727787],[135.342595,34.727859],[135.342814,34.728471],[135.342843,34.728552],[135.343029,34.729085],[135.343132,34.729441],[135.343254,34.729895],[135.343353,34.730263]],[[135.341055,34.724278],[135.339993,34.724776],[135.339729,34.724879],[135.339272,34.725089]],[[135.339272,34.725089],[135.339318,34.725266],[135.339363,34.725439],[135.339435,34.725718],[135.33959,34.726333],[135.339717,34.72684],[135.339741,34.726935],[135.339889,34.727524],[135.340032,34.728091]],[[135.340032,34.728091],[135.340788,34.728004],[135.341882,34.727878],[135.342269,34.727826],[135.342548,34.727787]],[[135.340032,34.728091],[135.340221,34.728839],[135.34038,34.729466],[135.340527,34.730046],[135.340669,34.730608],[135.340823,34.731239],[135.340968,34.731835],[135.341106,34.732406],[135.34113,34.732501],[135.341246,34.732958],[135.341375,34.73346]],[[135.339272,34.725089],[135.338851,34.725266],[135.338529,34.725406],[135.338023,34.725615]],[[135.338023,34.725615],[135.337972,34.725636],[135.338003,34.72577]],[[135.338003,34.72577],[135.338063,34.725977],[135.338158,34.726428],[135.338195,34.726585],[135.338313,34.727085],[135.338319,34.727111],[135.338474,34.727769],[135.338588,34.728254],[135.33863,34.728439],[135.338662,34.728574],[135.3387,34.728732],[135.338701,34.728736],[135.338738,34.728882],[135.338774,34.729023],[135.338922,34.729631],[135.338931,34.729715],[135.339004,34.730214],[135.339072,34.73078],[135.339242,34.731995],[135.339254,34.732086],[135.339292,34.73241],[135.339319,34.732594],[135.33937,34.732963],[135.339467,34.733578]],[[135.338003,34.72577],[135.337393,34.725854],[135.337525,34.726508],[135.337585,34.72657],[135.33767,34.727111],[135.337682,34.727191],[135.337706,34.727258],[135.337906,34.728303],[135.337901,34.728395],[135.338003,34.728853],[135.338008,34.728873],[135.338241,34.729787],[135.338377,34.730786],[135.338407,34.731256]],[[135.338407,34.731256],[135.338378,34.732118],[135.338343,34.732701],[135.338346,34.732721],[135.338392,34.733087],[135.338455,34.733641]],[[135.338407,34.731256],[135.337863,34.731301],[135.33732,34.73151],[135.337289,34.731653],[135.335684,34.731584]],[[135.338023,34.725615],[135.337877,34.725095],[135.337654,34.724629],[135.337554,34.724311]],[[135.337554,34.724311],[135.337329,34.724388]],[[135.337329,34.724388],[135.337282,34.724402],[135.337436,34.724737],[135.337168,34.724905],[135.337137,34.724871],[135.337164,34.724854],[135.337067,34.724748],[135.337004,34.724787],[135.337105,34.724898],[135.337127,34.724885],[135.337153,34.724914],[135.337108,34.724942],[135.337141,34.724999],[135.336769,34.725218],[135.336714,34.725175],[135.336226,34.725464],[135.336234,34.725481],[135.335871,34.725702],[135.335902,34.726093],[135.335938,34.726536],[135.336102,34.726668],[135.336138,34.726676],[135.336471,34.726695],[135.336877,34.726706],[135.33741,34.726695],[135.337471,34.72711],[135.337407,34.727114],[135.336971,34.727134],[135.336159,34.727173],[135.336043,34.727215],[135.335996,34.727264],[135.336031,34.727693],[135.336053,34.727962],[135.336068,34.728205],[135.33607,34.728233],[135.336073,34.728272],[135.336076,34.728315],[135.335965,34.728321],[135.335967,34.728352]],[[135.344924,34.722046],[135.344891,34.72187],[135.344804,34.721404]],[[135.344804,34.721404],[135.344559,34.721438],[135.344656,34.721911],[135.344309,34.721965],[135.344212,34.721849],[135.344293,34.720836],[135.34327,34.719692],[135.338934,34.722305],[135.338888,34.723431],[135.338864,34.723996],[135.338812,34.724026],[135.338795,34.724013],[135.338551,34.724161],[135.338381,34.72397],[135.338162,34.724104],[135.338331,34.724294],[135.338118,34.724423],[135.33805,34.724349],[135.337872,34.724455],[135.337839,34.724474],[135.337872,34.72451],[135.337909,34.72455],[135.337873,34.724571],[135.337763,34.724637],[135.337736,34.72458],[135.337599,34.724295],[135.337554,34.724311]],[[135.350602,34.738882],[135.350603,34.738666],[135.3506,34.738488],[135.350373,34.738461],[135.350229,34.738424],[135.349673,34.738281],[135.349649,34.738276],[135.349678,34.738213],[135.349689,34.738138],[135.349709,34.737967],[135.349695,34.737569],[135.349765,34.737436]],[[135.349765,34.737436],[135.348817,34.737539],[135.348354,34.737592],[135.347421,34.737731],[135.347311,34.737748],[135.347089,34.737592],[135.346683,34.737345],[135.346579,34.737281],[135.346302,34.737124],[135.346082,34.737],[135.345952,34.736938],[135.345779,34.736849],[135.345517,34.736729],[135.344986,34.736469],[135.344955,34.736457],[135.344273,34.736113]],[[135.344273,34.736113],[135.343966,34.736169]],[[135.349545,34.736408],[135.348849,34.736484],[135.348165,34.736632],[135.348121,34.736453],[135.348017,34.735981],[135.347258,34.736003],[135.346952,34.735997],[135.346856,34.735969],[135.346769,34.735642],[135.346705,34.735407],[135.346622,34.735077],[135.346513,34.734676]],[[135.346513,34.734676],[135.345746,34.735244],[135.345723,34.735262],[135.345606,34.735343],[135.34542,34.735475],[135.345184,34.735617],[135.344771,34.735796],[135.344536,34.735891],[135.344507,34.735834],[135.344162,34.735937],[135.34411,34.735953],[135.344273,34.736113]],[[135.349765,34.737436],[135.349805,34.737431]],[[135.349805,34.737431],[135.349588,34.736943],[135.349556,34.736891],[135.349557,34.736676],[135.349545,34.736408]],[[135.346513,34.734676],[135.346494,34.734598],[135.346413,34.734287],[135.346152,34.733326],[135.345957,34.732592]],[[135.345957,34.732592],[135.345681,34.731684],[135.345601,34.731608]],[[135.364417,34.738876],[135.364417,34.738759],[135.364432,34.738643],[135.364422,34.738624],[135.364328,34.738437],[135.363412,34.738128],[135.363474,34.736996],[135.363482,34.736825],[135.363489,34.73668],[135.363533,34.736157],[135.363576,34.735651],[135.363576,34.735646],[135.363601,34.73515]],[[135.363601,34.73515],[135.362435,34.735376],[135.362423,34.735378],[135.362258,34.735405]],[[135.362258,34.735405],[135.361099,34.735615],[135.361055,34.735622],[135.359618,34.735888]],[[135.359618,34.735888],[135.359658,34.737419],[135.359679,34.738845]],[[135.359679,34.738845],[135.359675,34.738894],[135.36086,34.738889],[135.361452,34.738888],[135.362147,34.738881],[135.362428,34.738879],[135.364417,34.738876]],[[135.359557,34.738846],[135.359679,34.738845]],[[135.359618,34.735888],[135.358047,34.736171],[135.357158,34.736339],[135.356708,34.736411],[135.355296,34.736665],[135.355001,34.736725],[135.354916,34.736742],[135.354368,34.736853]],[[135.354368,34.736853],[135.353801,34.736966],[135.353734,34.736979],[135.35371,34.736982],[135.353193,34.737049],[135.352866,34.737092],[135.352807,34.737099],[135.35249,34.737139],[135.351951,34.737183],[135.351272,34.737266],[135.35066,34.737333],[135.350366,34.737359],[135.35011,34.737394],[135.349805,34.737431]],[[135.355333,34.738923],[135.355702,34.738924],[135.355731,34.738871],[135.355747,34.738839],[135.355774,34.738842],[135.358263,34.738854],[135.359557,34.738846]],[[135.358912,34.733593],[135.35763,34.733889],[135.357011,34.73404],[135.356833,34.734087],[135.356711,34.734119],[135.355957,34.73431],[135.354483,34.734676],[135.353319,34.73494]],[[135.353319,34.73494],[135.353656,34.735528],[135.354008,34.73613],[135.353982,34.736165],[135.354368,34.736853]],[[135.359618,34.735888],[135.359407,34.735174],[135.35926,34.734678],[135.359117,34.734195],[135.358912,34.733593]],[[135.358912,34.733593],[135.358699,34.733041]],[[135.358699,34.733041],[135.357446,34.733333],[135.357122,34.732453]],[[135.357122,34.732453],[135.355999,34.732745],[135.355438,34.732883],[135.353888,34.733254],[135.352539,34.733654]],[[135.352539,34.733654],[135.353,34.734418],[135.353319,34.73494]],[[135.354177,34.730246],[135.353457,34.730562],[135.352915,34.730816],[135.352859,34.73084],[135.352431,34.731047],[135.35125,34.731594]],[[135.35125,34.731594],[135.351422,34.731875],[135.351442,34.731908],[135.351617,34.732195],[135.351762,34.732408],[135.352114,34.732965],[135.352257,34.73319],[135.352539,34.733654]],[[135.357122,34.732453],[135.35687,34.731796],[135.356775,34.731512],[135.356665,34.73121],[135.355578,34.731471],[135.354988,34.731625],[135.354681,34.731106],[135.354676,34.731096],[135.354464,34.730717],[135.354389,34.730593],[135.354177,34.730246]],[[135.353319,34.73494],[135.352965,34.735034],[135.352892,34.735053],[135.352305,34.735191],[135.351789,34.73532],[135.35151,34.735387],[135.351001,34.735499],[135.350759,34.735511],[135.350512,34.735519],[135.350381,34.735523],[135.350211,34.735528],[135.349869,34.735538]],[[135.349869,34.735538],[135.349765,34.735541],[135.349682,34.735745],[135.349535,34.73608],[135.349545,34.736408]],[[135.352539,34.733654],[135.352333,34.733695],[135.352329,34.733696],[135.352272,34.733707],[135.35223,34.733713],[135.352156,34.73373],[135.350678,34.734092],[135.350649,34.734099],[135.350422,34.73416],[135.349831,34.734314]],[[135.349831,34.734314],[135.34984,34.73437],[135.349862,34.734934],[135.349869,34.735538]],[[135.349831,34.734314],[135.349831,34.734006],[135.349846,34.73379],[135.349857,34.733509],[135.349852,34.733481],[135.349803,34.733204],[135.349776,34.733075],[135.349738,34.7329],[135.349562,34.732368]],[[135.349562,34.732368],[135.349091,34.732722],[135.348965,34.732816],[135.348713,34.733016],[135.348443,34.733221],[135.348412,34.733243],[135.347341,34.734051],[135.347315,34.734069],[135.346513,34.734676]],[[135.35125,34.731594],[135.351172,34.73163],[135.351039,34.731323],[135.351015,34.73127]],[[135.351015,34.73127],[135.350149,34.731935],[135.350116,34.731961],[135.349562,34.732368]],[[135.350305,34.729839],[135.349649,34.730273],[135.349492,34.730388],[135.349031,34.730704],[135.348704,34.730931],[135.34801,34.731408],[135.347636,34.731659],[135.347102,34.732006],[135.346631,34.732265],[135.345957,34.732592]],[[135.351015,34.73127],[135.351005,34.731235]],[[135.351005,34.731235],[135.350918,34.731021],[135.350705,34.730549],[135.350305,34.729839]],[[135.347075,34.724696],[135.346885,34.72481]],[[135.350305,34.729839],[135.349829,34.729113],[135.349545,34.728673],[135.349238,34.728195]],[[135.349238,34.728195],[135.34892,34.727658],[135.348074,34.726343],[135.347787,34.725858],[135.347526,34.725405],[135.347075,34.724696]],[[135.363234,34.72958],[135.36257,34.729748],[135.361358,34.73004],[135.360671,34.730216],[135.360039,34.730379]],[[135.360039,34.730379],[135.360015,34.730384]],[[135.360015,34.730384],[135.360296,34.731011],[135.360549,34.731556],[135.36065,34.731764],[135.360712,34.7319],[135.360751,34.731986],[135.360874,34.732276],[135.360934,34.732396]],[[135.360934,34.732396],[135.361625,34.732227],[135.362261,34.732071],[135.362887,34.731914],[135.363026,34.731879],[135.363092,34.731865],[135.363641,34.731724],[135.364309,34.731553]],[[135.364309,34.731553],[135.363802,34.730628],[135.363545,34.730136]],[[135.363545,34.730136],[135.363349,34.729782],[135.363234,34.72958]],[[135.360015,34.730384],[135.358984,34.730643],[135.358971,34.730646],[135.358071,34.730865]],[[135.358071,34.730865],[135.358269,34.731444],[135.358513,34.732117],[135.358835,34.73301]],[[135.358835,34.73301],[135.359829,34.732667],[135.360332,34.732542],[135.360934,34.732396]],[[135.358071,34.730865],[135.357893,34.730366],[135.357871,34.730314],[135.357699,34.729898],[135.357597,34.729677],[135.357483,34.729371],[135.357311,34.728912]],[[135.357311,34.728912],[135.356762,34.729133],[135.356338,34.729274],[135.356068,34.729351],[135.356003,34.729378],[135.355715,34.729463],[135.355501,34.729573],[135.355227,34.729726],[135.354832,34.729947],[135.354623,34.730046],[135.354522,34.730095],[135.354399,34.730149],[135.354177,34.730246]],[[135.358699,34.733041],[135.358835,34.73301]],[[135.35866,34.728267],[135.358056,34.728524],[135.357753,34.728633],[135.357551,34.728711],[135.357281,34.728831],[135.357311,34.728912]],[[135.360039,34.730379],[135.359757,34.72996],[135.359435,34.729506],[135.359004,34.728867],[135.35866,34.728267]],[[135.361755,34.726947],[135.361348,34.726986],[135.360893,34.727139],[135.360725,34.727223],[135.360585,34.727315],[135.360534,34.727353],[135.360435,34.727424],[135.360071,34.727685],[135.359737,34.727829],[135.359335,34.727993],[135.3591,34.728086],[135.359038,34.728104],[135.35866,34.728267]],[[135.363234,34.72958],[135.363185,34.729486],[135.36302,34.729189],[135.362847,34.728893],[135.362652,34.728549],[135.362642,34.728533]],[[135.362642,34.728533],[135.362317,34.727992],[135.362147,34.727714],[135.362078,34.727545],[135.361755,34.726947]],[[135.365988,34.72975],[135.365968,34.729704],[135.365679,34.729459],[135.365255,34.729076],[135.365037,34.728873],[135.364949,34.728769],[135.364818,34.728614],[135.364486,34.728209],[135.364314,34.727943]],[[135.364314,34.727943],[135.363936,34.728076],[135.363126,34.728362],[135.362642,34.728533]],[[135.363545,34.730136],[135.364026,34.729979],[135.364306,34.729897],[135.364827,34.729745],[135.365541,34.729752],[135.365988,34.72975]],[[135.363434,34.726564],[135.362601,34.72681],[135.362533,34.72683],[135.361755,34.726947]],[[135.364314,34.727943],[135.364016,34.727478],[135.363718,34.727011],[135.363434,34.726564]],[[135.363333,34.72373],[135.362448,34.724076],[135.362418,34.72409],[135.361192,34.724643],[135.36064,34.724879],[135.36004,34.725137],[135.359509,34.725386],[135.358994,34.725634],[135.358685,34.725783],[135.3585,34.725851]],[[135.3585,34.725851],[135.358465,34.725874],[135.357317,34.726612]],[[135.357317,34.726612],[135.357578,34.726909],[135.357894,34.727291],[135.357986,34.727393],[135.358299,34.727765],[135.358627,34.728165],[135.35866,34.728267]],[[135.363434,34.726564],[135.363605,34.726509],[135.364072,34.726349]],[[135.364072,34.726349],[135.364062,34.72633],[135.363794,34.72585],[135.363655,34.725554],[135.363635,34.725512],[135.363426,34.724755],[135.363305,34.72424],[135.363329,34.724097],[135.363358,34.723982],[135.363361,34.723918],[135.363333,34.72373]],[[135.357317,34.726612],[135.356886,34.726842],[135.3568,34.726906],[135.356595,34.727061],[135.356291,34.727291],[135.356181,34.727376],[135.356034,34.727492],[135.355821,34.727674],[135.355553,34.727874],[135.355379,34.728004],[135.355225,34.728119],[135.35512,34.7282],[135.35511,34.728207],[135.354807,34.72844],[135.354515,34.728656],[135.354361,34.728769],[135.354351,34.728777],[135.354276,34.728832],[135.354154,34.728922],[135.353856,34.729141],[135.353591,34.729334],[135.353111,34.729682],[135.352999,34.729763],[135.352795,34.729912],[135.351005,34.731235]],[[135.356528,34.725564],[135.355287,34.726416]],[[135.355287,34.726416],[135.35516,34.726511],[135.354952,34.726651],[135.354917,34.726674],[135.35403,34.727285]],[[135.35403,34.727285],[135.353695,34.727514],[135.352771,34.728161],[135.352755,34.728173],[135.351709,34.728877],[135.350998,34.729379],[135.350305,34.729839]],[[135.357317,34.726612],[135.357099,34.726337],[135.356999,34.726203],[135.356887,34.726052],[135.356859,34.72601],[135.356528,34.725564]],[[135.362014,34.722519],[135.361661,34.722654],[135.361462,34.722735],[135.360194,34.723246],[135.35958,34.72353],[135.359018,34.723857],[135.358623,34.724095],[135.358373,34.724273],[135.357534,34.724845]],[[135.357534,34.724845],[135.35788,34.72518],[135.357959,34.725258],[135.358152,34.725456],[135.358301,34.725619],[135.3585,34.725851]],[[135.363333,34.72373],[135.363233,34.723433]],[[135.363233,34.723433],[135.362794,34.722694],[135.362014,34.722519]],[[135.358311,34.721822],[135.358233,34.72203],[135.358074,34.722147],[135.357567,34.722528],[135.357103,34.72281],[135.356913,34.722945],[135.35669,34.723104],[135.356121,34.723509]],[[135.356121,34.723509],[135.356327,34.723711],[135.356697,34.724057],[135.356718,34.724074],[135.35706,34.724396],[135.357534,34.724845]],[[135.362014,34.722519],[135.361126,34.72232],[135.360167,34.722146],[135.358365,34.721834],[135.358311,34.721822]],[[135.350829,34.7192],[135.350472,34.719585]],[[135.350472,34.719585],[135.350502,34.719828]],[[135.350502,34.719828],[135.352017,34.720665],[135.352789,34.721061],[135.35339,34.721364],[135.354141,34.721759],[135.354438,34.722015],[135.354599,34.72216],[135.354678,34.722232],[135.355027,34.72254],[135.355068,34.722571],[135.355485,34.722936],[135.35583,34.723239],[135.355903,34.723324],[135.356121,34.723509]],[[135.358311,34.721822],[135.357657,34.721681],[135.357635,34.721675],[135.357293,34.721581],[135.357293,34.721565],[135.357241,34.721557],[135.35674,34.721466],[135.356547,34.721432],[135.356356,34.721398],[135.354984,34.72115]],[[135.354984,34.72115],[135.354565,34.721069],[135.35381,34.720917],[135.353103,34.720686],[135.352641,34.7205],[135.3522,34.720269],[135.351777,34.719975],[135.351469,34.719736],[135.350829,34.7192]],[[135.350502,34.719828],[135.350357,34.719896],[135.350109,34.720196],[135.349778,34.720597]],[[135.349778,34.720597],[135.350301,34.720847],[135.350393,34.720887],[135.351361,34.721321],[135.352077,34.72164],[135.352215,34.721701],[135.352613,34.722004],[135.353217,34.722462],[135.353563,34.722703],[135.353876,34.722935],[135.354214,34.723179],[135.354704,34.723544]],[[135.354704,34.723544],[135.355176,34.72389],[135.355669,34.724257],[135.356141,34.724598],[135.356166,34.724614],[135.356289,34.724941],[135.356528,34.725564]],[[135.351675,34.723625],[135.351153,34.724015],[135.350451,34.724546]],[[135.350451,34.724546],[135.351036,34.725044],[135.35199,34.725846],[135.352384,34.72617]],[[135.352384,34.72617],[135.352477,34.726176],[135.352973,34.726554],[135.353712,34.727047],[135.35403,34.727285]],[[135.355287,34.726416],[135.354682,34.725693],[135.354632,34.72566],[135.35445,34.725533],[135.354287,34.725428],[135.354202,34.725365],[135.354111,34.725312],[135.353636,34.724979]],[[135.353636,34.724979],[135.353066,34.724585],[135.352338,34.724085],[135.351675,34.723625]],[[135.354704,34.723544],[135.354352,34.724001],[135.354103,34.724344],[135.354035,34.724444],[135.353636,34.724979]],[[135.352384,34.72617],[135.351399,34.726877],[135.351367,34.726898],[135.350305,34.727536],[135.349788,34.727852],[135.349238,34.728195]],[[135.350451,34.724546],[135.35006,34.724833],[135.3497,34.724571],[135.349567,34.724475],[135.349072,34.724114],[135.348015,34.72338]],[[135.348015,34.72338],[135.347075,34.724696]],[[135.348982,34.722148],[135.348797,34.722393],[135.348176,34.723162],[135.348015,34.72338]],[[135.351675,34.723625],[135.351048,34.723186],[135.350493,34.722822],[135.350073,34.722534],[135.349927,34.722433],[135.349921,34.722429],[135.349218,34.721946],[135.349157,34.721912],[135.348982,34.722148]],[[135.349778,34.720597],[135.349414,34.720999],[135.349281,34.721055],[135.348804,34.721257],[135.348274,34.721488]],[[135.348274,34.721488],[135.348378,34.721557],[135.348827,34.721857],[135.348847,34.721975],[135.348805,34.722024]],[[135.348805,34.722024],[135.348982,34.722148]],[[135.348805,34.722024],[135.34862,34.722241],[135.34759,34.721629],[135.347523,34.721633],[135.347493,34.721615],[135.347482,34.721617],[135.347468,34.721616],[135.347448,34.721603],[135.34743,34.721594],[135.347169,34.72144],[135.347148,34.721426],[135.346938,34.721304],[135.346913,34.721307],[135.346874,34.721257],[135.346585,34.720845],[135.346548,34.720814],[135.346504,34.720788],[135.346368,34.720731],[135.346355,34.720745],[135.34608,34.720597],[135.346083,34.720588],[135.346013,34.720545],[135.345954,34.72051],[135.345941,34.720512],[135.345775,34.720417],[135.345775,34.720408],[135.345277,34.720222],[135.345271,34.720235],[135.345758,34.720421],[135.346013,34.720572],[135.346069,34.720605],[135.34602,34.720671],[135.34622,34.720811],[135.346018,34.721001],[135.345815,34.721192],[135.345702,34.721302],[135.345637,34.721364],[135.34541,34.721584],[135.345315,34.721584],[135.345267,34.721578],[135.345215,34.721526],[135.345176,34.721351],[135.344806,34.721404],[135.344804,34.721404]],[[135.350472,34.719585],[135.350342,34.719584],[135.34786,34.717819]],[[135.34786,34.717819],[135.347503,34.717565],[135.345978,34.718569],[135.345081,34.719568]],[[135.345081,34.719568],[135.345338,34.719713],[135.345324,34.719772],[135.345549,34.719906],[135.345814,34.720048],[135.345924,34.7201],[135.345974,34.720117],[135.346007,34.720113],[135.346074,34.720105],[135.346348,34.720267],[135.347591,34.721038],[135.347722,34.721119],[135.347951,34.721272],[135.34817,34.721418],[135.348274,34.721488]],[[135.365988,34.72975],[135.366091,34.729876]],[[135.366091,34.729876],[135.366172,34.729898],[135.36629,34.729952],[135.366395,34.730033],[135.366595,34.730193],[135.366754,34.730281],[135.367292,34.730529],[135.367421,34.730591],[135.367596,34.730635],[135.367812,34.730693]],[[135.367812,34.730693],[135.368157,34.73061],[135.368876,34.730437]],[[135.368876,34.730437],[135.368025,34.729999],[135.367329,34.729599],[135.367128,34.729516]],[[135.367128,34.729516],[135.366441,34.729093],[135.36641,34.729075],[135.366228,34.728944],[135.365972,34.728749],[135.365869,34.728646]],[[135.365869,34.728646],[135.365714,34.728478],[135.365417,34.728145],[135.365004,34.72759],[135.364534,34.72696],[135.364072,34.726349]],[[135.313785,34.751335],[135.313364,34.751651],[135.313121,34.751766],[135.31317,34.751856],[135.312916,34.751983],[135.31285,34.75218],[135.312847,34.752192],[135.312819,34.75233],[135.312769,34.752539],[135.312671,34.752826],[135.312542,34.753049],[135.312157,34.753587],[135.312147,34.753602]],[[135.315263,34.767064],[135.315162,34.766836],[135.315136,34.766777],[135.313979,34.767279],[135.313725,34.767601],[135.313783,34.768281],[135.313718,34.768351],[135.313321,34.76878],[135.313091,34.768963],[135.312945,34.769083],[135.31268,34.76928],[135.312561,34.769332],[135.312414,34.769367],[135.312246,34.769377],[135.312106,34.769358],[135.311986,34.769325],[135.311883,34.769309],[135.311605,34.769318],[135.31127,34.769314],[135.311126,34.769332],[135.310926,34.769408]],[[135.310418,34.766402],[135.310627,34.766362],[135.310596,34.766119],[135.310546,34.765953],[135.310382,34.765598],[135.310407,34.765593],[135.31032,34.765349],[135.310328,34.765277],[135.310357,34.765246],[135.310412,34.765256],[135.310467,34.765293],[135.311119,34.765979],[135.311134,34.765991],[135.311468,34.765678],[135.311489,34.765659]],[[135.337554,34.724311],[135.337395,34.723988],[135.337127,34.723445],[135.337028,34.723246],[135.337062,34.723253],[135.3371,34.723213],[135.33709,34.723194],[135.337026,34.723184],[135.337007,34.723202],[135.336465,34.722105],[135.336476,34.72209],[135.336527,34.72205],[135.336517,34.722028],[135.336447,34.722027],[135.336428,34.722018],[135.335729,34.720573],[135.335958,34.720437],[135.33596,34.720436],[135.335972,34.720449],[135.33598,34.720444],[135.336024,34.720495],[135.336016,34.7205],[135.336351,34.720883],[135.336961,34.720519],[135.336948,34.720504],[135.336365,34.720852],[135.336043,34.720482],[135.336036,34.720486],[135.335994,34.720438],[135.336003,34.720433],[135.335989,34.720418],[135.335993,34.720416],[135.336227,34.720275],[135.33629,34.720347],[135.336285,34.720349],[135.336348,34.72042],[135.336377,34.720403],[135.336313,34.720331],[135.336304,34.720337],[135.336242,34.720266],[135.336375,34.720186],[135.336422,34.720239],[135.336419,34.720242],[135.336483,34.720315],[135.336508,34.720301],[135.336445,34.72023],[135.336437,34.720235],[135.336387,34.720178],[135.336866,34.71989],[135.3369,34.719928],[135.336895,34.71993],[135.336936,34.719976],[135.336957,34.719963],[135.336918,34.719921],[135.336912,34.719925],[135.336876,34.719884],[135.336996,34.719812],[135.337033,34.719854],[135.337026,34.719858],[135.337077,34.719916],[135.3371,34.719902],[135.33705,34.719846],[135.337046,34.719848],[135.337007,34.719805],[135.33706,34.719773],[135.337102,34.719821],[135.337096,34.719825],[135.33713,34.719864],[135.337154,34.719848],[135.337123,34.719812],[135.337115,34.719817],[135.337071,34.719767],[135.33712,34.719737],[135.337176,34.7198],[135.337169,34.719805],[135.337218,34.71986],[135.337242,34.719846],[135.337197,34.719793],[135.337191,34.719798],[135.337131,34.71973],[135.33731,34.719622],[135.337361,34.719682],[135.337356,34.719684],[135.337499,34.719846],[135.33752,34.719834],[135.337379,34.719675],[135.337375,34.719678],[135.33732,34.719616],[135.337404,34.719566],[135.337473,34.719644],[135.337466,34.719647],[135.337561,34.719756],[135.337582,34.719743],[135.337493,34.719643],[135.337489,34.719645],[135.337414,34.71956],[135.337623,34.719434],[135.337668,34.719485],[135.337662,34.719489],[135.337701,34.719533],[135.337723,34.719519],[135.337687,34.719477],[135.33768,34.719481],[135.337634,34.719428],[135.337694,34.719391],[135.337738,34.719439],[135.33773,34.719443],[135.33776,34.719477],[135.337784,34.719463],[135.337756,34.719431],[135.33775,34.719436],[135.337704,34.719385],[135.337764,34.719349],[135.337787,34.719375],[135.337781,34.719379],[135.33781,34.719413],[135.337831,34.719437],[135.337851,34.719426],[135.33781,34.719379],[135.337799,34.719367],[135.337796,34.719369],[135.337774,34.719344],[135.337809,34.719322],[135.338164,34.719109],[135.338217,34.71917],[135.338207,34.719175],[135.338673,34.719703],[135.338697,34.719689],[135.338232,34.719161],[135.338223,34.719165],[135.33817,34.719104],[135.338466,34.718927],[135.338601,34.718846],[135.338655,34.718905],[135.338645,34.718912],[135.338657,34.718925],[135.33912,34.719444],[135.339145,34.719428],[135.338694,34.718925],[135.338671,34.718895],[135.338665,34.718899],[135.33861,34.71884],[135.339047,34.718578],[135.339096,34.718637],[135.339089,34.71864],[135.339333,34.71892],[135.339561,34.719175],[135.339582,34.719161],[135.339371,34.718919],[135.339115,34.718626],[135.339106,34.718631],[135.339057,34.718572],[135.339484,34.718316],[135.339547,34.718389],[135.339537,34.718394],[135.339987,34.718914],[135.339994,34.718922],[135.340008,34.718914],[135.340023,34.718905],[135.339567,34.718377],[135.339559,34.718381],[135.339496,34.718309],[135.33987,34.718084],[135.339929,34.718047],[135.339983,34.718108],[135.339971,34.718116],[135.340369,34.718568],[135.340396,34.718551],[135.339998,34.718099],[135.339991,34.718103],[135.339938,34.718043],[135.340265,34.717843],[135.340445,34.718046],[135.340713,34.718077],[135.34104,34.716347],[135.341137,34.715858],[135.340659,34.71486],[135.340598,34.714731],[135.340552,34.714636],[135.340534,34.714598]],[[135.340534,34.714598],[135.338666,34.715199],[135.337149,34.71564],[135.335781,34.716041],[135.334704,34.716339],[135.333627,34.716621]],[[135.333627,34.716621],[135.333666,34.716712],[135.335517,34.7207]],[[135.335517,34.7207],[135.336203,34.722117],[135.336174,34.722121],[135.336138,34.722149],[135.336153,34.72218],[135.336207,34.72218],[135.336228,34.722168],[135.336239,34.722192],[135.336769,34.723252],[135.336757,34.72328],[135.33672,34.723313],[135.336733,34.723341],[135.336787,34.723342],[135.336819,34.723351],[135.336865,34.723448],[135.337176,34.724077],[135.337329,34.724388]],[[135.340534,34.714598],[135.340441,34.714403],[135.339095,34.711586],[135.338789,34.710946],[135.337708,34.710892],[135.334799,34.710745],[135.334543,34.710724],[135.334542,34.710454],[135.334542,34.710403],[135.33445,34.710403]],[[135.33445,34.710403],[135.334317,34.711934],[135.332723,34.711892],[135.332733,34.712574],[135.332734,34.712675],[135.332737,34.712912],[135.332741,34.713153],[135.332747,34.713585],[135.332754,34.714109],[135.332844,34.714614],[135.333106,34.715388],[135.333616,34.716596]],[[135.333616,34.716596],[135.333627,34.716621]],[[135.333616,34.716596],[135.333049,34.716698],[135.332417,34.716793],[135.331594,34.716882],[135.330673,34.716929],[135.330669,34.716929],[135.330565,34.71693],[135.330184,34.716931],[135.328638,34.716863],[135.328539,34.716852],[135.327902,34.716779],[135.32665,34.716698],[135.326645,34.716698],[135.324915,34.71655]],[[135.324915,34.71655],[135.324915,34.716633],[135.324916,34.716764],[135.324917,34.716954],[135.327231,34.719019],[135.329643,34.721155],[135.330204,34.721652],[135.330264,34.722106],[135.330297,34.722101],[135.330235,34.721647],[135.334371,34.721227],[135.334674,34.721217],[135.335104,34.720953],[135.335139,34.720994],[135.335132,34.720998],[135.335145,34.721012],[135.33517,34.720998],[135.335156,34.720982],[135.33515,34.720986],[135.335115,34.720947],[135.335284,34.720844],[135.335318,34.720882],[135.335312,34.720886],[135.335338,34.720916],[135.335359,34.720904],[135.335336,34.720877],[135.335332,34.720879],[135.335294,34.720837],[135.335329,34.720815],[135.335352,34.720803],[135.335373,34.72079],[135.335405,34.720827],[135.335402,34.720829],[135.335448,34.720882],[135.335467,34.720872],[135.335421,34.720821],[135.335418,34.720824],[135.335382,34.720783],[135.335517,34.7207]],[[135.33445,34.710403],[135.334432,34.710403],[135.333362,34.710396],[135.333329,34.710395],[135.332813,34.710392],[135.33279,34.710392],[135.33269,34.710392],[135.332635,34.710391],[135.332506,34.71039],[135.330993,34.71038],[135.330111,34.710387],[135.330112,34.71048],[135.32995,34.710482],[135.329951,34.710587],[135.329775,34.710588],[135.329773,34.710421],[135.329689,34.710421],[135.329684,34.709984],[135.329683,34.709605],[135.329616,34.709604],[135.329616,34.709985],[135.329621,34.710407],[135.329514,34.710408],[135.329256,34.71041],[135.329257,34.710567],[135.329144,34.710568],[135.329142,34.710411],[135.328856,34.710413],[135.328853,34.709991],[135.328852,34.709603],[135.328797,34.709603],[135.328799,34.709992],[135.328801,34.710413],[135.328743,34.710414],[135.32826,34.710418],[135.328259,34.709996],[135.328258,34.709627],[135.328204,34.709628],[135.328205,34.709996],[135.328205,34.710418],[135.327695,34.710422],[135.327693,34.710001],[135.327691,34.709629],[135.327636,34.70963],[135.327638,34.710001],[135.32764,34.710423],[135.327136,34.710427],[135.327132,34.710005],[135.327128,34.709636],[135.327074,34.709637],[135.327077,34.710006],[135.327081,34.710427],[135.326565,34.710432],[135.326564,34.71001],[135.326563,34.709645],[135.326509,34.709645],[135.32651,34.71001],[135.32651,34.710432],[135.326022,34.710436],[135.326017,34.710014],[135.326013,34.70964],[135.325958,34.709641],[135.325963,34.710015],[135.325968,34.710437],[135.325474,34.710441],[135.325475,34.710019],[135.325475,34.709639],[135.325414,34.709639],[135.325414,34.710019],[135.325413,34.710441],[135.324967,34.710446],[135.324967,34.710023],[135.324969,34.709616],[135.325307,34.709218],[135.325253,34.709191],[135.324907,34.709601],[135.324905,34.710023],[135.324904,34.710729],[135.324904,34.711585],[135.324904,34.712632],[135.324904,34.712719],[135.324904,34.712722],[135.324904,34.713323],[135.324904,34.714046],[135.324904,34.714154],[135.324904,34.714262],[135.324904,34.714437],[135.324904,34.714531],[135.324902,34.714745],[135.324906,34.715293],[135.324907,34.71552],[135.32491,34.715899],[135.324911,34.716096],[135.324909,34.716413],[135.324915,34.716504],[135.324915,34.716523],[135.324915,34.71655]],[[135.379556,34.730475],[135.377895,34.730342],[135.377892,34.730356],[135.377523,34.730406],[135.376282,34.730582],[135.37612,34.730619]],[[135.37612,34.730619],[135.376205,34.731082],[135.376294,34.731563],[135.376389,34.732037],[135.376492,34.732552]],[[135.376492,34.732552],[135.37655,34.732539],[135.378016,34.732216],[135.37964,34.731859]],[[135.37964,34.731859],[135.379553,34.731402],[135.379532,34.731175],[135.37953,34.731096],[135.379523,34.730784],[135.379556,34.730475]],[[135.379556,34.730475],[135.379566,34.730376],[135.379594,34.730225],[135.379621,34.730059],[135.379638,34.729957],[135.379748,34.729451],[135.379811,34.729285]],[[135.379811,34.729285],[135.378555,34.728815],[135.378494,34.728801],[135.378439,34.728807],[135.378385,34.728832],[135.378044,34.72888],[135.377192,34.729],[135.377152,34.729056],[135.376779,34.729088],[135.376496,34.729091],[135.375934,34.729232]],[[135.375934,34.729232],[135.375998,34.729695],[135.376059,34.730146],[135.376101,34.730516],[135.37612,34.730619]],[[135.380479,34.728028],[135.379355,34.727466],[135.379333,34.727455],[135.378637,34.727476],[135.377983,34.727495],[135.377564,34.727508],[135.377365,34.727514],[135.377233,34.727555],[135.37699,34.727677],[135.376733,34.727713],[135.375758,34.727791]],[[135.375758,34.727791],[135.375814,34.728236],[135.375824,34.728314],[135.375881,34.72876],[135.375934,34.729232]],[[135.379811,34.729285],[135.379928,34.728976],[135.380077,34.728687],[135.380344,34.72822],[135.380479,34.728028]],[[135.381287,34.72711],[135.380132,34.726536],[135.380074,34.726538],[135.379515,34.726563]],[[135.379515,34.726563],[135.378586,34.726602],[135.378574,34.726602],[135.378113,34.726621],[135.377349,34.726653],[135.377333,34.726654],[135.375673,34.726723]],[[135.375673,34.726723],[135.37571,34.727216],[135.375712,34.727242]],[[135.375712,34.727242],[135.375747,34.727705],[135.375758,34.727791]],[[135.380479,34.728028],[135.380709,34.727699],[135.381,34.727363],[135.381195,34.727183],[135.381287,34.72711]],[[135.379633,34.72513],[135.379113,34.72515],[135.378453,34.725174],[135.377407,34.725214],[135.377396,34.725214],[135.377071,34.725219],[135.376754,34.725223],[135.376578,34.725226],[135.376014,34.725244],[135.375587,34.725259]],[[135.375587,34.725259],[135.375616,34.7258],[135.375638,34.726234],[135.375668,34.726658],[135.375673,34.726723]],[[135.379515,34.726563],[135.379553,34.726099],[135.379592,34.725621],[135.379633,34.72513]],[[135.379718,34.724126],[135.378611,34.724186],[135.378375,34.724199],[135.378163,34.724212],[135.377706,34.724263],[135.377558,34.724267],[135.377309,34.724275],[135.377063,34.724298],[135.376616,34.724354],[135.376622,34.724028]],[[135.376622,34.724028],[135.375538,34.724218]],[[135.375538,34.724218],[135.375562,34.724724],[135.375586,34.72524]],[[135.375586,34.72524],[135.375587,34.725259]],[[135.379633,34.72513],[135.379676,34.724621],[135.379718,34.724126]],[[135.383296,34.724669],[135.382008,34.724184],[135.382007,34.724184],[135.381351,34.724211],[135.3808,34.72423],[135.380616,34.724225],[135.379718,34.724126]],[[135.381287,34.72711],[135.381311,34.727091],[135.381371,34.727037],[135.381682,34.726781],[135.381704,34.726762],[135.381792,34.726685],[135.381876,34.726602],[135.381946,34.726511],[135.382113,34.726304],[135.382163,34.726243],[135.382221,34.726166],[135.382346,34.726016],[135.382588,34.725721],[135.382801,34.72544],[135.383026,34.725091],[135.383157,34.724892],[135.383223,34.724791],[135.383296,34.724669]],[[135.38404,34.72325],[135.382641,34.722959],[135.382598,34.722956],[135.381813,34.722905],[135.381497,34.722884],[135.381477,34.722883],[135.380778,34.72286],[135.380731,34.722858],[135.379821,34.722828]],[[135.379821,34.722828],[135.379799,34.723101],[135.379785,34.723261],[135.379779,34.723339],[135.379759,34.723597],[135.379752,34.723685],[135.379739,34.72385],[135.379718,34.724126]],[[135.383296,34.724669],[135.383359,34.724566],[135.38336,34.724563],[135.383414,34.724484],[135.383477,34.72437],[135.383507,34.724313],[135.383536,34.724258],[135.383578,34.724178],[135.383621,34.724099],[135.383658,34.724029],[135.383743,34.723864],[135.383757,34.723835],[135.383868,34.723604],[135.383879,34.723582],[135.383958,34.723438],[135.384004,34.723337],[135.38404,34.72325]],[[135.384149,34.721347],[135.382378,34.721414],[135.381616,34.72148],[135.380895,34.721547],[135.379938,34.721652]],[[135.379938,34.721652],[135.379903,34.721656]],[[135.379903,34.721656],[135.379889,34.721966],[135.379885,34.722068],[135.379871,34.722244],[135.379855,34.722452],[135.379847,34.722537],[135.379821,34.722828]],[[135.38404,34.72325],[135.384112,34.723072],[135.384167,34.722858],[135.384179,34.722767],[135.384197,34.722637],[135.384208,34.72258],[135.384217,34.72251],[135.384223,34.722456],[135.384231,34.722429],[135.384235,34.722214],[135.384231,34.72215],[135.38422,34.721987],[135.384213,34.721898],[135.384207,34.721833],[135.3842,34.721755],[135.384171,34.72149],[135.384149,34.721347]],[[135.379821,34.722828],[135.379373,34.722812],[135.379155,34.722808],[135.37878,34.72282],[135.37866,34.722824],[135.378661,34.722842],[135.378553,34.72286],[135.378444,34.722889],[135.378367,34.722971],[135.378266,34.722952],[135.378158,34.722913],[135.378036,34.722876],[135.377804,34.722844],[135.377774,34.72286],[135.377738,34.722879],[135.37746,34.722864],[135.376676,34.722993]],[[135.376676,34.722993],[135.376663,34.723278],[135.376651,34.72352],[135.376637,34.723762],[135.376622,34.724028]],[[135.379903,34.721656],[135.378938,34.721763],[135.378588,34.721801],[135.378504,34.721811]],[[135.378504,34.721811],[135.377844,34.721879],[135.377737,34.72189],[135.376714,34.721997]],[[135.376714,34.721997],[135.37668,34.722517],[135.376676,34.722993]],[[135.376714,34.721997],[135.375355,34.722153]],[[135.375355,34.722153],[135.375403,34.722699],[135.375448,34.7232],[135.375493,34.723707],[135.375538,34.724218]],[[135.376705,34.719113],[135.374937,34.719168]],[[135.374937,34.719168],[135.375033,34.719466],[135.375116,34.719737],[135.375147,34.719841],[135.375165,34.7199],[135.375213,34.720149],[135.375224,34.720226],[135.375253,34.720427],[135.375261,34.720563],[135.375274,34.720789],[135.375286,34.720986],[135.375289,34.72104],[135.375302,34.721261],[135.375318,34.721536],[135.375321,34.721573],[135.375326,34.721669],[135.375336,34.721841],[135.375345,34.721989],[135.375355,34.722153]],[[135.376714,34.721997],[135.376716,34.721879],[135.376718,34.721753],[135.37672,34.721593],[135.376723,34.721462],[135.376722,34.721423],[135.376719,34.721187],[135.37671,34.720916],[135.37671,34.720706],[135.376722,34.720464],[135.376716,34.720186],[135.376707,34.719799],[135.376705,34.719113]],[[135.382756,34.71821],[135.381227,34.718747],[135.381038,34.718798],[135.380563,34.718925],[135.380469,34.718939],[135.380391,34.718951],[135.379845,34.71898],[135.379604,34.718993]],[[135.379604,34.718993],[135.379672,34.719562],[135.379713,34.719899],[135.379758,34.720241],[135.379802,34.720595],[135.379844,34.720919],[135.379882,34.721217],[135.379938,34.721652]],[[135.384149,34.721347],[135.384121,34.721175],[135.384066,34.720983],[135.384006,34.720821],[135.383954,34.720679],[135.383885,34.720473],[135.383745,34.720169],[135.38369,34.720067],[135.383687,34.720061],[135.383514,34.719731],[135.383286,34.719283],[135.383141,34.719007],[135.382996,34.718731],[135.382959,34.718644],[135.382861,34.718438],[135.382784,34.718269],[135.382756,34.71821]],[[135.379604,34.718993],[135.37853,34.719052]],[[135.37853,34.719052],[135.378497,34.719054]],[[135.378497,34.719054],[135.378498,34.719749],[135.378499,34.719975],[135.378499,34.720077],[135.378499,34.720361],[135.3785,34.720583],[135.378502,34.720709],[135.378503,34.720815],[135.378499,34.721034],[135.378495,34.721231],[135.378489,34.721456],[135.378504,34.721811]],[[135.378497,34.719054],[135.378051,34.719078],[135.377947,34.719083],[135.377675,34.719091],[135.376705,34.719113]],[[135.375712,34.727242],[135.374462,34.727647],[135.373191,34.72806],[135.372015,34.728441]],[[135.372015,34.728441],[135.372217,34.728863],[135.372382,34.729215],[135.372556,34.729568],[135.372775,34.730016]],[[135.372775,34.730016],[135.373976,34.729719],[135.375934,34.729232]],[[135.375586,34.72524],[135.375485,34.725244],[135.374427,34.725504],[135.374331,34.725541],[135.3743,34.725553]],[[135.3743,34.725553],[135.373565,34.72579],[135.372301,34.726209],[135.37114,34.726586]],[[135.37114,34.726586],[135.371362,34.727056],[135.371577,34.727514],[135.371801,34.727985]],[[135.371801,34.727985],[135.372015,34.728441]],[[135.369845,34.723901],[135.36874,34.72441],[135.368262,34.72463],[135.367924,34.724786],[135.367451,34.725003]],[[135.367451,34.725003],[135.367749,34.725544],[135.368005,34.726008],[135.368254,34.726458],[135.368501,34.726906],[135.368757,34.727367]],[[135.368757,34.727367],[135.36998,34.726962],[135.370865,34.726674],[135.37114,34.726586]],[[135.37114,34.726586],[135.370918,34.726133],[135.370687,34.725664],[135.370468,34.725206],[135.370291,34.724835],[135.370114,34.724464],[135.369845,34.723901]],[[135.375355,34.722153],[135.374647,34.722234],[135.374064,34.722291]],[[135.374064,34.722291],[135.373798,34.722318],[135.373571,34.722348],[135.373315,34.722399],[135.373106,34.722455],[135.372803,34.722563]],[[135.372803,34.722563],[135.37229,34.722794],[135.371457,34.723168]],[[135.371457,34.723168],[135.371408,34.72319]],[[135.371408,34.72319],[135.37194,34.723627],[135.372412,34.72401],[135.372903,34.724408],[135.373367,34.724789],[135.3743,34.725553]],[[135.371408,34.72319],[135.370951,34.723398],[135.370872,34.723434],[135.370704,34.72351],[135.369845,34.723901]],[[135.374937,34.719168],[135.374152,34.7192],[135.37393,34.719206],[135.373304,34.719223]],[[135.373304,34.719223],[135.373512,34.719736],[135.373538,34.719818],[135.373625,34.72022],[135.373728,34.720701],[135.373836,34.721185],[135.37394,34.721721],[135.374064,34.722291]],[[135.373304,34.719223],[135.372788,34.719241],[135.372472,34.719252],[135.371629,34.7193]],[[135.371629,34.7193],[135.371629,34.719516],[135.371697,34.719802],[135.37176,34.720071],[135.371851,34.720308],[135.371941,34.720543],[135.372146,34.721004],[135.372345,34.721484],[135.372562,34.721996],[135.372677,34.722268],[135.372803,34.722563]],[[135.371629,34.7193],[135.371358,34.719317],[135.37117,34.719332],[135.370908,34.719336],[135.370803,34.719348],[135.370687,34.719386],[135.370139,34.719568],[135.369832,34.719678],[135.369656,34.719752],[135.369565,34.719798],[135.369404,34.719909]],[[135.369404,34.719909],[135.369755,34.720423],[135.37004,34.720842],[135.370295,34.721278],[135.370566,34.721729],[135.370833,34.722172],[135.371133,34.72265],[135.371457,34.723168]],[[135.369404,34.719909],[135.369067,34.720073],[135.368902,34.720158],[135.368678,34.720288],[135.368519,34.720381],[135.368303,34.720529],[135.36787,34.720849],[135.367838,34.720872]],[[135.367838,34.720872],[135.367519,34.72113],[135.367482,34.72116],[135.367417,34.721213],[135.367288,34.721318],[135.366997,34.721553],[135.36661,34.721861],[135.366218,34.722172],[135.366196,34.72219],[135.365997,34.722347]],[[135.365997,34.722347],[135.36625,34.722814],[135.366374,34.723017],[135.366688,34.72359],[135.36692,34.724011],[135.367081,34.724323],[135.367194,34.724541],[135.367247,34.724637],[135.367322,34.724772],[135.367451,34.725003]],[[135.372775,34.730016],[135.37297,34.730424],[135.373178,34.730861],[135.373385,34.731295],[135.373597,34.731742],[135.373792,34.732183],[135.373796,34.732193],[135.373815,34.732188],[135.373849,34.73225],[135.37434,34.732527],[135.374207,34.733042],[135.37419,34.733105]],[[135.37419,34.733105],[135.375137,34.732878],[135.375466,34.732799],[135.376444,34.732564],[135.376492,34.732552]],[[135.372775,34.730016],[135.371562,34.730302],[135.370905,34.730582],[135.370896,34.730578],[135.370556,34.730978],[135.370313,34.731262]],[[135.370313,34.731262],[135.370793,34.731537],[135.371245,34.731797],[135.371955,34.732204],[135.373716,34.733216]],[[135.373716,34.733216],[135.37387,34.73318]],[[135.37387,34.73318],[135.37419,34.733105]],[[135.371801,34.727985],[135.370636,34.728365],[135.369409,34.728763],[135.368824,34.728952],[135.368206,34.729153],[135.367805,34.729296],[135.367128,34.729516]],[[135.368876,34.730437],[135.368913,34.730458],[135.369307,34.730684],[135.369425,34.730752],[135.369437,34.730759],[135.370313,34.731262]],[[135.368757,34.727367],[135.367846,34.727734],[135.367545,34.727726],[135.367447,34.727757],[135.366851,34.727947],[135.366806,34.727961],[135.36677,34.727973],[135.366462,34.728203],[135.366216,34.728387],[135.365869,34.728646]],[[135.367451,34.725003],[135.3664,34.725465],[135.366331,34.725495],[135.366088,34.725586],[135.365774,34.725703],[135.364947,34.726012],[135.364517,34.726172],[135.364072,34.726349]],[[135.365997,34.722347],[135.365319,34.722859],[135.365244,34.722902],[135.365107,34.72298],[135.36494,34.723075],[135.364675,34.723198],[135.364595,34.723229],[135.364229,34.723367],[135.363936,34.723462],[135.363648,34.723555],[135.363595,34.723606],[135.363333,34.72373]],[[135.366387,34.718557],[135.365395,34.718975],[135.364391,34.719397],[135.364085,34.719526],[135.363546,34.719753],[135.363316,34.719849],[135.362677,34.720105]],[[135.362677,34.720105],[135.363062,34.720769],[135.363257,34.721216],[135.363318,34.721474],[135.363371,34.721803],[135.363374,34.722036],[135.363337,34.722544],[135.36331,34.723017],[135.363233,34.723433]],[[135.367838,34.720872],[135.367723,34.720688],[135.367459,34.720267],[135.367351,34.720094],[135.367197,34.719846],[135.3668,34.719205],[135.366387,34.718557]],[[135.365224,34.715823],[135.362407,34.717007],[135.362172,34.717105],[135.361916,34.717213],[135.361113,34.717551]],[[135.361113,34.717551],[135.36154,34.718193],[135.361763,34.718567],[135.361858,34.718728],[135.362242,34.719374],[135.362291,34.719456],[135.362677,34.720105]],[[135.366387,34.718557],[135.365968,34.717894],[135.36637,34.717719],[135.365224,34.715823]],[[135.360493,34.717886],[135.360508,34.717878],[135.360514,34.717886],[135.361113,34.717551]],[[135.365224,34.715823],[135.366488,34.715291]],[[135.366488,34.715291],[135.366025,34.714537],[135.366015,34.714496],[135.365993,34.714456],[135.36591,34.714307],[135.365764,34.714045],[135.365745,34.71401],[135.365633,34.713808],[135.36562,34.713785],[135.365619,34.713784],[135.365574,34.713684],[135.365552,34.713637],[135.365317,34.713119],[135.36528,34.713038],[135.36521,34.712885],[135.365216,34.712863],[135.365236,34.71284],[135.365193,34.712758]],[[135.365193,34.712758],[135.364168,34.713141],[135.363706,34.713313],[135.36365,34.713327],[135.362992,34.713406],[135.362862,34.713421],[135.362628,34.713448],[135.362586,34.713399],[135.362177,34.713561],[135.361602,34.713787],[135.360892,34.714066],[135.360698,34.714143],[135.360313,34.714294],[135.36024,34.714319],[135.359952,34.714436],[135.359851,34.714476],[135.359461,34.714629],[135.358986,34.713841],[135.358933,34.713754]],[[135.358933,34.713754],[135.35851,34.714119],[135.357889,34.714654],[135.357773,34.714754]],[[135.357773,34.714754],[135.358056,34.715099],[135.358523,34.715668],[135.358559,34.715712],[135.358561,34.715714],[135.358727,34.716058],[135.358848,34.716049],[135.35892,34.716044],[135.359005,34.716143],[135.359105,34.71626],[135.359164,34.716329],[135.359338,34.716532],[135.35945,34.716663],[135.359746,34.717008],[135.359793,34.717062],[135.36011,34.717431],[135.360229,34.717569],[135.360493,34.717886]],[[135.381438,34.714956],[135.379334,34.715458],[135.378651,34.715618],[135.378231,34.715719],[135.378129,34.715744],[135.37741,34.715923]],[[135.37741,34.715923],[135.377661,34.716646],[135.377667,34.716663],[135.377851,34.717179],[135.378112,34.717913],[135.37837,34.718621],[135.37853,34.719052]],[[135.382756,34.71821],[135.382697,34.718081],[135.382682,34.718044],[135.382211,34.716978],[135.381901,34.716246],[135.381889,34.716215],[135.381802,34.716],[135.38174,34.715824],[135.381692,34.715685],[135.381686,34.715667],[135.381631,34.71551],[135.381607,34.715435],[135.381534,34.715245],[135.381438,34.714956]],[[135.37741,34.715923],[135.376726,34.716083],[135.376687,34.716093],[135.376371,34.716167],[135.375707,34.716323],[135.37568,34.716329],[135.374045,34.71672]],[[135.374045,34.71672],[135.374304,34.717431],[135.374501,34.717971],[135.374517,34.718016],[135.374773,34.718717],[135.374937,34.719168]],[[135.380302,34.711305],[135.378399,34.711753],[135.377395,34.71198],[135.376805,34.712117],[135.376107,34.712278]],[[135.376107,34.712278],[135.37625,34.712665],[135.376359,34.712961],[135.376626,34.71368],[135.376792,34.714157],[135.376897,34.714458],[135.377166,34.71523],[135.37728,34.715553],[135.37741,34.715923]],[[135.381438,34.714956],[135.381407,34.714862],[135.381402,34.714848],[135.381208,34.714231],[135.381198,34.714198],[135.381166,34.714089],[135.381079,34.713814],[135.380978,34.713478],[135.380969,34.713449],[135.380772,34.712837],[135.380727,34.712694],[135.380692,34.712584],[135.380615,34.712362],[135.380584,34.712246],[135.380528,34.712053],[135.380501,34.71196],[135.380302,34.711305]],[[135.379159,34.708071],[135.377446,34.708511],[135.37706,34.708604],[135.37628,34.708793],[135.375935,34.708876],[135.375762,34.708918],[135.375507,34.708979],[135.374993,34.709103]],[[135.374993,34.709103],[135.375193,34.709671],[135.375306,34.709991],[135.375619,34.710881]],[[135.375619,34.710881],[135.3757,34.711114],[135.375778,34.711335],[135.375782,34.711348],[135.375806,34.711415],[135.375857,34.711562],[135.375919,34.711741],[135.376107,34.712278]],[[135.380302,34.711305],[135.380301,34.711302],[135.380163,34.710869],[135.380133,34.710776],[135.380101,34.710676],[135.379923,34.71017],[135.379896,34.710095],[135.379798,34.709821],[135.379704,34.709571],[135.379434,34.708828],[135.379159,34.708071]],[[135.375619,34.710881],[135.375088,34.711001],[135.374712,34.711084],[135.374641,34.7111],[135.374463,34.711143],[135.373937,34.711261],[135.372274,34.711661]],[[135.372274,34.711661],[135.37257,34.712524],[135.372753,34.71306]],[[135.372753,34.71306],[135.372889,34.713437],[135.373002,34.713749],[135.373265,34.714479],[135.373445,34.714999],[135.373538,34.715265]],[[135.373538,34.715265],[135.37362,34.715499],[135.373735,34.71583],[135.373806,34.716036],[135.374045,34.71672]],[[135.376298,34.702212],[135.37521,34.703483],[135.374927,34.703826],[135.37482,34.704001],[135.3748,34.704044],[135.374795,34.704054],[135.374749,34.704153],[135.374481,34.704466],[135.374374,34.704591],[135.37415,34.704853],[135.374146,34.704858],[135.373914,34.705129],[135.37384,34.705216],[135.373805,34.705257]],[[135.373805,34.705257],[135.374284,34.706171],[135.374561,34.706711],[135.374778,34.707155],[135.374867,34.707345],[135.374948,34.707523],[135.375155,34.707982],[135.375166,34.708006],[135.37467,34.708165],[135.374823,34.708614],[135.374873,34.708756],[135.374993,34.709103]],[[135.379159,34.708071],[135.379139,34.708016],[135.378771,34.707243],[135.378567,34.706814],[135.378412,34.706499],[135.378026,34.705717],[135.377781,34.70522],[135.377086,34.703811],[135.376298,34.702212]],[[135.373805,34.705257],[135.373736,34.70534],[135.373576,34.705527],[135.373502,34.705611],[135.373431,34.70569],[135.373315,34.705813],[135.373248,34.705886],[135.373233,34.705901],[135.37314,34.705999],[135.373067,34.706074],[135.373005,34.706139],[135.372968,34.706179],[135.37272,34.706429],[135.372571,34.706587],[135.372451,34.706715],[135.372207,34.706975],[135.372203,34.70698],[135.371982,34.707215],[135.371883,34.70732]],[[135.371883,34.70732],[135.371883,34.70732]],[[135.371883,34.70732],[135.371713,34.707501],[135.37158,34.707643],[135.371548,34.707678],[135.371119,34.708135]],[[135.371119,34.708135],[135.371379,34.708794],[135.37149,34.709141],[135.371691,34.709712],[135.371698,34.709731],[135.371743,34.709888],[135.371794,34.710064],[135.371844,34.71024],[135.371895,34.710417],[135.371903,34.710446],[135.372039,34.710895],[135.372142,34.711231],[135.372266,34.711636],[135.372274,34.711661]],[[135.371119,34.708135],[135.371093,34.708044]],[[135.371093,34.708044],[135.371045,34.708095],[135.371005,34.708137],[135.370768,34.70839],[135.370454,34.708724],[135.370416,34.708764],[135.370238,34.708953],[135.370075,34.709127],[135.369958,34.709241],[135.369676,34.709518],[135.369306,34.709879],[135.369273,34.709926],[135.368943,34.710384]],[[135.368943,34.710384],[135.369331,34.71077],[135.369366,34.710745],[135.369386,34.710763],[135.369374,34.710772],[135.369426,34.710823],[135.369436,34.710816],[135.369671,34.711049],[135.369647,34.711067],[135.369711,34.711129],[135.369664,34.711166],[135.369818,34.71132],[135.369991,34.711489],[135.370087,34.711582],[135.370113,34.711607],[135.3701,34.711616],[135.37013,34.711649],[135.370142,34.711661],[135.370125,34.711672],[135.370145,34.7117],[135.370109,34.711723]],[[135.370109,34.711723],[135.370176,34.711844],[135.370295,34.712162],[135.370525,34.712749],[135.370822,34.713509]],[[135.370822,34.713509],[135.371198,34.713422],[135.372041,34.713227],[135.372753,34.71306]],[[135.373415,34.695381],[135.372397,34.696346]],[[135.372397,34.696346],[135.372189,34.696551],[135.371408,34.697434],[135.370706,34.698241],[135.370397,34.698574],[135.370102,34.698917],[135.370019,34.699015],[135.369636,34.699472],[135.36877,34.700522],[135.368519,34.70083],[135.367997,34.701451],[135.367851,34.701626],[135.367708,34.701796],[135.367626,34.701891],[135.367588,34.70194],[135.367546,34.701988],[135.367131,34.702479],[135.366935,34.70271],[135.366471,34.703136]],[[135.366471,34.703136],[135.366746,34.703341],[135.366783,34.703369],[135.36698,34.703507],[135.366989,34.703514],[135.367059,34.703562],[135.367073,34.703572],[135.367269,34.703709],[135.367283,34.703719],[135.367444,34.703831],[135.367535,34.703895],[135.367538,34.703897],[135.367596,34.703938],[135.367667,34.703987],[135.367722,34.704026],[135.36786,34.704122],[135.367969,34.704197],[135.368139,34.704313],[135.368152,34.704322],[135.368384,34.70448],[135.368479,34.704545],[135.36851,34.704565],[135.368832,34.704785],[135.368863,34.704806],[135.368875,34.704815],[135.369036,34.704924],[135.36924,34.705063],[135.369276,34.70509],[135.369384,34.705171],[135.369501,34.705259],[135.369553,34.705298],[135.36965,34.705371],[135.369654,34.705374],[135.369695,34.705404],[135.369727,34.705429],[135.369775,34.705472],[135.369882,34.705567],[135.36989,34.705574],[135.369933,34.705613],[135.369938,34.705617],[135.370007,34.705694],[135.370099,34.705796],[135.370138,34.705839],[135.3702,34.705908],[135.370255,34.705986],[135.370294,34.70604],[135.37034,34.706111],[135.370373,34.706162],[135.370376,34.706167],[135.370472,34.706343],[135.37048,34.706358],[135.370492,34.706379],[135.370521,34.706452],[135.370531,34.706476],[135.370549,34.706523],[135.3706,34.706649],[135.37063,34.706733],[135.370665,34.706833],[135.37069,34.706905],[135.370721,34.706991],[135.37079,34.707186],[135.370801,34.707218],[135.370824,34.707284],[135.370878,34.707436],[135.370888,34.707466],[135.370908,34.707522],[135.370947,34.707632],[135.370995,34.707768],[135.371012,34.707817],[135.371093,34.708044]],[[135.376298,34.702212],[135.37624,34.702095],[135.376028,34.701664],[135.375896,34.701396],[135.375854,34.701294],[135.375757,34.701055],[135.375311,34.699957],[135.375137,34.699529],[135.37498,34.699143],[135.374182,34.697176],[135.374054,34.696862],[135.374008,34.696755],[135.373415,34.695381]],[[135.366471,34.703136],[135.365878,34.703607],[135.365249,34.704063],[135.364776,34.704405],[135.364225,34.704808],[135.364041,34.704943],[135.363925,34.70504],[135.363876,34.7051],[135.363836,34.705194],[135.363815,34.705305],[135.363745,34.705347]],[[135.363745,34.705347],[135.363907,34.705499],[135.363926,34.705488],[135.364104,34.705657],[135.364115,34.705651],[135.36419,34.705721],[135.364165,34.705748],[135.364202,34.705785],[135.364207,34.705791],[135.364199,34.705798],[135.3643,34.705895],[135.364311,34.705891],[135.364535,34.706101],[135.364528,34.70611],[135.364611,34.706184],[135.364652,34.70622],[135.364684,34.706202],[135.364749,34.706257],[135.365022,34.706484],[135.365255,34.706679],[135.365284,34.706683],[135.36531,34.706705],[135.365338,34.706729],[135.365582,34.706939],[135.365618,34.70697],[135.365729,34.707066],[135.365708,34.707086],[135.365815,34.707182],[135.365834,34.707171],[135.365924,34.707252],[135.365984,34.707306],[135.365965,34.70732],[135.366106,34.707464],[135.36621,34.70757],[135.366258,34.707619],[135.366526,34.707901],[135.366557,34.707934],[135.366873,34.708267],[135.367141,34.70855],[135.367191,34.708603],[135.367419,34.708834],[135.367523,34.708941],[135.36769,34.70911],[135.367812,34.709235],[135.367865,34.709288],[135.368186,34.709595],[135.36822,34.709628],[135.368252,34.709662],[135.368757,34.710149],[135.368801,34.710244],[135.368914,34.710356],[135.368943,34.710384]],[[135.373538,34.715265],[135.372835,34.715442],[135.371983,34.715655],[135.371964,34.715659],[135.372023,34.715823],[135.371569,34.716012],[135.371084,34.716208],[135.371068,34.716216],[135.370537,34.716432],[135.370147,34.71659]],[[135.370147,34.71659],[135.370285,34.716807],[135.370609,34.717325],[135.370854,34.717691],[135.37084,34.717696],[135.371092,34.718212],[135.371097,34.718221],[135.371366,34.718757],[135.371629,34.7193]],[[135.370822,34.713509],[135.370644,34.71356],[135.370463,34.713635],[135.370106,34.713783],[135.369749,34.713931],[135.368766,34.714339]],[[135.368766,34.714339],[135.369212,34.71507],[135.369653,34.715784],[135.369685,34.715836],[135.369846,34.716099],[135.370147,34.71659]],[[135.370147,34.71659],[135.369905,34.71674],[135.369703,34.716865],[135.369684,34.71688],[135.369486,34.71704],[135.369257,34.717225],[135.368939,34.717482],[135.368456,34.717681],[135.368143,34.717811]],[[135.368143,34.717811],[135.368636,34.718603],[135.368939,34.719092],[135.36918,34.719515],[135.369404,34.719909]],[[135.368766,34.714339],[135.367738,34.714766],[135.366569,34.715257]],[[135.366569,34.715257],[135.366976,34.715912],[135.367298,34.716431],[135.367314,34.716457],[135.367616,34.71695],[135.36773,34.717135],[135.367753,34.717173],[135.367903,34.717419],[135.368143,34.717811]],[[135.366569,34.715257],[135.366488,34.715291]],[[135.370109,34.711723],[135.370043,34.711657],[135.369985,34.711694],[135.369863,34.711582],[135.369713,34.711445],[135.369703,34.711435],[135.36946,34.711212],[135.369427,34.711182]],[[135.369427,34.711182],[135.368534,34.711509],[135.368512,34.711518],[135.368184,34.711642],[135.36805,34.711693],[135.367812,34.711781],[135.367773,34.711795],[135.36714,34.71203],[135.365193,34.712758]],[[135.369427,34.711182],[135.369276,34.711044],[135.36906,34.710834],[135.368913,34.710692],[135.368823,34.710604],[135.368799,34.710581],[135.368524,34.710314],[135.368493,34.710284],[135.368344,34.710139],[135.368018,34.709823],[135.367952,34.70976],[135.367846,34.709665],[135.367725,34.709556],[135.367622,34.709463],[135.367501,34.709355],[135.367227,34.70911],[135.367014,34.708919],[135.366787,34.708716],[135.366326,34.708303],[135.366256,34.70824],[135.366231,34.708218],[135.365908,34.707933],[135.365715,34.707779],[135.365506,34.707612],[135.36549,34.707599],[135.365099,34.707311],[135.36398,34.70647],[135.363785,34.706418],[135.363768,34.706435],[135.36376,34.706432],[135.363756,34.706436],[135.363731,34.706427],[135.363734,34.706422],[135.363717,34.706415],[135.363713,34.706408],[135.36367,34.706393],[135.363675,34.70635],[135.363663,34.706335],[135.363646,34.706327],[135.363614,34.706315],[135.363537,34.706308],[135.363547,34.706281],[135.363541,34.706279],[135.363515,34.706347],[135.363507,34.706344],[135.363483,34.706337],[135.36348,34.706344],[135.363454,34.706337],[135.363457,34.70633],[135.36343,34.706322],[135.363453,34.706272],[135.363459,34.70623],[135.363457,34.706204],[135.36345,34.706185],[135.363433,34.706166],[135.363402,34.706141],[135.36337,34.706121],[135.363291,34.706087],[135.363312,34.706054],[135.363336,34.706063],[135.363423,34.705907],[135.363362,34.705883],[135.363274,34.70604],[135.363284,34.706044],[135.363262,34.706077],[135.363175,34.706049],[135.363127,34.706047],[135.363106,34.706048],[135.363001,34.706051],[135.362914,34.706047],[135.362786,34.706035],[135.362719,34.706022],[135.362677,34.706009],[135.362393,34.705908],[135.362328,34.70589],[135.362208,34.705859],[135.361749,34.70574],[135.361561,34.705696],[135.361461,34.705688],[135.361317,34.705694],[135.361106,34.705711],[135.361035,34.70572],[135.36101,34.705727],[135.360974,34.705739],[135.360934,34.705759],[135.360899,34.70578],[135.360871,34.705802],[135.360842,34.705835],[135.360791,34.705917],[135.360761,34.705923],[135.360719,34.705934],[135.360673,34.705945],[135.360626,34.705958],[135.360576,34.705973],[135.360536,34.705987],[135.360503,34.706],[135.360471,34.706014],[135.3604,34.706051],[135.360327,34.706093],[135.360299,34.706114],[135.360274,34.706138],[135.359123,34.707389],[135.358754,34.707796],[135.358667,34.707811],[135.358597,34.707826],[135.358554,34.707841],[135.358524,34.707856],[135.358492,34.707872],[135.358457,34.707887],[135.358519,34.707895],[135.358566,34.707907],[135.358592,34.707919],[135.358621,34.707941],[135.358573,34.707998],[135.35856,34.707993],[135.358541,34.707981],[135.358527,34.707997],[135.358537,34.708003],[135.358522,34.708019],[135.358512,34.708013],[135.358497,34.70803],[135.358476,34.708014],[135.358465,34.708004],[135.358453,34.707981],[135.358435,34.707961],[135.358417,34.707941],[135.358392,34.707926],[135.358385,34.707942],[135.358358,34.708002],[135.35834,34.708038],[135.358295,34.708103],[135.358242,34.708162],[135.358187,34.708217],[135.358132,34.708273],[135.358082,34.708331],[135.358037,34.708387],[135.358006,34.708433],[135.357996,34.708453],[135.357991,34.708473],[135.357991,34.708495],[135.358003,34.708545],[135.358027,34.708601],[135.357969,34.708663],[135.357053,34.708995],[135.357058,34.709004],[135.357128,34.708979],[135.35714,34.709002],[135.357146,34.709017],[135.357152,34.709068],[135.357147,34.709135],[135.357138,34.709171],[135.357125,34.709202],[135.357092,34.709258],[135.357069,34.709297],[135.357062,34.709314],[135.35705,34.709328],[135.356997,34.709358],[135.356917,34.709393],[135.35688,34.709414],[135.356852,34.709439],[135.356812,34.709495],[135.356766,34.709556],[135.356701,34.70962],[135.356628,34.709688],[135.35655,34.709761],[135.356521,34.70978],[135.356496,34.709803],[135.35647,34.709816],[135.356441,34.709823],[135.356413,34.709833],[135.356393,34.709854],[135.356374,34.709882],[135.356348,34.709911],[135.356313,34.709942],[135.356274,34.709975],[135.356243,34.710002],[135.35623,34.710018],[135.356224,34.710026],[135.35621,34.710032],[135.356187,34.71004],[135.356156,34.71005],[135.356107,34.710075],[135.356034,34.71012],[135.355956,34.710172],[135.355897,34.710212],[135.35585,34.710243],[135.355802,34.710266],[135.355756,34.710294],[135.355715,34.71033],[135.355678,34.710369],[135.355642,34.710402],[135.35561,34.710433],[135.355583,34.710464],[135.355562,34.710497],[135.355547,34.710534],[135.355534,34.710572],[135.35552,34.710612],[135.355503,34.710654],[135.355485,34.710696],[135.355468,34.710733],[135.355458,34.710761],[135.355444,34.710789],[135.355418,34.710824],[135.355383,34.710867],[135.355346,34.71091],[135.355311,34.710949],[135.355288,34.710975],[135.355269,34.710992],[135.355255,34.711003],[135.355234,34.711015],[135.355201,34.71103],[135.355163,34.711047],[135.355132,34.711063],[135.355103,34.711076],[135.355077,34.711087],[135.355057,34.711098],[135.355047,34.711108],[135.355044,34.711126],[135.355046,34.71115],[135.355049,34.711174],[135.35505,34.71119],[135.355042,34.711207],[135.355022,34.711234],[135.355003,34.711261],[135.354997,34.711277],[135.354998,34.711294],[135.355,34.711325],[135.355001,34.711359],[135.355001,34.711369],[135.355006,34.711415],[135.355011,34.711455]],[[135.355011,34.711455],[135.356397,34.711889],[135.356882,34.712045],[135.357129,34.712129],[135.35753,34.712322],[135.357759,34.712514],[135.358122,34.712818],[135.358353,34.712685],[135.358406,34.712783],[135.358569,34.713083],[135.358624,34.713184],[135.358933,34.713754]],[[135.360493,34.717886],[135.35952,34.71844],[135.358796,34.718849],[135.358781,34.718858],[135.357944,34.719335]],[[135.357944,34.719335],[135.357246,34.719733],[135.357222,34.719747],[135.356611,34.720103],[135.356547,34.72014],[135.355599,34.720692],[135.355579,34.720708]],[[135.355579,34.720708],[135.354984,34.72115]],[[135.357773,34.714754],[135.357274,34.715196]],[[135.357274,34.715196],[135.356958,34.715475],[135.356909,34.715519],[135.35649,34.71589],[135.356265,34.716088],[135.355923,34.716413],[135.355622,34.716697]],[[135.355622,34.716697],[135.35561,34.716708],[135.355838,34.716984],[135.356104,34.717287],[135.35639,34.717614],[135.356659,34.717922],[135.356928,34.718229],[135.357192,34.718518],[135.357202,34.718528],[135.35744,34.718788],[135.357478,34.718829],[135.357689,34.719059],[135.357944,34.719335]],[[135.354761,34.716091],[135.354553,34.716299],[135.354479,34.716424],[135.35443,34.716461],[135.354217,34.716619],[135.354154,34.716667],[135.353591,34.717088],[135.353461,34.717185],[135.352566,34.717832]],[[135.352566,34.717832],[135.35286,34.718108],[135.352874,34.718121]],[[135.352874,34.718121],[135.353162,34.71839],[135.353451,34.71866],[135.353753,34.718951],[135.353758,34.718956],[135.354092,34.719262],[135.354348,34.719511],[135.354592,34.719743],[135.354802,34.719942],[135.355191,34.720311],[135.355579,34.720708]],[[135.355622,34.716697],[135.355186,34.716391],[135.354761,34.716091]],[[135.352874,34.718121],[135.351852,34.718843],[135.351552,34.718561],[135.351209,34.718797],[135.350829,34.7192]],[[135.355011,34.711455],[135.355011,34.711482],[135.354988,34.711585],[135.354985,34.711593],[135.354968,34.711642],[135.354953,34.711687],[135.354941,34.711726],[135.354931,34.71176],[135.354918,34.711793],[135.354905,34.711824],[135.354897,34.711849],[135.354892,34.711868],[135.354886,34.711879],[135.354878,34.71189],[135.35486,34.71191],[135.354839,34.711935],[135.354816,34.71196],[135.354793,34.711984],[135.354769,34.712009],[135.354742,34.712033],[135.354709,34.712057],[135.354679,34.712077],[135.354655,34.712091],[135.354635,34.712105],[135.354611,34.712128],[135.35458,34.712162],[135.354538,34.712203],[135.354494,34.712245],[135.354457,34.712281],[135.354421,34.712314],[135.354383,34.712346],[135.354348,34.712378],[135.354315,34.712407],[135.35428,34.71244],[135.354234,34.712478],[135.354216,34.712493]],[[135.354216,34.712493],[135.355137,34.713129],[135.355688,34.713523],[135.355876,34.713724],[135.3562,34.714072],[135.356591,34.714516],[135.356909,34.714852],[135.357274,34.715196]],[[135.354216,34.712493],[135.354183,34.71252],[135.354134,34.712559],[135.354103,34.712577],[135.354045,34.712606],[135.354013,34.712625],[135.353976,34.712645],[135.353922,34.71267],[135.353866,34.712696],[135.353821,34.712714],[135.353786,34.712731],[135.353769,34.71274],[135.353664,34.712829],[135.35347,34.713006],[135.353385,34.713084],[135.353186,34.71327],[135.353,34.713458],[135.352791,34.713644],[135.352778,34.713655],[135.352583,34.713836],[135.352332,34.714062],[135.352133,34.71425],[135.35213,34.714252]],[[135.35213,34.714252],[135.353177,34.714981],[135.353198,34.714995],[135.353751,34.715392],[135.35427,34.715739],[135.354761,34.716091]],[[135.35213,34.714252],[135.352073,34.714306],[135.351668,34.714679],[135.35153,34.714803],[135.351478,34.714849],[135.351326,34.714976],[135.351206,34.715068],[135.351008,34.71521],[135.350844,34.715318],[135.350818,34.715334],[135.35072,34.715391],[135.350519,34.715499],[135.350509,34.715503],[135.350465,34.715517],[135.350417,34.71553],[135.350364,34.715546],[135.350305,34.715562],[135.350242,34.715577],[135.350182,34.71559],[135.350133,34.715602],[135.350092,34.715611],[135.350056,34.715614],[135.350024,34.715612],[135.349994,34.715609],[135.349966,34.715605],[135.34995,34.715619],[135.349937,34.715629]],[[135.349937,34.715629],[135.350592,34.716162]],[[135.350592,34.716162],[135.350617,34.716148],[135.351419,34.716704],[135.351494,34.716763],[135.351469,34.716785],[135.351887,34.717175],[135.352322,34.717588],[135.352566,34.717832]],[[135.350592,34.716162],[135.349215,34.716998],[135.34786,34.717819]],[[135.348806,34.71479],[135.348313,34.714337],[135.34782,34.713879],[135.347791,34.713844],[135.34792,34.713723],[135.347649,34.713047],[135.347702,34.712993],[135.347743,34.712947],[135.347764,34.712917],[135.3478,34.712834],[135.347844,34.712741],[135.34787,34.712698],[135.347898,34.71266],[135.347925,34.712628],[135.347988,34.712573],[135.348064,34.712506],[135.34811,34.712474],[135.348159,34.712446],[135.348258,34.712398],[135.348302,34.712371],[135.348339,34.712343],[135.348366,34.712313],[135.348384,34.71228],[135.348396,34.712243],[135.348418,34.712167],[135.348436,34.712126],[135.348462,34.712085],[135.348495,34.712044],[135.348566,34.711972],[135.348617,34.711911],[135.348653,34.711874],[135.348756,34.711776],[135.348832,34.711708],[135.348873,34.711662],[135.348936,34.711585],[135.348947,34.711572],[135.348993,34.711524],[135.349038,34.711485],[135.349119,34.711426],[135.349184,34.711362],[135.349247,34.711291],[135.349316,34.711212],[135.349347,34.711171],[135.349412,34.711085],[135.349485,34.710998],[135.349563,34.710917],[135.349604,34.71088],[135.349692,34.710812],[135.349777,34.71075],[135.349812,34.710721],[135.349873,34.710661],[135.349923,34.710592],[135.349951,34.710547],[135.349959,34.710525],[135.349968,34.710486],[135.349975,34.710445],[135.349971,34.710406],[135.349956,34.710357],[135.34994,34.710311],[135.349921,34.710273],[135.349906,34.710253],[135.34987,34.710215],[135.349833,34.710176],[135.349801,34.71014],[135.349775,34.710107],[135.349862,34.710034],[135.350125,34.709815],[135.350305,34.70966],[135.350484,34.709812],[135.35058,34.709907],[135.350633,34.709945],[135.350683,34.709987],[135.350732,34.71003],[135.350757,34.710044],[135.350784,34.710052],[135.350816,34.710056],[135.350884,34.71005],[135.350914,34.710044],[135.350936,34.710038],[135.350955,34.710027],[135.350978,34.710006],[135.351035,34.709932],[135.351081,34.709873],[135.351147,34.709806],[135.351313,34.709648],[135.351437,34.709433],[135.351788,34.709087],[135.351839,34.709057],[135.351913,34.709024],[135.351988,34.708905],[135.352371,34.708282],[135.352584,34.707845],[135.352592,34.707753],[135.353,34.707419],[135.352606,34.707119],[135.35225,34.706848],[135.350225,34.705306],[135.348143,34.70367]],[[135.348143,34.70367],[135.346438,34.7052],[135.34462,34.711478],[135.347631,34.714009]],[[135.347631,34.714009],[135.347979,34.71434],[135.348625,34.714962]],[[135.348625,34.714962],[135.3488,34.714797],[135.348806,34.71479]],[[135.348143,34.70367],[135.347116,34.702863],[135.347002,34.702869],[135.34581,34.703943],[135.345207,34.704497],[135.345119,34.704806],[135.345011,34.704786],[135.344842,34.705351],[135.344311,34.707116],[135.344396,34.707141],[135.343957,34.708607],[135.343699,34.709465],[135.343594,34.709869],[135.34315,34.71132],[135.343147,34.711328],[135.343071,34.711586],[135.342887,34.712205],[135.342447,34.713668],[135.342512,34.713804],[135.342516,34.713812],[135.342705,34.714209],[135.342752,34.714307],[135.342788,34.714384],[135.343253,34.715362],[135.34594,34.714563],[135.345957,34.714558],[135.346637,34.714351],[135.34749,34.714096],[135.347556,34.714073],[135.347623,34.714016],[135.347631,34.714009]],[[135.349937,34.715629],[135.348927,34.714692],[135.348919,34.714688],[135.34891,34.714689],[135.348902,34.714694],[135.348898,34.714699],[135.348806,34.71479]],[[135.348625,34.714962],[135.348504,34.715051],[135.346021,34.716876],[135.345968,34.716909],[135.343678,34.718573],[135.343948,34.718881],[135.344141,34.719118],[135.344254,34.719249],[135.3444,34.71925],[135.344411,34.719268],[135.344555,34.719271],[135.345081,34.719568]],[[135.372397,34.696346],[135.372393,34.696342],[135.372383,34.696338],[135.372377,34.696336],[135.372366,34.696333],[135.37235,34.696331],[135.372334,34.696331],[135.372323,34.696332],[135.372317,34.696333],[135.372306,34.696336],[135.372301,34.696338],[135.372291,34.696342],[135.372202,34.696416],[135.372023,34.696564],[135.371989,34.696567],[135.371793,34.696108],[135.371414,34.695226],[135.37102,34.69431],[135.371005,34.694273],[135.370274,34.693729],[135.370243,34.693706],[135.369479,34.693131],[135.369515,34.693097],[135.36948,34.693071],[135.369443,34.693105],[135.369429,34.693119],[135.369407,34.693141],[135.369364,34.693179],[135.36936,34.693182],[135.369358,34.693186],[135.369356,34.693193],[135.369356,34.693197],[135.369358,34.693204],[135.369363,34.693211],[135.36937,34.693217],[135.369373,34.693218],[135.369377,34.69322],[135.369382,34.693221],[135.36939,34.693221],[135.369396,34.69322],[135.3694,34.693219],[135.369408,34.693215],[135.36941,34.693213],[135.369452,34.693174],[135.370244,34.69377],[135.370978,34.694321],[135.370975,34.69434],[135.370259,34.694986],[135.369261,34.695886],[135.368706,34.696401]],[[135.368706,34.696401],[135.367728,34.69732],[135.3636,34.694233]],[[135.3636,34.694233],[135.357674,34.699658]],[[135.357674,34.699658],[135.359092,34.700724],[135.359356,34.700921],[135.359673,34.701159],[135.359748,34.701215],[135.360521,34.701178],[135.361044,34.700708],[135.361418,34.700364],[135.361841,34.700701],[135.362147,34.70093],[135.363011,34.701583],[135.362165,34.702354],[135.361886,34.702608],[135.361608,34.70286],[135.361583,34.702885],[135.361579,34.702898],[135.361582,34.702915],[135.36159,34.70293],[135.361603,34.702941],[135.36173,34.703002],[135.362175,34.703197],[135.362239,34.703224],[135.362216,34.703262],[135.362261,34.703285],[135.362226,34.703337],[135.362176,34.703312],[135.362094,34.703436],[135.362179,34.703504],[135.36227,34.703576],[135.363773,34.704939],[135.363773,34.704964],[135.363769,34.704991],[135.363767,34.705],[135.363757,34.705029],[135.363744,34.705053],[135.363645,34.705193],[135.363582,34.705284],[135.363486,34.705391],[135.363411,34.705311],[135.363394,34.705322],[135.363475,34.705409],[135.363504,34.70544],[135.363734,34.705337],[135.363745,34.705347]],[[135.368706,34.696401],[135.3684,34.696412],[135.368046,34.696141],[135.367951,34.696068],[135.367966,34.696055],[135.367898,34.696004],[135.367881,34.69602],[135.367656,34.695852],[135.369472,34.694223],[135.369685,34.694234],[135.369884,34.694041],[135.3697,34.693897],[135.367582,34.695797],[135.366378,34.694894],[135.365027,34.693878],[135.365058,34.693727],[135.36589,34.692969],[135.366053,34.692954],[135.36727,34.693867],[135.368577,34.692681],[135.368689,34.692766],[135.368827,34.692648],[135.367957,34.692003],[135.36788,34.692067],[135.367823,34.692104],[135.367759,34.692138],[135.367719,34.692161],[135.367702,34.692186],[135.367779,34.6924],[135.367702,34.692429],[135.367601,34.692228],[135.367585,34.692231],[135.367564,34.692221],[135.367295,34.69164],[135.367218,34.691446],[135.364977,34.689774],[135.364974,34.689772],[135.365086,34.689671],[135.363591,34.688542],[135.363479,34.688643],[135.363228,34.688454],[135.362431,34.689177],[135.362239,34.68935],[135.362006,34.689565],[135.361836,34.689724],[135.361401,34.690115],[135.361099,34.690386],[135.360841,34.690623],[135.360591,34.69085],[135.360322,34.691098],[135.35999,34.691407],[135.359923,34.691351],[135.359895,34.691376]],[[135.359895,34.691376],[135.361798,34.692818],[135.3636,34.694233]],[[135.359895,34.691376],[135.359648,34.6916],[135.359665,34.691613],[135.359644,34.691633],[135.359626,34.69162],[135.359531,34.691706],[135.359026,34.692164],[135.359047,34.69218],[135.359028,34.692199],[135.359006,34.692182],[135.358328,34.6928],[135.35835,34.692817],[135.358336,34.692831],[135.358313,34.692815],[135.357638,34.69343],[135.35766,34.693446],[135.35764,34.693464],[135.357618,34.693448],[135.354796,34.696022],[135.354817,34.696038],[135.354799,34.696056],[135.354777,34.696039],[135.35454,34.696255],[135.353934,34.696835],[135.354911,34.697571],[135.356034,34.698413],[135.357254,34.699342],[135.357671,34.699656],[135.357674,34.699658]],[[135.373415,34.695381],[135.371637,34.691266],[135.368013,34.686908],[135.363041,34.680981],[135.361883,34.6796],[135.35806,34.675049],[135.353079,34.669116],[135.348109,34.663188],[135.348001,34.663059],[135.324308,34.679331],[135.324313,34.682577],[135.324326,34.689789],[135.324329,34.691988],[135.324335,34.694992],[135.324341,34.697003],[135.32436,34.704222],[135.324365,34.711433],[135.324367,34.715306],[135.324363,34.718645],[135.324329,34.725586]],[[135.373704,34.755546],[135.371827,34.755396],[135.371667,34.755387],[135.371115,34.755356],[135.371093,34.755325],[135.370472,34.755326],[135.369894,34.755618],[135.369489,34.755822],[135.369074,34.75599],[135.369009,34.756046],[135.368935,34.756048],[135.368846,34.755964],[135.368788,34.755875],[135.368724,34.755828],[135.368658,34.755839]],[[135.368658,34.755839],[135.3687,34.755996],[135.368696,34.756159],[135.368675,34.756381],[135.368623,34.75638],[135.368612,34.756651],[135.368589,34.756777],[135.368544,34.756928],[135.368483,34.757087],[135.368422,34.757246],[135.368319,34.757672]],[[135.368319,34.757672],[135.368874,34.757788],[135.369086,34.757817],[135.369162,34.757851],[135.36928,34.757915],[135.369393,34.757959],[135.369474,34.757983],[135.37033,34.758234],[135.370524,34.758839],[135.370937,34.758784],[135.371414,34.758745],[135.37143,34.758918],[135.371435,34.758971],[135.371482,34.759454],[135.371517,34.759816],[135.371851,34.759737],[135.371838,34.760656],[135.37183,34.761185],[135.371829,34.761221],[135.371796,34.761248],[135.371739,34.761352],[135.371699,34.761467],[135.371709,34.761598],[135.371723,34.761746],[135.371776,34.761922]],[[135.371776,34.761922],[135.372037,34.761921],[135.373312,34.761914]],[[135.373312,34.761914],[135.373293,34.761741],[135.373283,34.761497],[135.373281,34.761322],[135.37334,34.760257],[135.37339,34.759059],[135.373398,34.758948],[135.373407,34.758817],[135.373501,34.757486],[135.373698,34.7556],[135.373704,34.755546]],[[135.373704,34.755546],[135.373709,34.755499],[135.373717,34.755382],[135.373775,34.755044],[135.373876,34.754752],[135.373966,34.754371],[135.373994,34.754253],[135.374027,34.754174],[135.374235,34.753597],[135.374271,34.753444],[135.374365,34.753114],[135.374371,34.753087]],[[135.374371,34.753087],[135.372427,34.752764],[135.37232,34.752844],[135.372156,34.752917],[135.372153,34.752886],[135.37214,34.752756],[135.372399,34.752757],[135.372418,34.752636],[135.37208,34.752628],[135.372091,34.752467],[135.372099,34.752331],[135.372234,34.752334],[135.372238,34.752183],[135.371349,34.752147],[135.371349,34.752011],[135.371005,34.752056],[135.370737,34.752027],[135.370714,34.752025],[135.370085,34.751957],[135.369852,34.751932],[135.369594,34.751908]],[[135.369594,34.751908],[135.36904,34.751855],[135.368453,34.75184],[135.368326,34.751833],[135.367749,34.751792],[135.367519,34.751776],[135.36716,34.751741],[135.367108,34.751728]],[[135.367108,34.751728],[135.367112,34.752068],[135.367102,34.752285],[135.367068,34.75251],[135.36707,34.752661],[135.367086,34.752756],[135.367111,34.752881],[135.367182,34.753051],[135.367259,34.753227],[135.367296,34.753311],[135.367614,34.753916],[135.36791,34.754499],[135.368236,34.755159],[135.36831,34.755208],[135.36852,34.755546],[135.368599,34.755687],[135.368634,34.75578],[135.368658,34.755839]],[[135.37574,34.748625],[135.374329,34.748464]],[[135.374329,34.748464],[135.372688,34.748276],[135.372657,34.748272],[135.372253,34.748226],[135.371988,34.748192],[135.371127,34.748081],[135.370888,34.748047],[135.370382,34.747969],[135.369861,34.747887]],[[135.369861,34.747887],[135.369415,34.747818]],[[135.369415,34.747818],[135.369352,34.748365],[135.369385,34.748421],[135.369735,34.748478],[135.369689,34.748802],[135.369598,34.749441],[135.369671,34.749447],[135.369726,34.749922],[135.369739,34.750034],[135.369725,34.750055],[135.369699,34.750064],[135.369611,34.750063],[135.369526,34.750225],[135.369129,34.750087],[135.369124,34.750373],[135.369113,34.750418],[135.369097,34.750507],[135.369083,34.75058],[135.369166,34.751288],[135.369186,34.75144],[135.369276,34.75159],[135.369324,34.751646],[135.369417,34.751746],[135.369594,34.751908]],[[135.374371,34.753087],[135.374419,34.752895],[135.374485,34.752674],[135.374583,34.752364],[135.374694,34.75205],[135.374868,34.751544],[135.375,34.751081],[135.375057,34.750895],[135.375284,34.750126],[135.37538,34.749798],[135.375432,34.74962],[135.375669,34.748856],[135.37574,34.748625]],[[135.367108,34.751728],[135.367068,34.751719],[135.366586,34.751714],[135.366506,34.75138],[135.366477,34.751345],[135.366436,34.751308],[135.366364,34.751253],[135.366331,34.751197],[135.366265,34.751098],[135.36623,34.751056],[135.366212,34.751035],[135.366113,34.750955],[135.366107,34.750975],[135.365884,34.751022],[135.365828,34.750947],[135.365674,34.750944]],[[135.365674,34.750944],[135.365543,34.751584],[135.365554,34.751612],[135.365699,34.751745],[135.365714,34.751783],[135.365717,34.75182],[135.365693,34.751947],[135.365683,34.752087],[135.365713,34.752125],[135.365675,34.7524]],[[135.365675,34.7524],[135.365948,34.752427],[135.36599,34.752447],[135.366035,34.752491],[135.366194,34.753382],[135.366184,34.754366],[135.366151,34.755116],[135.36607,34.755562],[135.365982,34.756]],[[135.365982,34.756],[135.365974,34.756508],[135.365985,34.756579],[135.366173,34.757113],[135.366262,34.757745]],[[135.366262,34.757745],[135.366754,34.757736],[135.368307,34.757706],[135.368319,34.757672]],[[135.369415,34.747818],[135.369061,34.747764],[135.368632,34.747697],[135.368375,34.747659],[135.368093,34.747615],[135.367711,34.747557],[135.367701,34.747555],[135.367639,34.747545],[135.36693,34.747433]],[[135.36693,34.747433],[135.366928,34.747452]],[[135.366928,34.747452],[135.366842,34.748196],[135.366533,34.748221],[135.365938,34.748268],[135.365321,34.748313]],[[135.365321,34.748313],[135.365391,34.749041],[135.365391,34.749063],[135.365396,34.749247],[135.365391,34.749292],[135.365313,34.749495],[135.365295,34.74958],[135.365243,34.749825],[135.365233,34.74997],[135.365241,34.750134],[135.365254,34.750211],[135.36526,34.750248],[135.365302,34.750319],[135.365353,34.750368],[135.36543,34.750412],[135.365667,34.750494],[135.365678,34.750527],[135.365682,34.750569],[135.365659,34.750611],[135.3656,34.750748],[135.365674,34.750944]],[[135.365675,34.7524],[135.365316,34.752364],[135.365112,34.752361],[135.364854,34.752377],[135.364575,34.75238],[135.363377,34.752394],[135.363326,34.752395],[135.362502,34.752384],[135.362121,34.752379],[135.360975,34.752364]],[[135.360975,34.752364],[135.360984,34.752785],[135.360965,34.753358],[135.360964,34.753382],[135.360936,34.753724],[135.360925,34.753886],[135.360923,34.754393],[135.360867,34.754885],[135.360843,34.755018],[135.360783,34.75535]],[[135.360783,34.75535],[135.361632,34.755346],[135.362068,34.755369],[135.36226,34.755367],[135.363142,34.755398],[135.36321,34.755401],[135.363202,34.755519]],[[135.363202,34.755519],[135.363252,34.755494],[135.363725,34.755571],[135.363768,34.755606],[135.363872,34.755589],[135.363916,34.755591],[135.364906,34.755794],[135.364979,34.75579],[135.36505,34.7558],[135.365091,34.755821],[135.365123,34.755844],[135.365178,34.755836],[135.365536,34.755917],[135.365782,34.755954],[135.365949,34.755995],[135.365982,34.756]],[[135.360776,34.75539],[135.360783,34.75535]],[[135.360975,34.752364],[135.359781,34.752391],[135.359227,34.752403],[135.358581,34.752417]],[[135.358581,34.752417],[135.357349,34.752453]],[[135.357349,34.752453],[135.357407,34.752832],[135.357467,34.753228],[135.357531,34.753635],[135.357594,34.754038],[135.357696,34.754691],[135.357708,34.754767],[135.357822,34.755451]],[[135.357822,34.755451],[135.358302,34.755412],[135.358885,34.755387],[135.358942,34.755385],[135.359353,34.755379],[135.359631,34.755375],[135.359816,34.755383],[135.359916,34.755387],[135.360277,34.755388],[135.360776,34.75539]],[[135.365321,34.748313],[135.364978,34.748335],[135.364952,34.748336],[135.363738,34.748418],[135.363408,34.748421],[135.362721,34.748319],[135.362433,34.748276],[135.362161,34.748216],[135.361431,34.748054]],[[135.361431,34.748054],[135.361388,34.748335],[135.361379,34.748391],[135.36134,34.748823],[135.361338,34.748844],[135.361313,34.749109],[135.361299,34.749197],[135.361262,34.74943],[135.361262,34.749433],[135.361242,34.749429],[135.361208,34.749767],[135.361206,34.749788],[135.361186,34.749993],[135.361173,34.750115],[135.361133,34.750451],[135.361128,34.750515],[135.361042,34.75158],[135.361024,34.751787],[135.360987,34.752219],[135.360975,34.752364]],[[135.361431,34.748054],[135.360077,34.74772],[135.360033,34.747708],[135.359795,34.747733],[135.35955,34.747773],[135.359085,34.747847],[135.359059,34.747858]],[[135.359059,34.747858],[135.358983,34.747906],[135.358947,34.747928],[135.358915,34.748083],[135.358892,34.748232],[135.358837,34.748258],[135.358844,34.748322],[135.35885,34.74838],[135.358847,34.748578],[135.358844,34.748745],[135.358841,34.748848],[135.358839,34.748901],[135.358838,34.748916],[135.358816,34.749011],[135.358832,34.749076],[135.358836,34.749148],[135.358838,34.749385],[135.35881,34.749528],[135.358805,34.749555],[135.358776,34.749837],[135.358744,34.750139],[135.358742,34.75017],[135.358729,34.75046],[135.358726,34.750518],[135.358713,34.750802],[135.35871,34.75086],[135.358699,34.751098],[135.358689,34.751245],[135.358681,34.751381],[135.358678,34.751421],[135.358666,34.751616],[135.358656,34.751768],[135.358655,34.751786],[135.358611,34.752159],[135.358581,34.752417]],[[135.366928,34.747452],[135.366015,34.74732],[135.36569,34.747274],[135.365241,34.747195],[135.365172,34.747183],[135.364704,34.74711],[135.363612,34.746949]],[[135.363612,34.746949],[135.362655,34.746801],[135.362183,34.746733],[135.362117,34.746723],[135.361491,34.746628]],[[135.361491,34.746628],[135.361097,34.746562],[135.360397,34.746417],[135.36011,34.746356],[135.359848,34.74631],[135.359513,34.746258],[135.358999,34.746185],[135.358202,34.746026]],[[135.358202,34.746026],[135.358302,34.74625],[135.358374,34.746262],[135.358419,34.746396],[135.35851,34.746663],[135.358759,34.747349],[135.358844,34.747582],[135.358904,34.747718],[135.359059,34.747858]],[[135.356807,34.745836],[135.356774,34.746661],[135.356679,34.747549],[135.356679,34.747551],[135.35668,34.748021],[135.356686,34.748063],[135.356737,34.748422],[135.356794,34.748821],[135.356814,34.748988],[135.356839,34.749182],[135.356902,34.749555]],[[135.356902,34.749555],[135.356954,34.749871],[135.356984,34.750033],[135.356991,34.750078],[135.357047,34.750439],[135.357064,34.750548],[135.357097,34.750768],[135.357106,34.750818],[135.35717,34.751208],[135.357194,34.751374],[135.357225,34.751592],[135.357292,34.752053]],[[135.357292,34.752053],[135.357346,34.752432],[135.357349,34.752453]],[[135.358202,34.746026],[135.357928,34.745981],[135.357673,34.745938],[135.357434,34.745913],[135.35706,34.745831],[135.356873,34.745798],[135.356807,34.745836]],[[135.356807,34.745836],[135.355503,34.745769]],[[135.355503,34.745769],[135.355505,34.745977],[135.355497,34.74639],[135.355491,34.746665],[135.355448,34.747064],[135.355439,34.747237],[135.35541,34.747322],[135.355381,34.747427],[135.355378,34.747641]],[[135.355378,34.747641],[135.355347,34.748038],[135.355344,34.748089],[135.355322,34.748441],[135.355295,34.748858],[135.355273,34.74921],[135.355248,34.749591]],[[135.355248,34.749591],[135.356162,34.749565],[135.356902,34.749555]],[[135.355248,34.749591],[135.355225,34.74995],[135.355194,34.750364],[135.355178,34.750575],[135.355166,34.75074],[135.355156,34.750888],[135.355142,34.751123],[135.355119,34.751505],[135.355091,34.751959]],[[135.355091,34.751959],[135.356039,34.751999],[135.357292,34.752053]],[[135.355091,34.751959],[135.355088,34.752],[135.355064,34.752413],[135.35504,34.752832],[135.355016,34.753241],[135.355006,34.75341],[135.355027,34.753615]],[[135.355027,34.753615],[135.35512,34.753683],[135.355995,34.754317],[135.356156,34.754435],[135.356642,34.754787],[135.357093,34.755129],[135.357333,34.755311],[135.357567,34.755489],[135.357892,34.755735]],[[135.357892,34.755735],[135.357822,34.755451]],[[135.355248,34.749591],[135.35467,34.749603],[135.354062,34.74959],[135.352869,34.749611],[135.352855,34.749828]],[[135.352312,34.75433],[135.353055,34.754825],[135.353293,34.754986],[135.353567,34.755117],[135.353671,34.755167],[135.353884,34.755277],[135.354381,34.755533],[135.354753,34.755726]],[[135.354753,34.755726],[135.354778,34.755739],[135.354813,34.75547],[135.355236,34.755401],[135.355334,34.755276],[135.355341,34.755267],[135.355278,34.754932],[135.355202,34.754534],[135.355175,34.754392],[135.355085,34.753921],[135.355027,34.753615]],[[135.355378,34.747641],[135.355297,34.747692],[135.354422,34.747653],[135.354409,34.747653],[135.353965,34.747633],[135.35299,34.74759],[135.352666,34.747577],[135.351739,34.74754]],[[135.355503,34.745769],[135.355503,34.745707],[135.355126,34.745637],[135.354889,34.745582]],[[135.354889,34.745582],[135.354471,34.745519],[135.354185,34.745473],[135.353977,34.745443],[135.353827,34.745421],[135.353664,34.745395],[135.353513,34.745373],[135.353367,34.74535],[135.353225,34.745329],[135.353135,34.745316],[135.352586,34.74523],[135.352266,34.745183],[135.351875,34.745124]],[[135.354889,34.745582],[135.354887,34.745477],[135.354927,34.744278],[135.354928,34.744253],[135.354945,34.743696],[135.354956,34.7433],[135.354973,34.74273],[135.35498,34.742486]],[[135.362209,34.742621],[135.362048,34.742625],[135.361097,34.742606],[135.359771,34.742547]],[[135.359771,34.742547],[135.35878,34.742512],[135.358391,34.742499],[135.358181,34.742493],[135.35805,34.742489],[135.357815,34.742483],[135.357531,34.742473],[135.357315,34.742468],[135.357193,34.742526],[135.356804,34.742523],[135.356775,34.742523],[135.355881,34.742513],[135.355695,34.742511]],[[135.361491,34.746628],[135.361509,34.746254],[135.361528,34.745906],[135.361548,34.745516],[135.36157,34.745106],[135.36157,34.745094],[135.36158,34.744794],[135.361584,34.74467],[135.361583,34.744648],[135.361606,34.744264],[135.361633,34.743865],[135.36167,34.743317],[135.36168,34.743171],[135.361935,34.742944],[135.362078,34.74279],[135.362209,34.742621]],[[135.359771,34.742547],[135.359791,34.742233],[135.359812,34.741901],[135.359835,34.741556],[135.359854,34.74125],[135.359862,34.741131],[135.359769,34.740899],[135.359726,34.740792],[135.35984,34.74052],[135.359948,34.740293],[135.360016,34.740108],[135.360085,34.739912],[135.360136,34.739545],[135.360135,34.739456],[135.360093,34.739376],[135.360011,34.739284],[135.359912,34.73921],[135.359784,34.739175],[135.359584,34.739163],[135.359557,34.738846]],[[135.362209,34.742621],[135.362794,34.742609],[135.363933,34.742584]],[[135.363933,34.742584],[135.363996,34.742296],[135.364055,34.742016],[135.364152,34.741562],[135.36417,34.741503],[135.3642,34.741405],[135.364226,34.741127],[135.364232,34.741063],[135.364261,34.740976],[135.364357,34.74074],[135.36436,34.74071],[135.364371,34.740623],[135.364406,34.740272],[135.364415,34.740186],[135.364432,34.739883],[135.364417,34.738876]],[[135.363612,34.746949],[135.36364,34.746583],[135.363669,34.746243],[135.36369,34.74591],[135.363713,34.745554],[135.363739,34.745132],[135.363764,34.744719],[135.363802,34.744683],[135.363835,34.744636],[135.363851,34.744585],[135.36385,34.744535],[135.363849,34.744317],[135.363847,34.744121],[135.363858,34.743907],[135.363878,34.743503],[135.363937,34.743269],[135.363935,34.743062],[135.363933,34.742584]],[[135.367165,34.742525],[135.366595,34.742535],[135.366042,34.742545],[135.365496,34.742555],[135.365012,34.742564],[135.363933,34.742584]],[[135.36693,34.747433],[135.366944,34.747144],[135.36696,34.746832],[135.366983,34.746451],[135.367006,34.746072],[135.367023,34.745682],[135.367046,34.745133],[135.367062,34.74497],[135.36706,34.744811],[135.36706,34.744798],[135.367057,34.744572],[135.367054,34.744268],[135.367061,34.744092],[135.367072,34.743806],[135.367072,34.743798],[135.367066,34.743558],[135.367065,34.743526],[135.367056,34.743165],[135.367055,34.743124],[135.367057,34.742926],[135.367072,34.742788],[135.367127,34.742597],[135.367165,34.742525]],[[135.367165,34.742525],[135.367328,34.741774],[135.367522,34.741406],[135.367571,34.741094],[135.367635,34.740738],[135.367713,34.740302],[135.367788,34.739904],[135.367808,34.73953],[135.367764,34.739147],[135.367712,34.738943]],[[135.367712,34.738943],[135.366857,34.738926],[135.36629,34.738914],[135.365738,34.738903],[135.364417,34.738876]],[[135.370623,34.742455],[135.369601,34.742471],[135.369115,34.742479],[135.368576,34.742491],[135.368243,34.742499],[135.36776,34.742511],[135.367165,34.742525]],[[135.369861,34.747887],[135.369898,34.747629],[135.369938,34.747353],[135.369939,34.747346],[135.369993,34.746973],[135.370047,34.746601],[135.370095,34.746225],[135.370145,34.745829]],[[135.370145,34.745829],[135.370202,34.745383],[135.370232,34.745147],[135.370258,34.744969],[135.370316,34.744563],[135.370375,34.744155],[135.370414,34.743888],[135.370451,34.743633],[135.37054,34.743022],[135.370623,34.742455]],[[135.371032,34.738906],[135.369999,34.738916],[135.369957,34.738917],[135.368991,34.738928]],[[135.368991,34.738928],[135.368609,34.738933],[135.368078,34.738939],[135.367712,34.738943]],[[135.370623,34.742455],[135.370689,34.741923],[135.370702,34.741819],[135.370748,34.741444],[135.370815,34.740901],[135.370883,34.740356],[135.370933,34.739923],[135.370974,34.739505],[135.371032,34.738906]],[[135.374329,34.748464],[135.374378,34.748041],[135.374418,34.747688],[135.374414,34.747575],[135.374403,34.7475],[135.374356,34.747391],[135.374274,34.747284],[135.374132,34.747168],[135.373986,34.747032],[135.373744,34.746776],[135.373645,34.746628],[135.373585,34.74651],[135.373543,34.746394],[135.37347,34.74598],[135.372865,34.745955]],[[135.372865,34.745955],[135.372073,34.745923],[135.371276,34.74588],[135.370145,34.745829]],[[135.373427,34.74241],[135.373364,34.74286],[135.373315,34.743203],[135.373231,34.743788],[135.3732,34.743982],[135.373166,34.744198],[135.37314,34.744357],[135.373109,34.744553],[135.373072,34.744804],[135.373039,34.745026],[135.372865,34.745955]],[[135.37574,34.748625],[135.375806,34.748414],[135.375983,34.747829],[135.376014,34.747732],[135.376031,34.747675],[135.376091,34.747467],[135.376243,34.746965],[135.376277,34.746855],[135.376321,34.74672],[135.376353,34.746608],[135.376382,34.746504],[135.376427,34.746376],[135.376487,34.746177],[135.376531,34.746017],[135.376576,34.745884],[135.376608,34.745788],[135.3767,34.745471],[135.376824,34.74512],[135.376946,34.744837],[135.377007,34.744708],[135.377035,34.744649],[135.377061,34.744593],[135.377088,34.744528],[135.377114,34.744475],[135.377151,34.744417],[135.377364,34.744045],[135.377412,34.74396],[135.37749,34.74383],[135.377516,34.743789],[135.377619,34.743628],[135.377701,34.743485],[135.377896,34.743152],[135.377992,34.74299]],[[135.377992,34.74299],[135.375952,34.742573],[135.375903,34.742564],[135.375195,34.742514],[135.375164,34.742512],[135.374848,34.742494],[135.374571,34.742475],[135.374358,34.742461],[135.374292,34.742458],[135.373427,34.74241]],[[135.373427,34.74241],[135.372702,34.742422],[135.372695,34.742422],[135.372074,34.742432],[135.370623,34.742455]],[[135.373427,34.74241],[135.373477,34.742074],[135.373482,34.742038],[135.373538,34.74166],[135.373606,34.741129],[135.373702,34.740582],[135.374182,34.740168],[135.374223,34.740133],[135.374549,34.739852],[135.374833,34.739608],[135.37512,34.73936],[135.375118,34.7389]],[[135.375118,34.7389],[135.374964,34.738898]],[[135.374964,34.738898],[135.373525,34.738886],[135.373186,34.738884],[135.372438,34.738891],[135.372139,34.738894],[135.371032,34.738906]],[[135.377992,34.74299],[135.378144,34.742753],[135.378308,34.742521],[135.378452,34.742292],[135.378477,34.742255],[135.378567,34.742117],[135.378619,34.742025],[135.378683,34.741924],[135.379033,34.741344],[135.379069,34.741286],[135.379266,34.74091],[135.37942,34.740633],[135.379602,34.740304],[135.379756,34.739964],[135.379871,34.739716],[135.379989,34.739455],[135.380077,34.739236],[135.380133,34.73906],[135.380161,34.738954]],[[135.380161,34.738954],[135.379804,34.73895],[135.379749,34.73895],[135.379577,34.738949],[135.379054,34.738946],[135.377894,34.738939],[135.377762,34.738937],[135.376976,34.738926]],[[135.376976,34.738926],[135.376921,34.738925],[135.376485,34.738919],[135.375971,34.738912],[135.375319,34.738903],[135.375118,34.7389]],[[135.380697,34.735624],[135.378784,34.735705],[135.37847,34.735222],[135.378335,34.735017],[135.378192,34.73492],[135.377679,34.734762],[135.376749,34.734477]],[[135.376749,34.734477],[135.376839,34.735094],[135.376915,34.735629],[135.376895,34.735813],[135.376964,34.735914],[135.376992,34.735987],[135.377012,34.736116],[135.377015,34.736586],[135.377002,34.737067],[135.376991,34.73752],[135.376986,34.73802],[135.376981,34.738453],[135.376976,34.738926]],[[135.380161,34.738954],[135.380297,34.738439],[135.380307,34.738401],[135.380354,34.738227],[135.380456,34.737812],[135.380458,34.7378],[135.380529,34.737468],[135.380587,34.737116],[135.380611,34.736862],[135.380626,34.73665],[135.380627,34.736633],[135.380639,34.736494],[135.380655,34.736328],[135.38067,34.736128],[135.380684,34.73597],[135.380697,34.735773],[135.380697,34.735624]],[[135.373716,34.733216],[135.372879,34.733411],[135.372865,34.733414],[135.37285,34.733418]],[[135.37285,34.733418],[135.373006,34.733964],[135.373014,34.73399],[135.37331,34.734975],[135.373487,34.735351],[135.373565,34.735516],[135.373689,34.73578],[135.373887,34.736197],[135.374086,34.736619],[135.374308,34.737084],[135.374526,34.737546],[135.374774,34.738051],[135.374962,34.738434],[135.374962,34.738459],[135.374964,34.738898]],[[135.376749,34.734477],[135.375447,34.734067],[135.374834,34.733772],[135.374254,34.733416],[135.37387,34.73318]],[[135.37285,34.733418],[135.372381,34.733527],[135.371621,34.733704]],[[135.371621,34.733704],[135.371554,34.734302],[135.371516,34.734645],[135.371476,34.734999],[135.371434,34.735375],[135.371388,34.7358],[135.371342,34.736217],[135.371295,34.736644],[135.371242,34.737115],[135.37119,34.737576],[135.371132,34.738089],[135.371108,34.738295],[135.371085,34.738499],[135.371032,34.738906]],[[135.371621,34.733704],[135.370748,34.733863],[135.370108,34.733979],[135.369311,34.734123],[135.368716,34.734231]],[[135.368716,34.734231],[135.368757,34.73438],[135.368846,34.734709],[135.36888,34.734834],[135.368962,34.735137],[135.369034,34.735403],[135.369063,34.735826],[135.369061,34.736237],[135.36906,34.736658],[135.369037,34.737136],[135.369031,34.73737],[135.369025,34.737591],[135.369011,34.738096],[135.369001,34.738521],[135.368991,34.738928]],[[135.368716,34.734231],[135.36864,34.734245]],[[135.36864,34.734245],[135.367418,34.734474],[135.367295,34.734497],[135.367164,34.734521],[135.367161,34.734522]],[[135.367161,34.734522],[135.366562,34.734629]],[[135.366562,34.734629],[135.366531,34.735216],[135.366505,34.735423],[135.366484,34.73564],[135.366487,34.735735],[135.366555,34.735998],[135.366562,34.736029],[135.366571,34.736077],[135.366696,34.73659],[135.366775,34.736788],[135.366794,34.736844],[135.366899,34.7371],[135.367097,34.737583],[135.367159,34.737642],[135.36729,34.737868],[135.36752,34.738335],[135.367582,34.738456],[135.367642,34.738636],[135.367669,34.738817],[135.367712,34.738943]],[[135.366562,34.734629],[135.365829,34.734761]],[[135.365829,34.734761],[135.365219,34.73487],[135.365135,34.734886],[135.364733,34.734958],[135.364694,34.734965],[135.364689,34.734966],[135.364159,34.735056],[135.363601,34.73515]],[[135.367812,34.730693],[135.368302,34.730981],[135.368325,34.730997],[135.36828,34.731415],[135.368232,34.731837],[135.368417,34.731843],[135.368478,34.731845],[135.368508,34.732315],[135.368522,34.732785],[135.368537,34.73326],[135.368553,34.733743],[135.368565,34.734007],[135.368584,34.734107],[135.36864,34.734245]],[[135.366091,34.729876],[135.365819,34.73038],[135.365745,34.73055],[135.365724,34.730686],[135.365741,34.730838],[135.365855,34.731165],[135.366023,34.731567],[135.36619,34.731962],[135.366371,34.732352],[135.366464,34.732597],[135.366557,34.732841],[135.366585,34.732915],[135.366704,34.733226],[135.366823,34.733537],[135.366863,34.733644],[135.366999,34.734044],[135.367161,34.734522]],[[135.364309,34.731553],[135.364629,34.732151],[135.364939,34.73273],[135.365513,34.733803],[135.36568,34.734304],[135.365829,34.734761]],[[135.360934,34.732396],[135.361081,34.732736],[135.361205,34.733023],[135.361477,34.73362],[135.361695,34.734125],[135.361925,34.734664],[135.362082,34.735021],[135.362258,34.735405]],[[135.380697,34.735624],[135.380696,34.735567],[135.380691,34.735468],[135.380673,34.735286],[135.380619,34.735035],[135.38058,34.734804],[135.380523,34.734566],[135.380413,34.734158],[135.380264,34.73362],[135.380183,34.733362],[135.380078,34.733081],[135.379748,34.73221],[135.379647,34.731892],[135.37964,34.731859]],[[135.341996,34.774276],[135.34181,34.774094],[135.341899,34.774024],[135.341991,34.773894],[135.3422,34.773655],[135.342259,34.773572],[135.342317,34.773448],[135.342379,34.773346],[135.342441,34.773243],[135.342576,34.773064],[135.342726,34.772854],[135.342876,34.772716],[135.343001,34.772627],[135.3432,34.772502],[135.343272,34.772455],[135.343368,34.772358],[135.343162,34.772173],[135.343006,34.772173],[135.341735,34.772172],[135.339797,34.771217],[135.340268,34.769929],[135.339861,34.768853]],[[135.322254,34.779732],[135.322335,34.779762],[135.322462,34.779839],[135.322578,34.779859],[135.322751,34.77988],[135.323009,34.779968],[135.323152,34.780045],[135.323279,34.780174],[135.323412,34.780307],[135.323524,34.780466],[135.323592,34.780504],[135.323808,34.780524],[135.323875,34.780498],[135.323933,34.780454],[135.324069,34.780172],[135.324188,34.780016],[135.32425,34.77996],[135.32442,34.779896],[135.324531,34.779843],[135.324619,34.779735],[135.324627,34.77965],[135.324617,34.779532],[135.324643,34.779469],[135.32491,34.779278],[135.324972,34.779255],[135.325053,34.779229],[135.325092,34.779195],[135.325202,34.778958],[135.325255,34.778909],[135.325331,34.778898],[135.325416,34.778912],[135.325663,34.77895],[135.325766,34.778938],[135.325859,34.778886],[135.326078,34.778653],[135.32622,34.778493],[135.326432,34.778247],[135.326672,34.778068],[135.326872,34.777944],[135.3271,34.77788],[135.327269,34.777849],[135.327565,34.77785],[135.327633,34.777864],[135.327736,34.777933],[135.327859,34.77804],[135.327986,34.778235],[135.328095,34.778304],[135.328265,34.778336],[135.328465,34.778329],[135.328603,34.778291],[135.328701,34.778245],[135.328946,34.778073],[135.32907,34.778024],[135.3292,34.778001],[135.329285,34.778019],[135.329167,34.778231],[135.329137,34.778364],[135.329142,34.778423],[135.329201,34.778467],[135.329278,34.778492],[135.329679,34.778546],[135.330002,34.778566],[135.330123,34.778587],[135.33056,34.778716],[135.330739,34.778741],[135.330847,34.778732],[135.331043,34.778697],[135.331729,34.77852],[135.331903,34.778496],[135.332056,34.778499],[135.332168,34.778524],[135.332276,34.778578],[135.332524,34.778728],[135.332659,34.778756],[135.332757,34.77873],[135.332828,34.778677],[135.332868,34.778603],[135.332902,34.778477],[135.332955,34.778421],[135.333062,34.778383],[135.333174,34.77836],[135.333281,34.778308],[135.333598,34.778422],[135.333687,34.778442],[135.333764,34.778461],[135.333993,34.778459],[135.334149,34.778424],[135.334602,34.778271],[135.334906,34.778172],[135.335079,34.778071],[135.335342,34.777932],[135.335476,34.777883],[135.335588,34.777878],[135.335911,34.777953],[135.336113,34.778],[135.336274,34.77798],[135.336489,34.7779],[135.33664,34.777803],[135.336746,34.777695],[135.336875,34.777422],[135.336926,34.777248],[135.336948,34.777141],[135.337009,34.777055],[135.337205,34.776939],[135.337348,34.776886],[135.337446,34.776848],[135.337543,34.776759],[135.337659,34.776724],[135.337803,34.776712],[135.337964,34.77674],[135.338068,34.776777],[135.338135,34.77682],[135.338281,34.776978],[135.338362,34.777033],[135.338465,34.777047],[135.338731,34.777013],[135.339312,34.77689],[135.339735,34.777012],[135.339937,34.777022],[135.340062,34.776999],[135.340111,34.77695],[135.340128,34.776876],[135.340117,34.776728],[135.340142,34.776621],[135.340208,34.776506],[135.340306,34.776442],[135.340391,34.776401],[135.340417,34.77636],[135.340411,34.77626],[135.340344,34.776037],[135.340355,34.77587],[135.340412,34.775752],[135.340505,34.775636],[135.340531,34.77557],[135.34058,34.775408],[135.340655,34.775319],[135.340744,34.775274],[135.340865,34.775247],[135.340968,34.775246],[135.341085,34.775249],[135.34116,34.775219],[135.3412,34.775152],[135.341234,34.775022],[135.341235,34.7747],[135.341265,34.774623],[135.341327,34.774592],[135.341542,34.774561],[135.341649,34.774501],[135.341996,34.774276]],[[135.368741,34.775652],[135.368481,34.775001]],[[135.368481,34.775001],[135.367765,34.775173],[135.367559,34.775231],[135.367508,34.775245],[135.367406,34.774976],[135.367415,34.774906],[135.36727,34.774941],[135.367271,34.774963],[135.366955,34.775091],[135.366737,34.775154],[135.366734,34.775176],[135.366714,34.775187],[135.366677,34.775188],[135.366639,34.775157],[135.366398,34.775232]],[[135.366398,34.775232],[135.366429,34.775332],[135.366283,34.775376],[135.366022,34.775435],[135.365956,34.775199],[135.365845,34.775222],[135.365687,34.775274],[135.365569,34.775294],[135.365357,34.775282],[135.364674,34.775419],[135.36457,34.77545],[135.364405,34.775499],[135.364237,34.77552],[135.364138,34.775516],[135.363576,34.775398],[135.363428,34.775367],[135.363351,34.77515],[135.363031,34.775156],[135.362985,34.775064]],[[135.362985,34.775064],[135.362956,34.7751]],[[135.362956,34.7751],[135.362856,34.775224],[135.362438,34.775836]],[[135.362438,34.775836],[135.363122,34.776084],[135.363451,34.776204],[135.36377,34.7763],[135.363893,34.776337],[135.364127,34.776386],[135.364409,34.776414],[135.364883,34.776401],[135.365034,34.776397],[135.365875,34.776355],[135.366313,34.776306],[135.366546,34.776264],[135.36656,34.776262],[135.366943,34.776165],[135.367285,34.776066],[135.367855,34.775904],[135.36792,34.775886],[135.367927,34.775884],[135.368741,34.775652]],[[135.357985,34.772725],[135.357942,34.772796],[135.357777,34.773108],[135.35773,34.773198],[135.357655,34.773445],[135.357513,34.773689],[135.357433,34.773821],[135.357181,34.774237]],[[135.357181,34.774237],[135.357366,34.774321],[135.357585,34.774421],[135.357893,34.774529],[135.358205,34.774607],[135.358465,34.774672],[135.358641,34.774716],[135.359606,34.77493],[135.359864,34.774988],[135.360108,34.775043],[135.36032,34.775098],[135.360544,34.775157],[135.361013,34.775312],[135.361142,34.775358],[135.3616,34.775521],[135.361662,34.775545],[135.361844,34.775614],[135.362193,34.775747],[135.362306,34.775788],[135.362438,34.775836]],[[135.362956,34.7751],[135.362489,34.774839],[135.362492,34.774795],[135.362054,34.774554],[135.361995,34.774406],[135.361168,34.774131],[135.360641,34.773904],[135.360528,34.773856],[135.360433,34.773816],[135.360343,34.773933],[135.360194,34.773902],[135.359869,34.773836],[135.358982,34.773634],[135.359024,34.773547],[135.359104,34.773385],[135.359374,34.772923],[135.359227,34.772909],[135.359104,34.772904],[135.358882,34.772886],[135.358687,34.772882],[135.358365,34.772826],[135.357985,34.772725]],[[135.358762,34.771553],[135.358505,34.771534],[135.35848,34.771506],[135.357791,34.771339],[135.356999,34.771152],[135.356686,34.771078],[135.356587,34.771054],[135.356552,34.771046],[135.355958,34.770903]],[[135.355958,34.770903],[135.355885,34.771274],[135.355804,34.771634],[135.355723,34.771994],[135.355714,34.772034],[135.354443,34.771529],[135.353806,34.771298],[135.353647,34.771634],[135.353462,34.772051]],[[135.353462,34.772051],[135.354001,34.772232],[135.354325,34.772373],[135.354331,34.772376],[135.354627,34.772527],[135.354866,34.772693],[135.355111,34.772877],[135.355489,34.773121],[135.355626,34.77321],[135.356178,34.773584],[135.356456,34.773767],[135.356861,34.774035],[135.357067,34.774172],[135.357156,34.774223],[135.357181,34.774237]],[[135.357985,34.772725],[135.358077,34.772564],[135.358271,34.772231],[135.358491,34.771955],[135.358535,34.771901],[135.358654,34.771751],[135.358762,34.771553]],[[135.355958,34.770903],[135.355574,34.770798],[135.354961,34.770629],[135.354698,34.770556],[135.354611,34.770545],[135.353924,34.770583],[135.353008,34.770566],[135.352403,34.770535],[135.352287,34.770526],[135.352202,34.770511]],[[135.352202,34.770511],[135.351966,34.770594],[135.35179,34.770485],[135.351688,34.770397],[135.351547,34.77042],[135.351442,34.770421],[135.351105,34.770388],[135.351094,34.770249],[135.35011,34.770325]],[[135.35011,34.770325],[135.350124,34.770359]],[[135.350124,34.770359],[135.350364,34.770809],[135.350514,34.771746]],[[135.350514,34.771746],[135.350942,34.771727],[135.351171,34.771734],[135.351564,34.771745],[135.351598,34.771746],[135.351891,34.771758],[135.352622,34.771861],[135.352735,34.771877],[135.353015,34.771919],[135.353156,34.771953],[135.353462,34.772051]],[[135.350514,34.771746],[135.350269,34.771768],[135.350035,34.771818],[135.349768,34.771876]],[[135.349768,34.771876],[135.3499,34.77233],[135.34994,34.772599],[135.349714,34.772662],[135.349369,34.772615],[135.349392,34.772703],[135.349379,34.772705],[135.349058,34.77277],[135.349035,34.772698],[135.348835,34.772747],[135.348738,34.772796],[135.348705,34.772846],[135.348679,34.772962],[135.348656,34.773048],[135.348587,34.773136],[135.348497,34.773225],[135.348343,34.773349],[135.348307,34.773395],[135.348123,34.773636],[135.34806,34.773682],[135.348005,34.773707],[135.347896,34.773748],[135.347806,34.773837],[135.347719,34.773963],[135.347663,34.774115],[135.347641,34.774274]],[[135.347641,34.774274],[135.347903,34.774202],[135.348049,34.774163],[135.34815,34.774217],[135.348265,34.774098],[135.348344,34.774067],[135.348296,34.77398],[135.348443,34.773929],[135.348549,34.773986],[135.348623,34.773957],[135.34882,34.773777],[135.348964,34.773644],[135.349048,34.773702],[135.349171,34.773602],[135.349166,34.773511],[135.349389,34.77351],[135.349391,34.773452],[135.34943,34.77345],[135.34954,34.773393],[135.350724,34.773386],[135.351633,34.77338],[135.351635,34.773295],[135.351915,34.773292],[135.351921,34.773112],[135.352417,34.773111],[135.352926,34.773064],[135.352998,34.773058],[135.353212,34.772593],[135.353214,34.772588],[135.353462,34.772051]],[[135.349768,34.771876],[135.349486,34.771951],[135.349374,34.771979],[135.349104,34.772069],[135.348945,34.772137],[135.348772,34.772224],[135.348385,34.772418]],[[135.348385,34.772418],[135.348204,34.772513],[135.347842,34.772685],[135.34717,34.77301],[135.346692,34.773123],[135.346488,34.77316],[135.346125,34.773202],[135.345923,34.773235],[135.345604,34.773305],[135.34552,34.77332],[135.345446,34.773335],[135.345317,34.773355],[135.345074,34.773404],[135.344889,34.773436],[135.344676,34.773473],[135.344391,34.773518],[135.343958,34.773529],[135.343812,34.773536],[135.343662,34.773529],[135.343455,34.773509],[135.343267,34.773528],[135.343061,34.773571],[135.342875,34.77363],[135.34272,34.773697],[135.342334,34.774036],[135.342181,34.774145],[135.341996,34.774276]],[[135.313264,34.788761],[135.31344,34.788691],[135.313676,34.788584],[135.314044,34.788446],[135.314376,34.788348],[135.314787,34.78827],[135.315012,34.788268],[135.315224,34.788306],[135.315437,34.788364],[135.315631,34.788368],[135.316121,34.788294],[135.316599,34.78822],[135.317031,34.788109],[135.317315,34.788037],[135.317599,34.787934],[135.317859,34.787847],[135.318167,34.78777],[135.319118,34.787702],[135.319294,34.787701],[135.319403,34.78772],[135.319668,34.78783],[135.320004,34.787897],[135.320278,34.787908],[135.320568,34.787883],[135.320769,34.78782],[135.320824,34.787802],[135.321168,34.787643],[135.321357,34.787503],[135.321444,34.787378],[135.321924,34.785704],[135.322411,34.785541],[135.322622,34.785451],[135.322794,34.785358],[135.32296,34.785228],[135.323247,34.78493],[135.323379,34.784768],[135.323489,34.784574],[135.323602,34.784279],[135.32364,34.78418],[135.323709,34.78397],[135.323808,34.783701],[135.323864,34.783579],[135.324177,34.783086],[135.324269,34.78296],[135.324458,34.782738],[135.324581,34.782568],[135.324641,34.782439],[135.324754,34.782181],[135.325067,34.781728],[135.325155,34.781617],[135.325301,34.781498],[135.326294,34.780725],[135.326374,34.780695],[135.326445,34.780698],[135.326534,34.780723],[135.326825,34.780828],[135.326929,34.781104],[135.326977,34.781398],[135.327104,34.781573],[135.327243,34.781701],[135.327369,34.781766],[135.327606,34.781808],[135.327677,34.781826],[135.327852,34.781924],[135.32809,34.782095],[135.328262,34.78234],[135.328409,34.782346],[135.328654,34.782311],[135.328908,34.782294],[135.329082,34.782303],[135.329231,34.782297],[135.329489,34.782258],[135.3296,34.782257],[135.329681,34.7823],[135.330243,34.782391],[135.33074,34.782567],[135.33093,34.782656],[135.331087,34.782717],[135.331487,34.782626],[135.33202,34.782522],[135.33223,34.782513],[135.33252,34.782555],[135.332746,34.782464],[135.333132,34.782358],[135.333238,34.782065],[135.333286,34.782002],[135.333374,34.781954],[135.333618,34.781871],[135.333694,34.781834],[135.333954,34.781618],[135.334055,34.781515],[135.334153,34.78147],[135.334393,34.781405],[135.334615,34.781367],[135.334851,34.781376],[135.335008,34.781419],[135.335088,34.78148],[135.335214,34.781731],[135.335277,34.781808],[135.335371,34.781855],[135.335447,34.781854],[135.335661,34.781827],[135.335768,34.781833],[135.336147,34.781885],[135.336258,34.781888],[135.336432,34.781853],[135.336529,34.781816],[135.336711,34.78173],[135.3368,34.781711],[135.336942,34.781706],[135.337254,34.781718],[135.33744,34.781665],[135.337501,34.781648],[135.337754,34.781561],[135.337988,34.781438],[135.33834,34.781238],[135.33861,34.781111],[135.339049,34.780909],[135.339925,34.780621],[135.340671,34.780368],[135.340897,34.780319],[135.341111,34.780287],[135.341213,34.780257],[135.341283,34.78019],[135.341551,34.779843],[135.341643,34.779743],[135.341886,34.779564],[135.341934,34.779505],[135.341931,34.779426],[135.341895,34.779319],[135.341862,34.779221],[135.341861,34.779125],[135.341901,34.779007],[135.341895,34.779004],[135.341918,34.778194],[135.341899,34.778065],[135.341899,34.778063],[135.341892,34.777897],[135.341817,34.777822],[135.341657,34.777737],[135.34164,34.777695],[135.341608,34.777589],[135.341595,34.777474],[135.341637,34.77733],[135.341655,34.777267],[135.341778,34.777209],[135.3418,34.777018],[135.341805,34.776921],[135.341805,34.776918],[135.341858,34.776808],[135.341941,34.776677],[135.341973,34.776626],[135.341978,34.776618],[135.3421,34.776424],[135.342154,34.776336],[135.342211,34.776249],[135.3423,34.776112],[135.34235,34.776042],[135.342409,34.775949],[135.342414,34.775948],[135.342629,34.775572],[135.342718,34.77547],[135.342776,34.775418],[135.342785,34.775447],[135.343352,34.775291],[135.343418,34.775273],[135.343619,34.775264],[135.34384,34.775254],[135.343942,34.775144],[135.343968,34.775126],[135.34411,34.775086],[135.344262,34.774803],[135.344286,34.774794],[135.344653,34.77466],[135.34481,34.77493],[135.344911,34.774808],[135.344987,34.774753],[135.345119,34.774703],[135.345362,34.774612],[135.345617,34.774517],[135.345704,34.774508],[135.346075,34.774353],[135.346411,34.77422],[135.346553,34.774362],[135.346895,34.774342],[135.34732,34.774318],[135.347519,34.774307],[135.347641,34.774274]],[[135.348385,34.772418],[135.347987,34.771634],[135.347763,34.771211]],[[135.347763,34.771211],[135.346411,34.771386],[135.346304,34.771057],[135.345773,34.77096],[135.345737,34.770846],[135.345774,34.770837],[135.345742,34.770736],[135.345688,34.770646],[135.345617,34.77055],[135.345551,34.770481],[135.345494,34.770429],[135.345306,34.770315],[135.344863,34.770008],[135.344814,34.769977],[135.344615,34.76985],[135.344491,34.769677],[135.344426,34.769568],[135.344378,34.769475],[135.344338,34.76932],[135.344317,34.769199],[135.344306,34.769125],[135.344268,34.769073],[135.344101,34.768914]],[[135.344101,34.768914],[135.344002,34.76882],[135.343735,34.768413],[135.343716,34.768422]],[[135.343716,34.768422],[135.343486,34.768525],[135.343262,34.768539],[135.342772,34.76857],[135.342407,34.768659],[135.342012,34.768753],[135.341743,34.768804],[135.340577,34.768969],[135.34041,34.768927],[135.34027,34.768906],[135.339861,34.768853]],[[135.350124,34.770359],[135.349716,34.770422],[135.349293,34.770488],[135.348995,34.770534],[135.348912,34.77056],[135.348809,34.770585],[135.34873,34.77063],[135.34858,34.770718],[135.348484,34.770754],[135.348384,34.770774],[135.347855,34.77085],[135.34788,34.770987],[135.347763,34.771211]],[[135.347359,34.765158],[135.347119,34.765261],[135.34686,34.765374],[135.346352,34.765588],[135.345799,34.765836],[135.344859,34.766283],[135.343857,34.766748],[135.343329,34.767032]],[[135.343329,34.767032],[135.343464,34.767162],[135.343543,34.767228],[135.343641,34.767325],[135.343743,34.767444],[135.343764,34.767468],[135.343907,34.767679],[135.343983,34.767843],[135.344025,34.767973],[135.34407,34.768064],[135.344153,34.768289],[135.344154,34.768397],[135.344124,34.768554],[135.344112,34.768665],[135.344108,34.768849],[135.344101,34.768914]],[[135.35011,34.770325],[135.350008,34.770125],[135.350022,34.769976],[135.349856,34.769619],[135.34968,34.769242],[135.349536,34.768933],[135.349368,34.768571],[135.349227,34.76827],[135.348993,34.767767],[135.348958,34.767745]],[[135.348958,34.767745],[135.34886,34.767687]],[[135.34886,34.767687],[135.347963,34.766161],[135.347943,34.766128],[135.347359,34.765158]],[[135.350775,34.76365],[135.35013,34.763948],[135.350005,34.764006],[135.348976,34.764483]],[[135.348976,34.764483],[135.348097,34.764845],[135.347394,34.765144],[135.347359,34.765158]],[[135.34886,34.767687],[135.348994,34.767585],[135.349096,34.767458],[135.34915,34.767379],[135.34917,34.767265],[135.349173,34.767222],[135.349169,34.767141],[135.349381,34.767018],[135.349541,34.766828],[135.350151,34.766034],[135.350373,34.765911],[135.350393,34.765799],[135.350769,34.765294],[135.351056,34.764928],[135.351171,34.764782],[135.351346,34.764558],[135.351511,34.764324]],[[135.351511,34.764324],[135.351473,34.764252],[135.351379,34.764171],[135.351048,34.76392],[135.350798,34.763672],[135.350775,34.76365]],[[135.348645,34.76339],[135.347954,34.763684],[135.347593,34.763838],[135.346841,34.764159],[135.346172,34.764445],[135.346151,34.764453],[135.345679,34.764655]],[[135.345679,34.764655],[135.345608,34.76474],[135.345538,34.76481],[135.345468,34.76485],[135.345387,34.764881],[135.345135,34.76499],[135.345081,34.765021],[135.344954,34.765121],[135.344914,34.765153],[135.344807,34.765222],[135.34444,34.765457],[135.344186,34.765614],[135.344155,34.76563],[135.344076,34.765671],[135.344055,34.765745],[135.34353,34.76608],[135.343477,34.766166],[135.343434,34.766228],[135.343061,34.766553],[135.342994,34.766581],[135.342867,34.766594]],[[135.342867,34.766594],[135.343044,34.76676],[135.343329,34.767032]],[[135.348976,34.764483],[135.348772,34.763809],[135.348679,34.763504],[135.348645,34.76339]],[[135.346946,34.758338],[135.346949,34.758465],[135.346972,34.758624],[135.3474,34.75981],[135.347697,34.760702],[135.347773,34.760951],[135.347888,34.761249],[135.347948,34.761337],[135.348076,34.761514],[135.348163,34.761751],[135.348276,34.762135],[135.348395,34.762502],[135.348498,34.762889],[135.348645,34.76339]],[[135.350775,34.76365],[135.350514,34.763334],[135.35041,34.763252],[135.350349,34.763203],[135.350307,34.763147],[135.350168,34.76296],[135.350139,34.76292],[135.350151,34.762482]],[[135.346191,34.758188],[135.346178,34.758601],[135.346092,34.758879],[135.346316,34.758922],[135.346462,34.75896],[135.346584,34.759004],[135.346649,34.759059],[135.346697,34.759151],[135.346749,34.759226],[135.346963,34.759434],[135.346965,34.759497],[135.346801,34.759633],[135.346731,34.759686],[135.346681,34.759751],[135.346586,34.759958],[135.346597,34.760019],[135.3466,34.760067],[135.346585,34.760193],[135.346623,34.760284],[135.346682,34.760387],[135.346754,34.760467],[135.346891,34.760586],[135.346946,34.76065],[135.346994,34.760733],[135.347128,34.76075],[135.347194,34.760873],[135.347242,34.760975],[135.347284,34.761106],[135.347357,34.761494],[135.347064,34.76163],[135.34667,34.761809],[135.346081,34.762078],[135.345604,34.762302],[135.345632,34.762563],[135.345704,34.76311]],[[135.345704,34.76311],[135.345734,34.763265],[135.345751,34.763357],[135.345767,34.763436],[135.345775,34.763642],[135.345776,34.763681],[135.345775,34.763811],[135.345775,34.763845],[135.34576,34.764004],[135.345749,34.764092],[135.345729,34.764241],[135.345711,34.764372],[135.345679,34.764655]],[[135.345704,34.76311],[135.345101,34.763168],[135.344991,34.76317],[135.344797,34.763173],[135.344707,34.763185],[135.344619,34.763222],[135.344551,34.763296]],[[135.344551,34.763296],[135.344492,34.763416],[135.344459,34.763456],[135.344419,34.763478],[135.344316,34.763514],[135.344222,34.76357],[135.344132,34.763652],[135.344077,34.76356],[135.344013,34.763511],[135.343809,34.763393],[135.343717,34.76335],[135.343209,34.763811],[135.342283,34.764773],[135.341622,34.765479]],[[135.341622,34.765479],[135.341938,34.765744],[135.342248,34.766015],[135.342867,34.766594]],[[135.344768,34.757638],[135.344783,34.757726],[135.344796,34.757842],[135.344753,34.758148],[135.344727,34.758267],[135.344683,34.758466],[135.344582,34.758536],[135.344607,34.758597],[135.344596,34.758649],[135.344497,34.758821],[135.344464,34.758881],[135.344404,34.758951],[135.34427,34.75908],[135.344177,34.75917],[135.344094,34.759265],[135.344016,34.759376],[135.343947,34.759485],[135.343942,34.759507],[135.343902,34.759694],[135.343903,34.7598],[135.343949,34.759944],[135.344,34.760016],[135.344503,34.760312],[135.344564,34.76048],[135.344617,34.760556],[135.34481,34.760742],[135.344864,34.760781],[135.34493,34.760801],[135.344971,34.76082],[135.345002,34.760854],[135.345006,34.760915],[135.345037,34.760987],[135.345054,34.761017],[135.344959,34.761224],[135.344936,34.761302],[135.344941,34.761369],[135.344972,34.761441],[135.344959,34.761497],[135.344942,34.761566],[135.344826,34.762039],[135.344796,34.762123],[135.344782,34.762205],[135.344762,34.762315],[135.344883,34.762336],[135.344861,34.762406],[135.344861,34.762478],[135.344876,34.762553],[135.344913,34.762657],[135.344903,34.76267],[135.344826,34.762755],[135.344709,34.762845],[135.344697,34.76292],[135.344684,34.763004],[135.34459,34.76305],[135.34455,34.763092],[135.344544,34.763136],[135.344551,34.763296]],[[135.342523,34.758295],[135.342853,34.758663],[135.342942,34.758771],[135.342957,34.75881],[135.342973,34.758849],[135.342974,34.758921],[135.342972,34.759088],[135.342933,34.759172],[135.342877,34.759205],[135.342796,34.759254],[135.342871,34.759508],[135.342924,34.759694],[135.342972,34.75984],[135.342987,34.759888],[135.343016,34.760019],[135.34306,34.76033],[135.343067,34.760422],[135.34308,34.760597],[135.343109,34.761017],[135.3431,34.761166],[135.34263,34.761114],[135.342521,34.761349],[135.342476,34.76148],[135.34247,34.761518],[135.342454,34.761622],[135.342492,34.76198],[135.342533,34.762066],[135.342624,34.762054],[135.342675,34.76247],[135.342705,34.762484],[135.342588,34.762653],[135.342588,34.762686],[135.342356,34.763008],[135.341292,34.764517]],[[135.341292,34.764517],[135.341527,34.765311],[135.341546,34.765414]],[[135.341546,34.765414],[135.341622,34.765479]],[[135.340961,34.758695],[135.340723,34.758949],[135.340672,34.75901],[135.340461,34.759261],[135.340418,34.759339],[135.340389,34.759417],[135.340339,34.759487],[135.340269,34.759549],[135.340105,34.759631],[135.340097,34.75998],[135.340125,34.760077],[135.340187,34.760158],[135.340279,34.760226],[135.340571,34.760433],[135.340648,34.760511],[135.340692,34.760555],[135.340732,34.760634],[135.340772,34.76081],[135.340864,34.76122],[135.34101,34.761972],[135.34104,34.762243],[135.341117,34.762932],[135.341131,34.763058],[135.341244,34.764082],[135.341292,34.764517]],[[135.33937,34.763053],[135.339691,34.763512],[135.339916,34.763851],[135.34003,34.76405],[135.340117,34.76423],[135.340193,34.764431],[135.340218,34.764497],[135.340252,34.764533],[135.340374,34.764609]],[[135.340374,34.764609],[135.341364,34.765289],[135.341546,34.765414]],[[135.343716,34.768422],[135.343222,34.76769],[135.343076,34.767555],[135.342984,34.767497],[135.342879,34.767451],[135.342608,34.767358],[135.342506,34.767316],[135.342406,34.767275],[135.342332,34.767237],[135.34228,34.76719],[135.342192,34.767093],[135.342048,34.766958],[135.341701,34.766722],[135.34155,34.766577],[135.341328,34.766475],[135.341271,34.766426],[135.34119,34.766296],[135.341089,34.766135],[135.340983,34.766022],[135.340904,34.765931],[135.340801,34.765762],[135.340737,34.765721],[135.340648,34.765663],[135.340489,34.765578],[135.340407,34.765529],[135.340366,34.765482],[135.340291,34.765391],[135.34025,34.76533],[135.340134,34.765247],[135.340322,34.765047],[135.340203,34.764703],[135.340291,34.764674],[135.340374,34.764609]],[[135.357901,34.766978],[135.357524,34.766317],[135.357336,34.765988],[135.357155,34.765733],[135.356839,34.765388],[135.356696,34.765249],[135.356465,34.765079]],[[135.356465,34.765079],[135.356407,34.765145],[135.356361,34.765172],[135.356329,34.76518],[135.3562,34.765183],[135.356054,34.76518]],[[135.356054,34.76518],[135.356052,34.76518],[135.355965,34.765307],[135.355785,34.765299],[135.355637,34.76533],[135.355475,34.765402],[135.354745,34.765739],[135.354393,34.765951],[135.354338,34.76599],[135.354418,34.766056],[135.354328,34.766114]],[[135.354328,34.766114],[135.354037,34.766289],[135.35352,34.766507],[135.354099,34.766954],[135.354122,34.766988],[135.354262,34.767194],[135.354542,34.767607],[135.355255,34.767521],[135.355383,34.767536],[135.355405,34.76754],[135.355814,34.767584],[135.35625,34.767894],[135.356134,34.768317],[135.356501,34.768389],[135.356496,34.768409],[135.356374,34.768951],[135.356274,34.769398],[135.356182,34.769821],[135.356076,34.770327],[135.355958,34.770903]],[[135.358762,34.771553],[135.359156,34.770828]],[[135.359156,34.770828],[135.359498,34.770174],[135.359544,34.769962],[135.359584,34.769774]],[[135.359584,34.769774],[135.359238,34.769125],[135.359229,34.769071],[135.359201,34.768895],[135.359189,34.768818],[135.359171,34.768707],[135.359125,34.76854],[135.358994,34.768321],[135.358678,34.767929],[135.358516,34.767743],[135.358231,34.767449],[135.358081,34.767242],[135.357884,34.767002],[135.357905,34.766993],[135.357901,34.766978]],[[135.354328,34.766114],[135.353932,34.765782],[135.353854,34.765719],[135.353446,34.766065],[135.353091,34.765764],[135.353149,34.76541],[135.353349,34.765144],[135.353452,34.765016],[135.353498,34.764892],[135.353475,34.764778],[135.353461,34.764711],[135.353179,34.76452]],[[135.353179,34.76452],[135.352828,34.764862],[135.352645,34.765035],[135.352174,34.765477],[135.351547,34.766031],[135.351424,34.766111],[135.350957,34.766415]],[[135.350957,34.766415],[135.351328,34.767386],[135.351661,34.768304],[135.351988,34.768945],[135.352115,34.769191],[135.352149,34.769257],[135.352258,34.769953],[135.352278,34.770152],[135.352282,34.770193],[135.352298,34.770425],[135.352277,34.770474],[135.352202,34.770511]],[[135.350957,34.766415],[135.350609,34.766661],[135.349895,34.767134],[135.349639,34.767296],[135.348958,34.767745]],[[135.356054,34.76518],[135.356052,34.765178],[135.356003,34.765171],[135.355693,34.765181],[135.355686,34.765172],[135.355425,34.765286],[135.355419,34.765222],[135.355435,34.765123],[135.355271,34.76504],[135.355261,34.764876],[135.354887,34.765005],[135.354838,34.764802],[135.354907,34.764814],[135.354887,34.764566],[135.354873,34.764213],[135.354833,34.764177],[135.354773,34.764146],[135.354683,34.764119],[135.354644,34.764097],[135.354612,34.764058],[135.354598,34.764016]],[[135.354598,34.764016],[135.354671,34.763746],[135.354707,34.763658],[135.354724,34.763567],[135.354723,34.763471],[135.354717,34.763434],[135.354916,34.763457],[135.354947,34.763434],[135.354962,34.76333],[135.354894,34.763149],[135.354891,34.763125],[135.354891,34.763108],[135.354691,34.763104],[135.354692,34.763095],[135.35472,34.762854],[135.35449,34.762647],[135.35447,34.762629],[135.354075,34.762776],[135.353939,34.762813],[135.353925,34.762954],[135.353663,34.762943],[135.353465,34.762998],[135.353535,34.763328],[135.353495,34.763374],[135.353309,34.763587],[135.353233,34.763662],[135.352862,34.764271],[135.3529,34.764571]],[[135.3529,34.764571],[135.352928,34.764556],[135.35298,34.76454],[135.353055,34.764517],[135.353098,34.764461],[135.353194,34.764506],[135.353179,34.76452]],[[135.3529,34.764571],[135.352871,34.764593],[135.352243,34.764914],[135.352213,34.764875],[135.352155,34.764817],[135.352124,34.764796],[135.35207,34.764757],[135.351889,34.764684],[135.351929,34.764531],[135.351756,34.76444],[135.351511,34.764324]],[[135.356465,34.765079],[135.356165,34.764859],[135.356108,34.764845],[135.355901,34.764809],[135.355859,34.76466],[135.355828,34.764574],[135.355824,34.764552],[135.355745,34.764326],[135.355856,34.764287],[135.355813,34.764216]],[[135.355813,34.764216],[135.355588,34.763869]],[[135.355588,34.763869],[135.35525,34.763912],[135.355044,34.763936],[135.354964,34.763945],[135.354598,34.764016]],[[135.36206,34.769046],[135.362119,34.768751],[135.362209,34.768764],[135.362269,34.768455],[135.362218,34.768442],[135.362165,34.768448],[135.362109,34.768487],[135.362132,34.768156],[135.362131,34.768094],[135.361927,34.768094],[135.36193,34.767775],[135.362066,34.767774],[135.36207,34.767597],[135.362251,34.767596],[135.362256,34.767154],[135.362192,34.767146],[135.36218,34.766136]],[[135.36218,34.766136],[135.361841,34.766129],[135.361647,34.766133],[135.361618,34.766102],[135.361593,34.766073],[135.361198,34.766138],[135.361035,34.766147],[135.360492,34.766176],[135.360365,34.766184],[135.360159,34.766198],[135.359559,34.766232]],[[135.359559,34.766232],[135.3596,34.766545],[135.359605,34.766726],[135.359589,34.766844]],[[135.359589,34.766844],[135.359607,34.7669],[135.359679,34.767131],[135.359754,34.767409],[135.35979,34.767639],[135.359807,34.767813],[135.359838,34.768143],[135.359837,34.768184],[135.359832,34.768451],[135.359819,34.768561],[135.359808,34.768659],[135.359776,34.768944]],[[135.359776,34.768944],[135.360667,34.769068],[135.360909,34.769095],[135.361581,34.769171],[135.361649,34.769157],[135.361707,34.769122],[135.361768,34.769094],[135.361904,34.769067],[135.36206,34.769046]],[[135.363061,34.76857],[135.362954,34.768606],[135.362874,34.768665],[135.362807,34.768757],[135.362747,34.768872],[135.362705,34.768907],[135.362331,34.769031],[135.36206,34.769046]],[[135.359776,34.768944],[135.359712,34.769317],[135.359604,34.769703],[135.359584,34.769774]],[[135.359156,34.770828],[135.359361,34.77091],[135.359569,34.770944],[135.359628,34.770965],[135.359799,34.771031],[135.359894,34.771054],[135.360164,34.771082],[135.360257,34.771091],[135.360464,34.771113],[135.362708,34.771062]],[[135.362708,34.771062],[135.362842,34.770424],[135.362845,34.770402],[135.363005,34.769282],[135.363047,34.768903],[135.363061,34.76857]],[[135.359589,34.766844],[135.359245,34.766871],[135.359087,34.766884],[135.359052,34.766887],[135.358736,34.766912],[135.358393,34.766939],[135.357901,34.766978]],[[135.359252,34.764132],[135.359109,34.76414],[135.359028,34.764252],[135.358233,34.764245],[135.358081,34.764221],[135.357961,34.764202],[135.357824,34.76419],[135.357453,34.764186],[135.356856,34.76418],[135.356252,34.764165],[135.356102,34.764178],[135.356039,34.764214],[135.355813,34.764216]],[[135.359559,34.766232],[135.359463,34.765575],[135.359396,34.765118],[135.359369,34.764937],[135.359252,34.764132]],[[135.359252,34.764132],[135.359123,34.763333],[135.359084,34.76309],[135.358963,34.762344]],[[135.358963,34.762344],[135.358758,34.76109],[135.358732,34.760931]],[[135.358732,34.760931],[135.358545,34.760841],[135.358449,34.760797],[135.35828,34.760757],[135.358097,34.760706],[135.357327,34.761057],[135.357253,34.761085],[135.356766,34.761275],[135.356619,34.761342],[135.356419,34.761522],[135.356135,34.761755],[135.355994,34.761852],[135.355685,34.76204],[135.35542,34.762248]],[[135.35542,34.762248],[135.355416,34.762388],[135.3554,34.762648],[135.355396,34.762788],[135.355357,34.762795],[135.355287,34.762845],[135.355246,34.762892],[135.355175,34.76313],[135.355371,34.763481],[135.355569,34.763836],[135.355588,34.763869]],[[135.358732,34.760931],[135.358635,34.76027],[135.358424,34.759027],[135.358315,34.758387]],[[135.358315,34.758387],[135.358225,34.758381],[135.357458,34.758336],[135.357071,34.758334],[135.356549,34.75836],[135.355869,34.75837],[135.35585,34.758371],[135.355487,34.758395],[135.355369,34.758423],[135.354723,34.75847]],[[135.354723,34.75847],[135.354717,34.758806],[135.354686,34.75898],[135.354654,34.759138],[135.354631,34.759432],[135.354648,34.759618],[135.35465,34.759779],[135.354628,34.759887],[135.354839,34.760216]],[[135.354839,34.760216],[135.354954,34.760393],[135.354971,34.760418],[135.355283,34.761081],[135.355441,34.761361],[135.355467,34.761477],[135.355474,34.761785],[135.355464,34.761903],[135.355427,34.76206],[135.35542,34.762248]],[[135.354839,34.760216],[135.354751,34.760261],[135.354692,34.760278],[135.354624,34.760281],[135.354584,34.760176],[135.353931,34.760395],[135.353884,34.760422],[135.353731,34.760541],[135.353133,34.761161],[135.352998,34.761302],[135.3529,34.761365]],[[135.354723,34.75847],[135.354714,34.758445],[135.354682,34.758282],[135.354697,34.757947],[135.354715,34.757591],[135.354722,34.757454],[135.354696,34.75649],[135.354737,34.756386],[135.354757,34.756339],[135.354769,34.75629],[135.354772,34.755927],[135.354765,34.755868],[135.354746,34.755807],[135.354746,34.75577],[135.354753,34.755726]],[[135.358315,34.758387],[135.358283,34.758173]],[[135.358283,34.758173],[135.35826,34.758028],[135.358154,34.757325],[135.358089,34.756931],[135.358025,34.756544],[135.357979,34.756262],[135.357913,34.755867],[135.357892,34.755735]],[[135.371008,34.770109],[135.370777,34.770094]],[[135.370777,34.770094],[135.37088,34.770309],[135.370883,34.770476],[135.370888,34.77069],[135.370898,34.771193],[135.3709,34.771315],[135.370901,34.771384],[135.370883,34.771457],[135.370784,34.771655],[135.370718,34.771789],[135.370671,34.771882],[135.370628,34.771979],[135.370555,34.772141],[135.370372,34.77255],[135.370334,34.772634],[135.370147,34.773051],[135.370069,34.773224],[135.369959,34.773359],[135.369859,34.773458],[135.369426,34.7739],[135.369333,34.774001],[135.369212,34.774147],[135.369212,34.774148],[135.369192,34.774212],[135.369078,34.774329],[135.369053,34.774354],[135.369049,34.774359],[135.368944,34.774491],[135.368915,34.774679],[135.368901,34.774777],[135.36889,34.774875],[135.368881,34.774895],[135.368549,34.774983],[135.368481,34.775001]],[[135.368741,34.775652],[135.368992,34.775579],[135.369153,34.775526],[135.369596,34.775362],[135.369608,34.775358],[135.369838,34.775231],[135.370134,34.775019],[135.370211,34.774965],[135.370284,34.774905],[135.370488,34.77473],[135.370691,34.774533],[135.371163,34.774084],[135.371363,34.773898],[135.371641,34.773602],[135.372143,34.773066]],[[135.372143,34.773066],[135.372177,34.773032],[135.372689,34.772535],[135.372965,34.772266],[135.373222,34.772026],[135.373814,34.771474],[135.374281,34.771039]],[[135.374281,34.771039],[135.374277,34.770961],[135.374292,34.770767],[135.374304,34.770595],[135.374324,34.77032],[135.374337,34.770219]],[[135.374337,34.770219],[135.372725,34.770191],[135.371796,34.770148],[135.371115,34.770117],[135.371008,34.770109]],[[135.363061,34.76857],[135.363064,34.768519],[135.363419,34.768246],[135.363526,34.768203],[135.364158,34.767986],[135.364232,34.767956],[135.364324,34.767995],[135.364565,34.768135],[135.364914,34.76829],[135.364998,34.768332],[135.365022,34.768372],[135.365058,34.768363],[135.365404,34.768278],[135.365603,34.768479],[135.36615,34.768667],[135.366337,34.768644],[135.366365,34.76864],[135.36648,34.768619],[135.367121,34.768562]],[[135.367121,34.768562],[135.366949,34.768203],[135.366811,34.767915],[135.366623,34.767544],[135.36642,34.76715],[135.366177,34.766677],[135.365951,34.766025]],[[135.365951,34.766025],[135.365283,34.76595],[135.364994,34.765923],[135.364672,34.765919],[135.364374,34.765948],[135.364099,34.765988],[135.363789,34.766055],[135.36365,34.766088],[135.36345,34.766116],[135.363288,34.766126],[135.362914,34.766138]],[[135.362914,34.766138],[135.362883,34.766146],[135.362859,34.766152],[135.36218,34.766136]],[[135.367585,34.770708],[135.367409,34.769719],[135.367388,34.769616],[135.36727,34.769017],[135.367121,34.768562]],[[135.362708,34.771062],[135.363649,34.771064],[135.3637,34.771064],[135.364117,34.771175],[135.364506,34.771161],[135.364748,34.771181],[135.364824,34.77118],[135.364974,34.771139],[135.365348,34.771028],[135.365572,34.770983],[135.366046,34.770894],[135.366303,34.770988],[135.366507,34.770926],[135.366652,34.770886],[135.366911,34.770838],[135.367585,34.770708]],[[135.362708,34.771062],[135.362568,34.771604],[135.362433,34.772125],[135.362331,34.772589],[135.362412,34.77267],[135.36249,34.772741],[135.362553,34.772837]],[[135.362553,34.772837],[135.363367,34.772785],[135.363621,34.772767],[135.364229,34.772723],[135.364253,34.772722],[135.364827,34.772688]],[[135.364827,34.772688],[135.364816,34.77267],[135.365321,34.772572],[135.365697,34.772474],[135.367786,34.771996],[135.367724,34.771563],[135.367585,34.770708]],[[135.362985,34.775064],[135.362835,34.774758],[135.362708,34.774512],[135.362558,34.774256],[135.362632,34.773716],[135.36263,34.773582],[135.36256,34.773347],[135.362555,34.773224],[135.362576,34.773004],[135.362553,34.772837]],[[135.366398,34.775232],[135.366071,34.774436],[135.365842,34.773965],[135.365642,34.773437],[135.365561,34.773416],[135.36551,34.773408],[135.365406,34.773436],[135.365242,34.773527],[135.365202,34.773536],[135.365151,34.773528],[135.365107,34.773481],[135.365083,34.773415],[135.364827,34.772688]],[[135.370777,34.770094],[135.370147,34.770215],[135.369154,34.770406],[135.368647,34.770504],[135.368158,34.770598],[135.368098,34.77061],[135.367585,34.770708]],[[135.371008,34.770109],[135.370919,34.769808],[135.370877,34.769577],[135.37078,34.769135],[135.370757,34.769047],[135.37073,34.769023],[135.370684,34.768996],[135.370504,34.768941],[135.370402,34.768905],[135.370309,34.768859],[135.370105,34.768746],[135.369941,34.768648]],[[135.369941,34.768648],[135.369852,34.768684],[135.36937,34.768759],[135.369075,34.768729],[135.369117,34.768368],[135.369085,34.768368],[135.367827,34.768359],[135.367827,34.768492],[135.367792,34.768524],[135.367121,34.768562]],[[135.367861,34.765295],[135.367764,34.765205],[135.367632,34.765143],[135.367382,34.765082],[135.36725,34.765056],[135.367086,34.765054],[135.366312,34.765044],[135.366157,34.765042],[135.36605,34.765037],[135.365936,34.765005],[135.365649,34.764892]],[[135.365649,34.764892],[135.365644,34.765047],[135.365679,34.765188],[135.365726,34.765336],[135.365951,34.766025]],[[135.369941,34.768648],[135.369772,34.768524],[135.369675,34.768419],[135.369563,34.768259],[135.369309,34.767833],[135.369167,34.767559],[135.369133,34.767495],[135.368832,34.766931],[135.368412,34.766154],[135.367983,34.765456],[135.367861,34.765295]],[[135.362914,34.766138],[135.362859,34.765466],[135.362835,34.765183],[135.362827,34.765047],[135.36275,34.764185]],[[135.36275,34.764185],[135.361964,34.764323],[135.361941,34.764278],[135.361403,34.764271],[135.361167,34.764247],[135.360952,34.764241],[135.3607,34.764234],[135.360447,34.764239],[135.360088,34.764282],[135.359627,34.764172],[135.359409,34.76412],[135.359252,34.764132]],[[135.36275,34.764185],[135.363259,34.764173],[135.363339,34.764159],[135.363439,34.76412],[135.363771,34.763967],[135.363858,34.763927],[135.363997,34.763894],[135.364081,34.763893],[135.364682,34.763971],[135.364792,34.763965]],[[135.364792,34.763965],[135.364748,34.763868],[135.364614,34.763609],[135.364519,34.76347],[135.36441,34.763344],[135.364081,34.763226],[135.363916,34.763133],[135.36372,34.762952],[135.363136,34.762411],[135.362838,34.762136],[135.362734,34.76204]],[[135.362734,34.76204],[135.362608,34.76192],[135.362328,34.761651],[135.362289,34.76164],[135.362194,34.761613],[135.362135,34.761578],[135.361963,34.761455],[135.361707,34.761242]],[[135.361707,34.761242],[135.360455,34.761356],[135.360438,34.762178],[135.35997,34.762238],[135.359854,34.762253],[135.359585,34.762287],[135.359486,34.7623],[135.35918,34.762339],[135.358963,34.762344]],[[135.365649,34.764892],[135.365605,34.763903],[135.364792,34.763965]],[[135.369332,34.764181],[135.369313,34.764168],[135.36862,34.763681],[135.368311,34.763454]],[[135.368311,34.763454],[135.367427,34.762791],[135.36662,34.762186],[135.365933,34.761672],[135.365646,34.761448]],[[135.365646,34.761448],[135.365406,34.761505],[135.365293,34.761483],[135.36513,34.761364],[135.365055,34.761326],[135.364965,34.761308],[135.364721,34.76131],[135.364718,34.761423],[135.364522,34.761435],[135.364512,34.761397],[135.364132,34.761424],[135.36394,34.761437],[135.363718,34.761453],[135.363342,34.761332],[135.363276,34.76131],[135.362757,34.761297],[135.362734,34.76204]],[[135.367861,34.765295],[135.367909,34.765203],[135.36804,34.764955],[135.368097,34.764803],[135.368121,34.76474],[135.368169,34.764566],[135.368224,34.764366],[135.368252,34.764218],[135.368597,34.764257],[135.368871,34.764255],[135.369105,34.764228],[135.369332,34.764181]],[[135.373672,34.764533],[135.372167,34.76469],[135.371832,34.764725],[135.371698,34.764739],[135.371642,34.764745],[135.371473,34.764752],[135.371272,34.76476],[135.371079,34.764753],[135.370946,34.764748],[135.370759,34.764728],[135.370545,34.764692],[135.370328,34.764646],[135.370209,34.76461],[135.369971,34.76454],[135.369712,34.764432],[135.36955,34.764325],[135.369332,34.764181]],[[135.374337,34.770219],[135.37435,34.770107],[135.374376,34.769892],[135.374406,34.769715],[135.374441,34.769567],[135.37444,34.769551],[135.374408,34.769202],[135.37436,34.768966],[135.374071,34.768083],[135.374037,34.767987],[135.373987,34.767818],[135.373953,34.767645],[135.373944,34.767522],[135.373952,34.76738],[135.373969,34.767065],[135.373968,34.766681],[135.373919,34.766005],[135.373782,34.765334],[135.373756,34.765177],[135.373686,34.764708],[135.373673,34.76454],[135.373672,34.764533]],[[135.365646,34.761448],[135.365529,34.76136]],[[135.365529,34.76136],[135.364469,34.760588],[135.364104,34.760279],[135.364061,34.760246],[135.364007,34.760205],[135.362922,34.759433],[135.362885,34.759407]],[[135.362885,34.759407],[135.36286,34.759389],[135.362151,34.758885],[135.361777,34.758612],[135.360794,34.757896],[135.360678,34.757811]],[[135.360678,34.757811],[135.359852,34.757201],[135.35965,34.757052],[135.359224,34.756737],[135.359197,34.756717],[135.358722,34.756365],[135.358374,34.756108],[135.358349,34.75609],[135.357892,34.755735]],[[135.358283,34.758173],[135.358442,34.758166],[135.35851,34.758213],[135.358759,34.758383],[135.35921,34.758692],[135.35959,34.758906],[135.359696,34.758965],[135.35993,34.759096],[135.360249,34.759275],[135.360456,34.75948],[135.360477,34.759504],[135.360513,34.759548],[135.360692,34.759739],[135.360835,34.759918],[135.361062,34.760241],[135.36113,34.760359],[135.361333,34.760687],[135.361492,34.760942],[135.361543,34.761022],[135.361598,34.761108],[135.361707,34.761242]],[[135.368231,34.761087],[135.368296,34.76114],[135.368386,34.761318],[135.368512,34.761472],[135.36846,34.762456],[135.368495,34.762512],[135.368524,34.762552],[135.368629,34.762871],[135.368564,34.76299],[135.368311,34.763454]],[[135.373672,34.764533],[135.373593,34.764074],[135.373563,34.763877],[135.373541,34.763733],[135.373474,34.763429],[135.373462,34.76334],[135.373452,34.763267],[135.373441,34.763133],[135.373406,34.762843],[135.373349,34.762406],[135.373316,34.761955],[135.373312,34.761914]],[[135.371776,34.761922],[135.371697,34.761915],[135.370941,34.761774],[135.370806,34.761772],[135.370756,34.761778],[135.37039,34.761389],[135.369701,34.761309],[135.369349,34.761215],[135.368805,34.761075],[135.368405,34.760996],[135.368368,34.760988],[135.368231,34.761087]],[[135.366262,34.757745],[135.366433,34.758621]],[[135.366433,34.758621],[135.366465,34.758706],[135.366618,34.759109],[135.366581,34.759109]],[[135.366581,34.759109],[135.36664,34.759242],[135.366768,34.759488],[135.367019,34.759862],[135.367046,34.759894],[135.367229,34.760109],[135.368231,34.761087]],[[135.366581,34.759109],[135.36653,34.75911],[135.366531,34.759122],[135.366163,34.759108],[135.366255,34.759947],[135.366262,34.760009],[135.366539,34.760034],[135.366571,34.760059],[135.366602,34.760374],[135.366261,34.760448],[135.365801,34.760365],[135.365735,34.760351],[135.365767,34.760402],[135.365726,34.760558],[135.36563,34.760747],[135.365935,34.760981],[135.365913,34.761033],[135.365529,34.76136]],[[135.366433,34.758621],[135.365986,34.758647],[135.365922,34.758668],[135.365824,34.75868],[135.365242,34.758665],[135.365219,34.758677],[135.365133,34.758958],[135.365099,34.759028],[135.365025,34.75907],[135.364968,34.759135],[135.364895,34.759336],[135.364865,34.759327],[135.364782,34.759307],[135.364556,34.759257],[135.364468,34.75922],[135.364416,34.759199],[135.364067,34.75901],[135.363943,34.758956],[135.36389,34.758932],[135.363788,34.758893],[135.363669,34.75887],[135.363453,34.758868],[135.363315,34.758877],[135.3632,34.758884]],[[135.3632,34.758884],[135.3631,34.759249],[135.362949,34.75936],[135.362885,34.759407]],[[135.363202,34.755519],[135.363149,34.756348],[135.363116,34.757182],[135.36311,34.757323],[135.363074,34.757901],[135.363017,34.758841],[135.363217,34.758834],[135.3632,34.758884]],[[135.360776,34.75539],[135.360771,34.755917],[135.36077,34.755966],[135.360766,34.756375],[135.360724,34.757072],[135.360721,34.757108],[135.360698,34.757483],[135.360678,34.757811]],[[135.372143,34.773066],[135.372376,34.773226],[135.372371,34.773279],[135.372275,34.773331],[135.372265,34.773338],[135.372163,34.7734],[135.37207,34.773495],[135.371662,34.773913],[135.371066,34.774512],[135.371051,34.774526],[135.371032,34.774546],[135.371023,34.774554],[135.371021,34.774556],[135.371021,34.774557],[135.371006,34.774572],[135.370989,34.774589],[135.370976,34.774602],[135.370973,34.774605],[135.370955,34.774622],[135.370951,34.774625],[135.370946,34.77463],[135.370936,34.774639],[135.370929,34.774645],[135.370918,34.774656],[135.370912,34.774662],[135.370906,34.774667],[135.370906,34.774668],[135.370904,34.774669],[135.370902,34.774671],[135.370549,34.775],[135.370464,34.77508],[135.370461,34.775082],[135.370436,34.7751],[135.370357,34.775158],[135.370274,34.775218],[135.37022,34.775257],[135.370218,34.775258],[135.370177,34.775282],[135.370155,34.775295],[135.370121,34.775315],[135.370096,34.77533],[135.370068,34.775347],[135.37005,34.775357],[135.369972,34.775404],[135.369957,34.775411],[135.369896,34.775437],[135.369843,34.775461],[135.36982,34.775471],[135.369699,34.775524],[135.369233,34.776224],[135.368945,34.776337],[135.368932,34.776368],[135.36892,34.776396],[135.369208,34.777176],[135.369221,34.777212],[135.369492,34.777146],[135.369502,34.777182],[135.369514,34.777225],[135.369519,34.777302],[135.369715,34.777823],[135.369788,34.778017],[135.369816,34.778091],[135.369859,34.778209],[135.369856,34.778324],[135.36975,34.778609],[135.369678,34.778831],[135.369257,34.779994],[135.369185,34.780192],[135.369152,34.780284],[135.368863,34.781072],[135.368865,34.781072],[135.369015,34.78113],[135.369072,34.781151],[135.369062,34.781245],[135.369542,34.781306],[135.369623,34.781315],[135.370447,34.781404],[135.370438,34.781439],[135.370144,34.782272],[135.372093,34.783481],[135.372174,34.783292],[135.372609,34.782278],[135.372738,34.781996],[135.372804,34.781747],[135.372897,34.781392],[135.373025,34.780953],[135.373263,34.780112],[135.373276,34.780067],[135.373336,34.779788],[135.373399,34.779543],[135.373488,34.779191],[135.373603,34.778621],[135.373603,34.778605],[135.373614,34.778365],[135.37362,34.778229],[135.373694,34.777711],[135.373711,34.777591],[135.373759,34.777348],[135.373925,34.776784],[135.373968,34.776637],[135.373978,34.776564],[135.374009,34.776338],[135.374031,34.776186],[135.374046,34.776076],[135.374079,34.775835],[135.374103,34.775666],[135.374125,34.775506],[135.374133,34.775452],[135.374145,34.775339],[135.374278,34.773941],[135.374324,34.773254],[135.374339,34.772307],[135.374302,34.771564],[135.374281,34.771039]],[[135.323124,34.826444],[135.322877,34.826231],[135.322591,34.826013],[135.322288,34.8258],[135.321846,34.825556],[135.320372,34.824832],[135.320257,34.824687]],[[135.320257,34.824687],[135.320113,34.824762],[135.320014,34.824815],[135.319951,34.824828],[135.319895,34.824804],[135.319853,34.824846],[135.319823,34.824877],[135.319688,34.825015],[135.319633,34.825033],[135.319488,34.825019],[135.319242,34.82493],[135.318662,34.824748],[135.318461,34.824722],[135.318331,34.824729],[135.318224,34.824748],[135.318121,34.824795],[135.317978,34.824903]],[[135.317978,34.824903],[135.31837,34.825157],[135.318412,34.824976],[135.318821,34.825064],[135.318807,34.825101],[135.319205,34.825248],[135.319451,34.825374],[135.319597,34.825492],[135.319764,34.82546],[135.319901,34.825453],[135.32018,34.825552],[135.320218,34.825616],[135.320333,34.825599],[135.32047,34.825604],[135.320628,34.82562],[135.320751,34.825653],[135.320753,34.825842],[135.320625,34.825981],[135.320659,34.826091],[135.320626,34.826103],[135.320688,34.826277],[135.320821,34.826273],[135.321064,34.826422],[135.321369,34.826437],[135.321547,34.826432],[135.321602,34.826419],[135.321655,34.826397],[135.321713,34.826406],[135.321731,34.82643],[135.321743,34.826485],[135.321861,34.826574],[135.321803,34.826703],[135.321763,34.826731],[135.321658,34.826937],[135.32155,34.82695],[135.321375,34.8269],[135.321158,34.827054],[135.321037,34.827147],[135.320945,34.8272],[135.320871,34.827225],[135.320957,34.827261],[135.321069,34.827315],[135.320721,34.827376],[135.320444,34.827451],[135.320326,34.827495],[135.320256,34.827548],[135.320183,34.827625],[135.320139,34.82772],[135.320141,34.827867],[135.320056,34.827892],[135.320074,34.827979],[135.320067,34.828043],[135.320031,34.82811],[135.3197,34.828336],[135.319608,34.828401],[135.319568,34.828444],[135.319539,34.828484],[135.319487,34.828506],[135.319302,34.828566],[135.319236,34.828606],[135.319264,34.828826]],[[135.319264,34.828826],[135.319514,34.829182],[135.319529,34.829261],[135.31954,34.829413],[135.319532,34.829507],[135.319488,34.829636],[135.319467,34.829671],[135.31938,34.829854],[135.319356,34.829949],[135.319306,34.830026],[135.319249,34.830076],[135.319205,34.830145],[135.319196,34.830252],[135.319164,34.830312],[135.319152,34.83038],[135.319163,34.830482],[135.319123,34.830553],[135.319111,34.830614],[135.319108,34.830728],[135.31882,34.830725],[135.318628,34.830723],[135.318302,34.83075],[135.318159,34.830804],[135.318033,34.830865],[135.317825,34.831032],[135.317642,34.83123],[135.317564,34.831456],[135.317559,34.831626],[135.318037,34.831632],[135.317832,34.831713],[135.317841,34.832485],[135.318061,34.832457],[135.318114,34.832241],[135.318155,34.832214],[135.318214,34.832214],[135.318489,34.832327],[135.318618,34.832341],[135.318705,34.832325],[135.31881,34.832275],[135.319041,34.832073],[135.319092,34.832068],[135.319152,34.832109],[135.31938,34.832388],[135.3194,34.832482],[135.319396,34.832573],[135.319479,34.832576],[135.319301,34.832688],[135.319206,34.832764],[135.319101,34.832878],[135.319043,34.83297],[135.318998,34.833031],[135.318879,34.833088],[135.318787,34.833059],[135.318686,34.833117],[135.318696,34.833173],[135.318474,34.833383],[135.318193,34.833295],[135.318,34.833296],[135.317882,34.833265],[135.317786,34.83327],[135.317676,34.833244],[135.317429,34.833299]],[[135.317429,34.833299],[135.318117,34.834503],[135.3182,34.834574],[135.318258,34.834589],[135.318402,34.834528],[135.318488,34.834512],[135.318867,34.834504],[135.318942,34.834548],[135.318967,34.834611],[135.318966,34.834669],[135.318873,34.834722],[135.31879,34.83476],[135.318724,34.834792],[135.318665,34.834821],[135.318594,34.834853],[135.318079,34.835237],[135.317915,34.835406],[135.317797,34.835582],[135.31767,34.835824],[135.317582,34.836179],[135.317523,34.836267],[135.317404,34.836383],[135.317202,34.836525],[135.317078,34.836626],[135.316948,34.836796],[135.316812,34.836992],[135.316799,34.837057],[135.3168,34.837129],[135.316914,34.837434],[135.316956,34.837479],[135.317012,34.837528],[135.317273,34.837652],[135.31732,34.837694],[135.317358,34.837812],[135.31741,34.837887],[135.317485,34.837986],[135.317632,34.838093],[135.31767,34.838177],[135.317662,34.838273],[135.317334,34.838721],[135.317193,34.838879],[135.316913,34.839087],[135.31684,34.839141],[135.316808,34.839199],[135.316762,34.839354],[135.316638,34.839438],[135.316475,34.839523],[135.316288,34.839631],[135.316105,34.839747],[135.31595,34.83988],[135.315815,34.839947],[135.315659,34.840017],[135.315454,34.840091],[135.315299,34.840167],[135.31523,34.840222],[135.315184,34.840239],[135.315063,34.840272],[135.314862,34.840371],[135.314695,34.840489],[135.31456,34.840605],[135.314457,34.84072],[135.314411,34.840837],[135.313304,34.841367],[135.313187,34.841425],[135.313137,34.841537],[135.313106,34.841606],[135.313065,34.841684],[135.312951,34.841743],[135.312854,34.841755],[135.312763,34.841764],[135.312605,34.841688],[135.312354,34.841503],[135.31213,34.841348],[135.311939,34.841239],[135.311693,34.841134],[135.311516,34.841033],[135.311368,34.840852]],[[135.311368,34.840852],[135.311376,34.841119],[135.311341,34.841206],[135.311299,34.841241],[135.311233,34.841247],[135.310846,34.841091],[135.310776,34.841035],[135.310719,34.840974],[135.31056,34.840769],[135.310499,34.840728],[135.31042,34.840713],[135.310194,34.84073],[135.309922,34.840813],[135.309706,34.840921],[135.309453,34.841068],[135.309338,34.84118],[135.309229,34.841348],[135.309139,34.841521],[135.308921,34.841511],[135.308779,34.841483],[135.308636,34.841421],[135.308436,34.841308],[135.308121,34.841167],[135.307555,34.841016]],[[135.307555,34.841016],[135.307545,34.841146],[135.307547,34.841257],[135.307575,34.84136],[135.307613,34.841443],[135.30767,34.841504],[135.307902,34.84159],[135.307656,34.841874],[135.307482,34.842028],[135.307146,34.842221],[135.306209,34.841441],[135.306109,34.841167],[135.306003,34.841241],[135.305911,34.84128],[135.305778,34.841338],[135.305923,34.84152],[135.305933,34.841585],[135.305906,34.841654],[135.305392,34.841951],[135.305244,34.841983],[135.305114,34.841976],[135.303782,34.84156],[135.303702,34.841511],[135.303655,34.84145],[135.303654,34.841382],[135.303705,34.841335],[135.30382,34.841285],[135.304407,34.841246],[135.304476,34.841226],[135.304494,34.841192],[135.304466,34.841139],[135.304381,34.84104],[135.304223,34.840923],[135.303995,34.840837],[135.303816,34.840789]],[[135.303816,34.840789],[135.303679,34.840752],[135.30352,34.840748],[135.3027,34.84124],[135.302498,34.841372],[135.302416,34.841472],[135.302289,34.841724],[135.302203,34.841851],[135.302065,34.841944],[135.301913,34.842021],[135.301576,34.842089],[135.301438,34.842139],[135.301218,34.842301],[135.301135,34.842329],[135.301042,34.842329],[135.300958,34.842284],[135.300846,34.842186],[135.300799,34.842087],[135.300792,34.8419],[135.300763,34.841763],[135.300659,34.841611],[135.300593,34.841547],[135.300514,34.841491],[135.300435,34.841476],[135.300343,34.841484],[135.300198,34.841552],[135.300126,34.84157],[135.300061,34.84157],[135.300004,34.841551],[135.29998,34.841505],[135.299988,34.841409],[135.299996,34.841295],[135.300042,34.840867],[135.30004,34.840699],[135.300006,34.840596],[135.299957,34.840507],[135.299914,34.84045],[135.299826,34.840398],[135.299631,34.840334],[135.299495,34.840209],[135.299359,34.84005],[135.299272,34.839896],[135.299142,34.83958],[135.299105,34.839463],[135.299062,34.83939],[135.299,34.839255],[135.298905,34.839174],[135.298795,34.839065],[135.298696,34.838966],[135.298672,34.83889],[135.298672,34.838822],[135.298678,34.838751],[135.298658,34.838675],[135.298611,34.838618],[135.298252,34.838346],[135.298223,34.838285],[135.298223,34.838232],[135.298317,34.837972],[135.29832,34.837873],[135.298293,34.837757],[135.298255,34.837658],[135.298073,34.837476],[135.29803,34.837396],[135.297968,34.837229],[135.297997,34.836523],[135.297949,34.83639],[135.297848,34.836225],[135.297754,34.836138],[135.297624,34.836082],[135.297235,34.836069],[135.297124,34.836097],[135.297037,34.83617],[135.297011,34.836258],[135.296979,34.836296],[135.296928,34.836312],[135.296835,34.83629],[135.296732,34.836211],[135.296343,34.835733],[135.29613,34.835546],[135.295939,34.835388],[135.295814,34.835272],[135.295824,34.835245],[135.295853,34.835233],[135.295953,34.835176],[135.296071,34.835101],[135.296206,34.834978],[135.296438,34.834768],[135.296566,34.834595],[135.296699,34.83433],[135.296724,34.834321],[135.296764,34.834324]],[[135.296764,34.834324],[135.29684,34.834163],[135.296848,34.83403],[135.296829,34.833969],[135.296745,34.833882],[135.296634,34.833813],[135.296569,34.833775],[135.296568,34.833751],[135.2966,34.833715],[135.296654,34.833679],[135.296797,34.833642],[135.297402,34.833638],[135.297532,34.833651],[135.297677,34.833736],[135.297743,34.833822],[135.29778,34.833916],[135.298224,34.834046],[135.298375,34.834075],[135.298793,34.834122],[135.299073,34.834206],[135.299214,34.834208],[135.299613,34.834104],[135.300083,34.833945],[135.300627,34.833831],[135.300824,34.833779],[135.301285,34.833521],[135.301428,34.833442],[135.301744,34.833226],[135.301823,34.833142],[135.301899,34.832977],[135.30196,34.832852],[135.3021,34.832773],[135.302247,34.832714],[135.302686,34.832556],[135.302758,34.832546],[135.303054,34.832543],[135.303225,34.832561],[135.303466,34.83257],[135.30359,34.832552],[135.303733,34.832489],[135.303864,34.832385],[135.303979,34.832244],[135.304127,34.832019],[135.304201,34.831907],[135.304358,34.831454],[135.304408,34.831383],[135.304485,34.831321],[135.304604,34.831269],[135.30476,34.831226],[135.304865,34.831171],[135.305141,34.830891],[135.305166,34.830869],[135.305184,34.830871],[135.305228,34.83092],[135.305252,34.830976],[135.305269,34.83104],[135.305277,34.831103],[135.305281,34.831198],[135.305262,34.831282],[135.305259,34.831313],[135.305271,34.83134],[135.305336,34.831343],[135.305437,34.831304],[135.305617,34.830876],[135.305653,34.830753],[135.305665,34.830601],[135.305622,34.830391]],[[135.305622,34.830391],[135.305567,34.830411],[135.305396,34.830399],[135.305272,34.830413],[135.305187,34.830436],[135.305113,34.830472],[135.305023,34.830583],[135.304973,34.830609],[135.304911,34.83061],[135.304844,34.830566],[135.304782,34.830547],[135.304506,34.830536],[135.304424,34.830524],[135.304466,34.830729],[135.304286,34.830695],[135.304611,34.831078],[135.303764,34.831085],[135.303584,34.830968],[135.303386,34.830979],[135.303184,34.830975],[135.302958,34.83096],[135.302862,34.830936],[135.302771,34.830893],[135.302677,34.830892],[135.302558,34.830912],[135.302286,34.830959],[135.302353,34.831],[135.302373,34.831042],[135.302488,34.831165],[135.302341,34.831235],[135.302204,34.831103],[135.302107,34.831074],[135.302017,34.831008],[135.301955,34.831024],[135.301807,34.831],[135.301643,34.831238],[135.30155,34.831313],[135.301524,34.831362],[135.301511,34.83143],[135.301488,34.831472],[135.301446,34.831514],[135.301431,34.831559],[135.301404,34.831658],[135.30116,34.831693],[135.300853,34.831749],[135.300952,34.831979],[135.300934,34.831986],[135.300853,34.832022],[135.300897,34.832117],[135.300634,34.832219],[135.30069,34.832321],[135.300343,34.832269],[135.300276,34.832171],[135.300241,34.832209],[135.300201,34.83224],[135.300171,34.832292],[135.300132,34.832314],[135.299768,34.832432],[135.299735,34.83226],[135.299589,34.831922],[135.299403,34.831956],[135.299371,34.831899],[135.299349,34.83196],[135.299326,34.832002],[135.299253,34.832057],[135.299304,34.832143],[135.299313,34.832217],[135.299151,34.832333],[135.29898,34.832354],[135.298901,34.83221],[135.298942,34.832117],[135.299105,34.832068],[135.299264,34.831867],[135.299223,34.831839],[135.299137,34.83176],[135.298738,34.831933],[135.298348,34.832109],[135.298153,34.832186],[135.298029,34.832219],[135.297974,34.832171],[135.297911,34.832149],[135.297829,34.832128],[135.29786,34.831961],[135.297887,34.83178],[135.298102,34.831694],[135.297942,34.831596],[135.297863,34.831558],[135.297758,34.831546],[135.297638,34.83156],[135.297402,34.831613],[135.297324,34.831617],[135.29696,34.831566],[135.29699,34.831782],[135.296952,34.831868],[135.296821,34.831988],[135.29647,34.832242],[135.296366,34.83213],[135.296338,34.832131],[135.296284,34.832125],[135.296224,34.832104],[135.296175,34.832064],[135.296121,34.832003],[135.296068,34.832036],[135.295925,34.832101],[135.29584,34.832169],[135.295955,34.832273],[135.295833,34.832407],[135.295808,34.832438],[135.295786,34.832525],[135.295767,34.832589],[135.295698,34.832654],[135.295412,34.832401],[135.295461,34.832329],[135.295449,34.831888]],[[135.295449,34.831888],[135.295404,34.83201],[135.295273,34.832127],[135.294997,34.832255],[135.294765,34.83232],[135.294596,34.832325],[135.294463,34.832266],[135.294394,34.832237],[135.294322,34.832214],[135.294143,34.832198],[135.294034,34.832162],[135.293854,34.832096],[135.293729,34.832073],[135.293601,34.832068],[135.29346,34.832085],[135.292796,34.832293],[135.292707,34.832317],[135.292611,34.832321],[135.29251,34.832282],[135.292461,34.832229],[135.292403,34.832038],[135.292344,34.831852],[135.292254,34.831662]],[[135.292254,34.831662],[135.29224,34.831624],[135.29223,34.831575],[135.292234,34.831392],[135.291999,34.831123],[135.291905,34.831069],[135.291792,34.831053],[135.291593,34.831063],[135.291388,34.831103],[135.291007,34.831321],[135.290969,34.831353],[135.290945,34.831411],[135.290972,34.831599],[135.290963,34.831673],[135.290898,34.831783],[135.29081,34.83189],[135.290678,34.831989],[135.290626,34.832047],[135.290577,34.832133],[135.290529,34.832267],[135.290466,34.832566],[135.2904,34.832713],[135.290383,34.832733],[135.290341,34.832787],[135.290262,34.832834],[135.290236,34.832839],[135.289967,34.832891],[135.289824,34.832942],[135.289233,34.833154],[135.289333,34.832943],[135.288929,34.832247],[135.288863,34.832128],[135.288997,34.832066],[135.288982,34.831658]],[[135.288982,34.831658],[135.288921,34.831635],[135.288837,34.83163],[135.288183,34.831666],[135.288071,34.831687],[135.287969,34.831739],[135.28762,34.831977],[135.287474,34.832108],[135.287358,34.832269],[135.287198,34.832531],[135.287143,34.832612],[135.287092,34.83265],[135.286544,34.832881],[135.286504,34.832923],[135.286495,34.832999],[135.286353,34.83311],[135.286197,34.833292],[135.285853,34.833572],[135.285823,34.83361],[135.285744,34.833825],[135.285639,34.834007],[135.285538,34.834109],[135.285359,34.834205]],[[135.285359,34.834205],[135.285437,34.834356],[135.28539,34.834421],[135.285303,34.834502],[135.28519,34.834553],[135.28513,34.834595],[135.285099,34.834657],[135.285076,34.834814],[135.285182,34.834961],[135.285183,34.835053],[135.285214,34.83517],[135.285283,34.835415],[135.285175,34.835237],[135.284082,34.836096]],[[135.284082,34.836096],[135.284215,34.836251],[135.284292,34.836389],[135.284293,34.83644],[135.284293,34.836494],[135.284219,34.836713],[135.284192,34.83679],[135.284182,34.836866],[135.284229,34.83699],[135.284487,34.837334],[135.2845,34.837392],[135.284514,34.83745],[135.284486,34.837636],[135.284527,34.837717],[135.28463,34.837785],[135.284649,34.837797],[135.284678,34.837832],[135.284696,34.837854],[135.284738,34.83794],[135.284718,34.838157],[135.284717,34.838164],[135.284699,34.838217],[135.284672,34.838293],[135.284512,34.838418],[135.284438,34.838519],[135.284354,34.838725],[135.284291,34.838816],[135.284101,34.838913],[135.284062,34.838999],[135.283981,34.839047],[135.283843,34.839096],[135.283751,34.839163],[135.283712,34.83924],[135.283631,34.839264],[135.283484,34.839258],[135.283374,34.83925],[135.283304,34.839274],[135.283232,34.839361],[135.283167,34.839437],[135.283122,34.839538],[135.28313,34.839657],[135.283108,34.839752],[135.283016,34.839834],[135.282762,34.839908],[135.282555,34.839962],[135.282405,34.840044],[135.282256,34.840112],[135.282088,34.840118],[135.281879,34.840072],[135.281694,34.840031],[135.281485,34.840008],[135.281459,34.840003],[135.281385,34.839986],[135.281181,34.839942],[135.281025,34.839933],[135.280886,34.839968],[135.280789,34.840073],[135.280769,34.840302],[135.280741,34.840408],[135.280678,34.84048],[135.280563,34.840547],[135.280505,34.840476],[135.280382,34.840401]],[[135.280382,34.840401],[135.279734,34.84013],[135.279526,34.840063],[135.279453,34.840051],[135.279368,34.840053],[135.279323,34.840069],[135.279252,34.840087],[135.279235,34.840092],[135.279195,34.840136],[135.279162,34.840185],[135.279149,34.840226],[135.279152,34.840336],[135.279144,34.840365],[135.279117,34.840399],[135.279074,34.840424],[135.279011,34.840428],[135.278955,34.840404],[135.278875,34.840343],[135.278799,34.840204],[135.278733,34.840107],[135.278004,34.839643],[135.277878,34.839618],[135.277724,34.839623],[135.277286,34.839744],[135.27716,34.839777],[135.276324,34.839845],[135.276032,34.839946],[135.275879,34.839989],[135.275575,34.840043],[135.275248,34.840144],[135.274691,34.840345],[135.274102,34.840895],[135.273911,34.840849]],[[135.273911,34.840849],[135.273967,34.841003],[135.274034,34.841179],[135.274029,34.841248],[135.273822,34.841595],[135.273641,34.841896],[135.273441,34.842118],[135.273138,34.84266],[135.272979,34.843076],[135.272879,34.84317],[135.272412,34.843458],[135.272046,34.843642],[135.271736,34.843902],[135.271399,34.844072],[135.271281,34.844161],[135.270707,34.844906],[135.270624,34.84499]],[[135.270624,34.84499],[135.270646,34.845085],[135.270719,34.845709],[135.27074,34.845763],[135.270769,34.84581],[135.27081,34.845858],[135.270893,34.845911],[135.270999,34.845954],[135.271156,34.845999],[135.271159,34.846],[135.271347,34.84604],[135.271432,34.846072],[135.271516,34.846125],[135.27159,34.84619],[135.271746,34.846332],[135.27191,34.846481],[135.272015,34.846728],[135.271998,34.846797],[135.271961,34.84685]],[[135.271961,34.84685],[135.272133,34.846866],[135.272355,34.846856],[135.272615,34.846894],[135.272794,34.846985],[135.273069,34.847163],[135.273341,34.847319],[135.273687,34.847618],[135.273874,34.847729],[135.274066,34.847834],[135.274413,34.848068],[135.274529,34.848108],[135.27463,34.848107],[135.274692,34.848059],[135.274854,34.847846],[135.274932,34.8478],[135.2753,34.847691],[135.275436,34.847632],[135.275556,34.847554],[135.275733,34.847323],[135.275932,34.847252],[135.276367,34.847253],[135.276552,34.847222],[135.276711,34.847241],[135.276818,34.847292],[135.277055,34.847678],[135.277149,34.847803],[135.277298,34.847906],[135.277383,34.847925],[135.277441,34.847936],[135.277765,34.847853],[135.277915,34.847836],[135.278472,34.847966],[135.278666,34.847987],[135.279076,34.847959],[135.279247,34.847884],[135.279297,34.847726],[135.279345,34.847646],[135.279422,34.847603],[135.279759,34.847503],[135.280234,34.847383],[135.280618,34.847319],[135.280763,34.847268],[135.281134,34.847024],[135.281287,34.846996],[135.281324,34.847135],[135.281309,34.847196],[135.281131,34.84745],[135.281097,34.847554],[135.281123,34.8477],[135.2813,34.847924],[135.281337,34.848021],[135.281339,34.848192],[135.281359,34.84825],[135.281476,34.848428],[135.281622,34.848571],[135.281757,34.848657],[135.281889,34.84869],[135.282056,34.848702],[135.28231,34.848678],[135.282462,34.848638],[135.282555,34.848577],[135.282703,34.84844],[135.282815,34.848399],[135.282914,34.848419],[135.283231,34.84865],[135.283245,34.848671],[135.283106,34.848949],[135.282898,34.84944],[135.28278,34.849637],[135.282643,34.849847],[135.282497,34.849995],[135.282436,34.850133],[135.282431,34.850221],[135.282452,34.850356],[135.282516,34.850491],[135.282579,34.850657],[135.282626,34.850724],[135.28275,34.850811],[135.282786,34.850881],[135.282779,34.850944],[135.282688,34.851136],[135.282749,34.851429],[135.282767,34.851595],[135.282647,34.851824],[135.282645,34.851891],[135.282708,34.851954],[135.282941,34.851995],[135.283048,34.852032],[135.28334,34.852224],[135.283566,34.852389],[135.283736,34.852647],[135.28407,34.852928],[135.284247,34.853087],[135.284398,34.853183],[135.284487,34.85329],[135.284519,34.853416],[135.284498,34.853495],[135.284404,34.85366],[135.28452,34.853783],[135.284572,34.854004],[135.28463,34.854508],[135.284863,34.854578],[135.28502,34.854672],[135.285139,34.85482],[135.285243,34.855053],[135.285513,34.855466],[135.285587,34.855533],[135.285659,34.85555],[135.285959,34.855483],[135.28607,34.855466],[135.286185,34.855479],[135.28643,34.855562],[135.286731,34.855639],[135.286865,34.855651],[135.287048,34.855634],[135.287649,34.855298],[135.287688,34.85519],[135.287747,34.855081],[135.287915,34.854917],[135.288072,34.854799],[135.288219,34.854728],[135.288462,34.85456],[135.288795,34.854752],[135.289002,34.854971],[135.2894,34.855212],[135.289559,34.855263],[135.289675,34.855352],[135.289822,34.855491],[135.289961,34.855681],[135.290035,34.855759],[135.290123,34.855819],[135.290346,34.855944],[135.290357,34.855966],[135.29028,34.856154],[135.290301,34.856267],[135.290382,34.856448],[135.290483,34.856617],[135.290633,34.856812],[135.290697,34.856942],[135.290699,34.857011],[135.290719,34.857645],[135.29073,34.857893],[135.290744,34.858445],[135.290805,34.858735],[135.291028,34.859308],[135.29112,34.859665],[135.291272,34.860095],[135.29157,34.860525],[135.291923,34.860833],[135.292045,34.860925],[135.292149,34.860985],[135.292781,34.861225],[135.292944,34.861255],[135.293716,34.86152],[135.293802,34.861375],[135.293831,34.861219],[135.293791,34.861018],[135.293689,34.860838],[135.293137,34.860382],[135.292965,34.860155],[135.2929,34.859902],[135.292922,34.859659],[135.293045,34.859462],[135.293169,34.859342],[135.293432,34.859246],[135.29367,34.859203],[135.293927,34.859201],[135.294593,34.859284],[135.295306,34.859296],[135.295575,34.859253],[135.295762,34.859179],[135.296043,34.859032],[135.296523,34.858749],[135.296679,34.858727],[135.296893,34.858751],[135.300591,34.85944],[135.300823,34.859413],[135.301917,34.859088],[135.302004,34.859],[135.302022,34.858906],[135.301951,34.858721],[135.301282,34.857862],[135.300721,34.857435],[135.300225,34.856934],[135.30001,34.856716],[135.29971,34.856253],[135.299587,34.855975],[135.299561,34.855646],[135.299614,34.855273],[135.299747,34.854921],[135.299988,34.854598],[135.300268,34.854363],[135.300605,34.854179],[135.300942,34.854057],[135.301181,34.854056],[135.301332,34.854101],[135.302722,34.854636],[135.302973,34.854691],[135.30318,34.854689],[135.304354,34.854674],[135.305198,34.854686],[135.305656,34.854729],[135.306046,34.854767],[135.306342,34.854837],[135.307915,34.85551],[135.309178,34.856203],[135.310548,34.857127],[135.311461,34.857661],[135.312193,34.858051],[135.312471,34.858199],[135.31282,34.858323],[135.313162,34.858374],[135.313557,34.858352],[135.313778,34.858283],[135.313903,34.858243],[135.314268,34.858044],[135.314516,34.857809],[135.315415,34.856555],[135.315546,34.856257],[135.31555,34.85604],[135.315525,34.855825],[135.315418,34.854956],[135.315422,34.854733],[135.315503,34.854505],[135.315834,34.853932],[135.316058,34.853299],[135.316124,34.852911],[135.316119,34.852524],[135.316056,34.85231],[135.315944,34.852162],[135.315482,34.851684],[135.315051,34.851151],[135.314656,34.850643],[135.314034,34.849778],[135.313791,34.849361],[135.313691,34.84906],[135.313693,34.848882],[135.313793,34.848669],[135.314128,34.848216],[135.314446,34.847884],[135.315008,34.84754],[135.316085,34.846972],[135.316232,34.846838],[135.316326,34.846668],[135.316363,34.846482],[135.316331,34.846026],[135.316387,34.845872],[135.316886,34.845351],[135.317128,34.845158],[135.31723,34.845046],[135.317673,34.844175],[135.317831,34.843935],[135.318067,34.843753],[135.318269,34.84358],[135.318334,34.843489],[135.318387,34.843385],[135.318533,34.84249],[135.318575,34.842318],[135.318704,34.8421],[135.318865,34.841805],[135.318939,34.8416],[135.319043,34.84133],[135.319178,34.841135],[135.319477,34.840879],[135.319836,34.840614],[135.320026,34.840517],[135.320327,34.840429],[135.320458,34.840369],[135.320561,34.840246],[135.320714,34.839971],[135.32084,34.839518],[135.320935,34.838936],[135.320968,34.838533],[135.320882,34.837746],[135.320771,34.836954],[135.320763,34.836745],[135.320838,34.836546],[135.321094,34.836334],[135.321379,34.836171],[135.321689,34.836017],[135.322218,34.835826],[135.322803,34.83562],[135.322934,34.835549],[135.323143,34.835436],[135.323355,34.835283],[135.323687,34.834967],[135.323995,34.834622],[135.324223,34.834313],[135.324517,34.833812],[135.324687,34.83349],[135.324722,34.833344],[135.324812,34.832713],[135.324906,34.832359],[135.324999,34.831981],[135.32495,34.830693],[135.324961,34.830582],[135.32502,34.830436],[135.325201,34.830107],[135.325259,34.829891],[135.325273,34.829661],[135.32504,34.828769],[135.324872,34.828443],[135.32473,34.828196],[135.32435,34.827785],[135.32399,34.827448],[135.323516,34.826842],[135.323124,34.826444]],[[135.301744,34.828404],[135.301995,34.828328],[135.302141,34.8285],[135.302285,34.828515],[135.302382,34.828533],[135.302472,34.828574],[135.302462,34.828068],[135.302569,34.827868],[135.302783,34.827915],[135.302985,34.827932],[135.30316,34.82794],[135.30319,34.82779],[135.30321,34.827543],[135.303494,34.827563],[135.303731,34.827596],[135.304256,34.827764],[135.304427,34.827794],[135.304668,34.827815],[135.304633,34.827751],[135.304679,34.827693],[135.305357,34.82755],[135.305271,34.827699],[135.305309,34.827695],[135.306129,34.82759],[135.306206,34.827759]],[[135.306206,34.827759],[135.306209,34.827528],[135.306249,34.827481],[135.30635,34.827451],[135.306722,34.827372],[135.306869,34.827295],[135.306954,34.827185],[135.306989,34.82708]],[[135.306989,34.82708],[135.306962,34.827017],[135.306844,34.826934],[135.306634,34.826889],[135.306175,34.826872],[135.306027,34.826831],[135.305924,34.826773],[135.305974,34.826667],[135.3061,34.826515],[135.306337,34.826332],[135.306915,34.826016],[135.307133,34.825918],[135.307412,34.825823],[135.307718,34.825766],[135.308451,34.825702],[135.308746,34.825658],[135.309036,34.825566],[135.309123,34.82569]],[[135.309123,34.82569],[135.30928,34.82562],[135.309503,34.825487],[135.309657,34.825373],[135.309876,34.82517],[135.310083,34.824915],[135.310152,34.82478],[135.310173,34.824594],[135.310175,34.824323],[135.31015,34.824199],[135.310083,34.824077],[135.309984,34.823937],[135.309682,34.823547],[135.309568,34.823356],[135.309543,34.823244],[135.309542,34.823164],[135.309568,34.823058],[135.309625,34.822952],[135.309725,34.822874],[135.309829,34.822831],[135.309983,34.822628],[135.310042,34.822483],[135.310052,34.822397],[135.310037,34.822246],[135.310013,34.822069],[135.309938,34.821838],[135.309753,34.82154],[135.309713,34.821372],[135.309728,34.821258],[135.30989,34.820985],[135.309883,34.82088],[135.309849,34.820785],[135.309737,34.820654],[135.309675,34.820537],[135.309679,34.820414],[135.309705,34.820287],[135.309753,34.820114],[135.309768,34.820041],[135.309762,34.819973],[135.309759,34.819879]],[[135.309759,34.819879],[135.308046,34.819999],[135.307454,34.819997],[135.306439,34.819941],[135.305253,34.819801],[135.304105,34.819569],[135.30343,34.819375],[135.302971,34.819156],[135.302574,34.818907],[135.302257,34.818655],[135.301894,34.818276],[135.301766,34.818191],[135.301373,34.818008],[135.301152,34.817951],[135.301069,34.817901],[135.300924,34.817771],[135.300581,34.817624],[135.300484,34.817604],[135.300032,34.817589],[135.299927,34.817554],[135.299855,34.817495],[135.299849,34.817432],[135.29987,34.817318],[135.299877,34.817266],[135.299848,34.817134],[135.299674,34.816831],[135.299556,34.816673],[135.299473,34.816587],[135.299323,34.816516],[135.299278,34.816439],[135.299238,34.816317],[135.299269,34.816166],[135.299344,34.815984],[135.299343,34.815834],[135.299314,34.815775],[135.299226,34.815744],[135.299069,34.81573],[135.298942,34.815699],[135.298881,34.815704],[135.298738,34.815755],[135.298623,34.815774],[135.298474,34.81578],[135.298353,34.815785],[135.298216,34.815832],[135.298041,34.815938],[135.297915,34.816007],[135.297641,34.816104],[135.297312,34.816243],[135.297158,34.816244],[135.297031,34.816255],[135.296751,34.81632],[135.296426,34.816328],[135.296288,34.816342],[135.296107,34.816389],[135.295652,34.816602],[135.295341,34.816786],[135.295259,34.816864],[135.295162,34.817024],[135.295109,34.817049],[135.294395,34.816124],[135.295755,34.815003],[135.295793,34.814922],[135.295779,34.814873],[135.29543,34.814601],[135.295012,34.81461],[135.294593,34.81457],[135.294278,34.814513],[135.293936,34.814311],[135.293557,34.81402],[135.293451,34.813967],[135.293327,34.813963],[135.292688,34.814049],[135.292191,34.814074],[135.291831,34.814056],[135.291274,34.81393],[135.290534,34.813635]],[[135.290534,34.813635],[135.290393,34.81385],[135.290218,34.814113],[135.290167,34.814175],[135.28995,34.81435],[135.289681,34.814508],[135.289571,34.814541],[135.289111,34.814694],[135.287282,34.815146],[135.286995,34.815261],[135.286828,34.815359],[135.286748,34.815396],[135.286614,34.81559],[135.28657,34.815626],[135.285911,34.815861],[135.285647,34.81595],[135.28537,34.816135],[135.285259,34.816233],[135.284833,34.816747],[135.284749,34.816818],[135.284606,34.816898],[135.282795,34.817421],[135.282622,34.817677],[135.282354,34.818088],[135.28207,34.818407],[135.281528,34.818819],[135.281488,34.818839],[135.281297,34.818884],[135.280884,34.819047],[135.280652,34.819209],[135.280431,34.819371],[135.280222,34.819449],[135.279778,34.819565],[135.279458,34.819772],[135.279261,34.819922],[135.278989,34.820041],[135.27885,34.820168],[135.278849,34.820168],[135.278573,34.820302],[135.27844,34.820352],[135.278291,34.820344],[135.277886,34.820195],[135.277769,34.82017],[135.277625,34.820184],[135.277183,34.820285],[135.276996,34.820299],[135.276804,34.820265],[135.276398,34.820075]],[[135.276398,34.820075],[135.275933,34.820461],[135.275911,34.820531],[135.275918,34.820638],[135.276104,34.821091],[135.276134,34.821174],[135.27613,34.821347],[135.2761,34.82175],[135.276101,34.821829],[135.276153,34.821894],[135.276912,34.822281],[135.277045,34.822254],[135.277147,34.822235],[135.277271,34.822253],[135.27746,34.822392],[135.278423,34.823509],[135.278706,34.824025],[135.278708,34.82417]],[[135.278708,34.82417],[135.278745,34.824159],[135.279424,34.823953],[135.279848,34.823911],[135.280305,34.823959],[135.280772,34.824137],[135.284648,34.826763]],[[135.284648,34.826763],[135.284994,34.826732],[135.28525,34.826742],[135.285545,34.82678],[135.285787,34.826831],[135.285951,34.826881],[135.286063,34.826874],[135.286116,34.826853],[135.286155,34.826818],[135.286198,34.826747],[135.286257,34.826643],[135.286317,34.826584],[135.286478,34.826517],[135.286527,34.826502],[135.28662,34.826504],[135.286769,34.826515],[135.286794,34.826491],[135.286872,34.826534],[135.286996,34.826524],[135.287099,34.826524],[135.287213,34.826532],[135.287341,34.826548],[135.28755,34.826506],[135.28766,34.826452],[135.28793,34.826157],[135.288014,34.826083],[135.288127,34.826031]],[[135.288127,34.826031],[135.288125,34.825993],[135.288124,34.825965],[135.288102,34.82587],[135.28815,34.825714],[135.288259,34.825599],[135.288478,34.825498],[135.288765,34.82539],[135.288977,34.825339],[135.289128,34.825319],[135.289205,34.825271],[135.289301,34.825247],[135.289556,34.825216],[135.289716,34.825215],[135.289862,34.825231],[135.289965,34.825236],[135.290046,34.825221],[135.290289,34.825154],[135.290387,34.825136],[135.29051,34.825135],[135.290608,34.825149],[135.290685,34.825148],[135.290756,34.825127],[135.290936,34.825044],[135.290996,34.825029],[135.291081,34.825034],[135.291156,34.825071],[135.291524,34.824943],[135.291567,34.824945],[135.291603,34.824954],[135.291666,34.824944],[135.291712,34.824909],[135.291803,34.824753],[135.291951,34.824841],[135.291947,34.824939],[135.291951,34.825045],[135.291966,34.825157],[135.29201,34.825251],[135.292088,34.825344],[135.292113,34.825381],[135.292155,34.825457],[135.292191,34.825534],[135.291839,34.825502],[135.291916,34.825758],[135.292118,34.825776],[135.292007,34.826157],[135.291917,34.826298],[135.291971,34.826444],[135.292015,34.826506],[135.292038,34.826521],[135.292068,34.82654],[135.292391,34.826668],[135.292719,34.826887],[135.292699,34.827007],[135.292739,34.827071],[135.292655,34.827233],[135.292652,34.827274],[135.292684,34.82738],[135.292657,34.827527],[135.292665,34.827565],[135.292746,34.827671],[135.292771,34.827741],[135.292819,34.827841],[135.292933,34.82786],[135.293027,34.828009],[135.293084,34.82807],[135.293088,34.828105]],[[135.293088,34.828105],[135.293905,34.829264]],[[135.293905,34.829264],[135.294244,34.829145],[135.294296,34.829118],[135.294311,34.829088],[135.294487,34.828994],[135.294823,34.829483],[135.294973,34.829454],[135.295074,34.829439],[135.295186,34.829448],[135.295278,34.829463],[135.295385,34.829454],[135.296101,34.829223],[135.296169,34.829179],[135.296742,34.828895],[135.296997,34.828584],[135.297395,34.828229],[135.297867,34.828164],[135.298364,34.82809],[135.298681,34.828019],[135.298835,34.828002],[135.29906,34.827994],[135.299265,34.828009],[135.300047,34.82809],[135.30013,34.828112],[135.300268,34.828111],[135.300462,34.828104],[135.300731,34.828085],[135.301119,34.828117],[135.301304,34.828142],[135.301437,34.8282],[135.301555,34.828276],[135.301744,34.828404]],[[135.294178,34.825878],[135.294084,34.825776],[135.294024,34.825702],[135.294002,34.825626],[135.29402,34.825427],[135.294021,34.825282],[135.293994,34.825193],[135.293815,34.824883],[135.294286,34.823943],[135.295727,34.823579],[135.296549,34.82303],[135.296673,34.822888],[135.29677,34.82283],[135.296827,34.82281],[135.297099,34.822767],[135.29716,34.82274],[135.297192,34.822703],[135.297192,34.822669],[135.296985,34.822426],[135.296952,34.822332],[135.296938,34.822225],[135.296956,34.822132],[135.296983,34.822085],[135.29706,34.822051],[135.29722,34.821984],[135.297392,34.821986],[135.297396,34.821986],[135.297743,34.822087],[135.297846,34.822174],[135.297908,34.822251],[135.297937,34.822317],[135.298483,34.822692],[135.298534,34.822706],[135.298544,34.822709],[135.298572,34.822702],[135.29858,34.822668],[135.298497,34.822531],[135.298527,34.822423],[135.298544,34.822363],[135.298781,34.822096],[135.299644,34.822408],[135.299733,34.822343],[135.299834,34.822309],[135.299946,34.82228],[135.300008,34.822195],[135.300056,34.822121],[135.300114,34.82215],[135.300179,34.822155],[135.300235,34.822145],[135.300343,34.822085],[135.30035,34.822074],[135.300351,34.821963],[135.30037,34.821889],[135.300439,34.821791],[135.300413,34.821716],[135.300415,34.821662],[135.300441,34.821614],[135.300525,34.821491],[135.300531,34.821453],[135.30054,34.8214],[135.300634,34.821084],[135.301719,34.821087]],[[135.301719,34.821087],[135.301718,34.820973],[135.301852,34.820972],[135.301888,34.820945],[135.301932,34.820884],[135.302202,34.820664],[135.302514,34.820527],[135.302701,34.820495],[135.302852,34.820511],[135.302926,34.820544],[135.303035,34.820513],[135.303133,34.820509],[135.303215,34.820555],[135.303328,34.820616],[135.303486,34.820571],[135.30364,34.820546],[135.303723,34.82066],[135.303779,34.820921],[135.303824,34.820941],[135.303881,34.820931],[135.30399,34.820846],[135.304046,34.820825],[135.304177,34.820821],[135.304221,34.820807],[135.304302,34.820743],[135.304359,34.820739],[135.304494,34.820761],[135.304542,34.820744],[135.304708,34.820635],[135.304951,34.820599],[135.305387,34.820257],[135.30533,34.8202],[135.305464,34.820166],[135.305489,34.820246],[135.305507,34.82037],[135.305496,34.820468],[135.305352,34.820847],[135.305344,34.820931],[135.305387,34.821071],[135.305396,34.821145],[135.305409,34.821256],[135.305385,34.821441],[135.305337,34.821801],[135.305291,34.822154],[135.305277,34.822313],[135.305305,34.822526],[135.305313,34.822588],[135.305385,34.822819],[135.305459,34.822926],[135.305753,34.823173],[135.305869,34.823303],[135.306063,34.823537],[135.305917,34.823545],[135.305787,34.823569],[135.305557,34.823773]],[[135.305557,34.823773],[135.305596,34.82383],[135.305706,34.823838],[135.305674,34.82387],[135.305644,34.823909],[135.305598,34.824],[135.305583,34.824089],[135.305395,34.82418],[135.30515,34.824135],[135.304946,34.824117],[135.304688,34.824107],[135.304656,34.824204],[135.304653,34.824278],[135.304647,34.824436],[135.304714,34.825099],[135.304612,34.825096],[135.304198,34.82522],[135.304053,34.825123],[135.303892,34.825202],[135.303707,34.825308],[135.30364,34.825281],[135.303608,34.825377],[135.30356,34.825445],[135.303482,34.825428],[135.303461,34.825501],[135.303415,34.825488],[135.30338,34.825494],[135.303355,34.825523],[135.303288,34.825741],[135.303301,34.825832],[135.303298,34.825869],[135.303274,34.825909],[135.303217,34.825953],[135.303374,34.826229],[135.303664,34.82674],[135.303432,34.826726],[135.303332,34.826877],[135.303239,34.826965],[135.30294,34.827163],[135.302846,34.82713],[135.302758,34.827255],[135.302456,34.827166],[135.302462,34.826809],[135.302343,34.826776],[135.302264,34.826928],[135.302178,34.826932],[135.302116,34.826865],[135.301928,34.826698],[135.30192,34.826709],[135.3019,34.826746],[135.301899,34.826781],[135.301907,34.826812],[135.301931,34.826848],[135.302101,34.82708],[135.302046,34.827106],[135.301963,34.827126],[135.301887,34.827132],[135.301648,34.827215],[135.301547,34.827256],[135.301459,34.827384],[135.301352,34.827304],[135.301283,34.827359],[135.301165,34.827299],[135.301063,34.827277],[135.300879,34.827251],[135.300691,34.827219],[135.300524,34.8272],[135.300334,34.82714],[135.300326,34.827106],[135.300162,34.827158]],[[135.300162,34.827158],[135.300062,34.827216],[135.299969,34.827287],[135.299818,34.827255],[135.299725,34.827255],[135.299615,34.827273],[135.299502,34.827311],[135.299058,34.827093],[135.298781,34.826957],[135.298642,34.827078],[135.298288,34.827097],[135.298247,34.827084],[135.298234,34.827054],[135.297923,34.827224],[135.298018,34.827334],[135.29788,34.827372],[135.297786,34.827319],[135.297376,34.827088],[135.297208,34.827032],[135.297078,34.827013],[135.29686,34.827186],[135.296836,34.827219],[135.29679,34.827505],[135.296619,34.827503],[135.296328,34.827297],[135.29619,34.827362],[135.296084,34.827173],[135.295926,34.827228],[135.295968,34.827325],[135.296013,34.827345],[135.295936,34.827393],[135.29588,34.827534],[135.295746,34.827555],[135.295693,34.827519],[135.295604,34.827536],[135.295539,34.827534],[135.295461,34.827507],[135.29527,34.827512],[135.295123,34.827476],[135.294971,34.827417],[135.294881,34.827327],[135.294726,34.827149],[135.294669,34.827123],[135.294616,34.827123],[135.294547,34.827154],[135.294464,34.82703],[135.294463,34.826956],[135.294495,34.826865],[135.294519,34.826814],[135.294504,34.826734],[135.294513,34.82666],[135.294545,34.826617],[135.294552,34.826583],[135.294536,34.826563],[135.294479,34.82654],[135.294418,34.826499],[135.294387,34.82646],[135.294359,34.826413],[135.294269,34.826356],[135.294226,34.826342],[135.294184,34.826331],[135.294255,34.826053],[135.29424,34.825959],[135.294178,34.825878]],[[135.315627,34.827389],[135.31548,34.827407],[135.315291,34.827399],[135.315133,34.827369],[135.315054,34.827342],[135.314859,34.827341]],[[135.314859,34.827341],[135.314807,34.827377],[135.314587,34.827466],[135.314436,34.827515],[135.31443,34.827511],[135.314289,34.827551],[135.31443,34.828048]],[[135.31443,34.828048],[135.314706,34.828003],[135.315013,34.827952],[135.315051,34.82795],[135.315083,34.827944],[135.315184,34.827911],[135.315269,34.827891],[135.315294,34.827885],[135.315391,34.82782],[135.315429,34.827799],[135.3155,34.827782],[135.315601,34.827743],[135.315664,34.827588],[135.315627,34.827389]],[[135.288982,34.831658],[135.28905,34.831675],[135.289183,34.831663],[135.289292,34.831638],[135.289428,34.831601],[135.289832,34.831582],[135.289991,34.831559],[135.290086,34.831535],[135.289593,34.8314],[135.2897,34.83129],[135.28977,34.831336],[135.289869,34.83136],[135.290009,34.831371],[135.290182,34.831367],[135.290204,34.831275],[135.290207,34.831153],[135.290207,34.831093],[135.290186,34.831063],[135.290035,34.830898],[135.290032,34.83087],[135.290051,34.830854],[135.290088,34.830851],[135.290244,34.830855],[135.290297,34.830852],[135.290333,34.830835],[135.290373,34.830803],[135.290395,34.830785],[135.290491,34.830735],[135.290725,34.830702],[135.290887,34.830671],[135.291099,34.83062],[135.291472,34.830499],[135.291433,34.830259],[135.291638,34.830238],[135.292056,34.830208],[135.292213,34.830197]],[[135.292213,34.830197],[135.292468,34.830177],[135.29266,34.830162],[135.292295,34.830034],[135.292208,34.829799],[135.292661,34.829713],[135.292765,34.829689],[135.292833,34.829652],[135.292909,34.829641],[135.293021,34.829601],[135.293737,34.829323],[135.293905,34.829264]],[[135.293088,34.828105],[135.292986,34.828191],[135.292948,34.828247],[135.292857,34.828379],[135.292815,34.828412],[135.292772,34.828427],[135.2927,34.828448],[135.292664,34.828553],[135.292629,34.828645],[135.292462,34.82886],[135.292481,34.828926],[135.292241,34.82931],[135.292363,34.82938],[135.292036,34.829458],[135.291705,34.829536],[135.291681,34.829467],[135.29165,34.829378],[135.291468,34.829343],[135.291353,34.829321],[135.291282,34.829339],[135.291225,34.82934],[135.291225,34.829299],[135.291249,34.829246],[135.291335,34.829173],[135.291255,34.829165],[135.291122,34.829144],[135.290984,34.829194],[135.290766,34.829191],[135.290619,34.829072],[135.290506,34.829024],[135.290369,34.829101],[135.290164,34.829141],[135.289992,34.829099],[135.289847,34.828874],[135.289802,34.828697],[135.289774,34.828586],[135.289664,34.828558],[135.289576,34.828535],[135.28939,34.828488],[135.289323,34.828423],[135.289296,34.828309],[135.289311,34.828242],[135.289365,34.828003],[135.289364,34.827894],[135.289276,34.82771],[135.28915,34.827582],[135.288985,34.827421],[135.288904,34.827319],[135.288851,34.827222]],[[135.288851,34.827222],[135.288777,34.82742],[135.288542,34.827641],[135.288478,34.827662],[135.288365,34.827678],[135.288194,34.827647],[135.288137,34.827656],[135.288067,34.827713],[135.288004,34.827818],[135.287984,34.827918],[135.287918,34.828018],[135.287806,34.828137],[135.28781,34.82841],[135.287889,34.828427],[135.288003,34.828467],[135.288121,34.828534],[135.288354,34.82871],[135.288422,34.828763],[135.288522,34.8288],[135.288833,34.828855],[135.288922,34.828889],[135.288994,34.828953],[135.28903,34.829035],[135.289014,34.829181],[135.288896,34.829411],[135.28872,34.829558],[135.288582,34.829615],[135.288366,34.829658],[135.288243,34.829714],[135.288126,34.829792],[135.28801,34.829877],[135.287907,34.829887],[135.287805,34.829914],[135.28768,34.829945],[135.287351,34.830038]],[[135.287351,34.830038],[135.286962,34.830069],[135.286716,34.830123],[135.286471,34.830217],[135.286021,34.830476],[135.285113,34.830982],[135.284624,34.831346],[135.284454,34.831442],[135.284233,34.831555],[135.283615,34.83175],[135.282881,34.832249],[135.282834,34.832281],[135.28254,34.832627],[135.28243,34.8327],[135.282239,34.832748],[135.281739,34.832758],[135.281509,34.832832],[135.28128,34.832998],[135.281156,34.833228],[135.281104,34.833536],[135.281017,34.833596],[135.280866,34.833637],[135.280507,34.83363],[135.280506,34.833629]],[[135.280506,34.833629],[135.280501,34.83363],[135.280678,34.833721],[135.280679,34.833721],[135.280681,34.833721],[135.280865,34.833722],[135.280867,34.833722],[135.281024,34.833648],[135.281025,34.833648],[135.281107,34.83372],[135.280935,34.833827],[135.281171,34.833851],[135.28062,34.834115],[135.280761,34.834131],[135.280627,34.834188],[135.280671,34.834225]],[[135.280671,34.834225],[135.280684,34.834183],[135.281056,34.834017],[135.281452,34.833809],[135.28234,34.833822],[135.282342,34.833928],[135.282389,34.833948],[135.282442,34.83399],[135.282481,34.834065],[135.282516,34.834139],[135.282508,34.834391],[135.282179,34.834287],[135.281899,34.834505],[135.281857,34.834645],[135.281818,34.834773]],[[135.281818,34.834773],[135.281827,34.834826],[135.281823,34.834902],[135.281813,34.834965],[135.281798,34.835014],[135.281743,34.83516],[135.281685,34.835275],[135.281682,34.835295],[135.281686,34.835304],[135.28174,34.835358],[135.281888,34.835443],[135.281859,34.835489],[135.282061,34.835472],[135.282277,34.835717],[135.282312,34.835743],[135.282347,34.835754],[135.282373,34.835749],[135.282395,34.835731],[135.282419,34.835684],[135.282451,34.835634],[135.282472,34.835621],[135.28249,34.83563],[135.282521,34.835714],[135.28254,34.835751],[135.282555,34.835761],[135.282581,34.835767],[135.282595,34.835766],[135.28262,34.83576],[135.28266,34.835737],[135.282698,34.835707],[135.282718,34.835668],[135.282723,34.835611],[135.282707,34.835529],[135.282662,34.835419],[135.282614,34.835313],[135.28255,34.835143],[135.282464,34.835125],[135.282392,34.835108],[135.282223,34.835031],[135.282198,34.835009],[135.282178,34.834953],[135.282172,34.834896],[135.282179,34.834731],[135.282191,34.834702],[135.282221,34.834672],[135.28224,34.834658],[135.282282,34.834627],[135.282348,34.834601],[135.282414,34.834569],[135.282459,34.83454],[135.282499,34.834506],[135.282529,34.834471],[135.282563,34.834421],[135.282581,34.834362],[135.282589,34.834283],[135.282593,34.834196],[135.28266,34.834191],[135.28272,34.834177],[135.28277,34.834149],[135.282833,34.834068],[135.282894,34.834109],[135.283014,34.834125],[135.283148,34.834121],[135.283312,34.834095],[135.283463,34.834083],[135.28384,34.833961],[135.284003,34.833885],[135.284143,34.833798],[135.284202,34.833712],[135.284228,34.833654],[135.284226,34.833617],[135.284224,34.833577],[135.284301,34.833562],[135.284425,34.833531],[135.284555,34.833469],[135.284631,34.833408],[135.284767,34.833294],[135.28479,34.833296],[135.284828,34.833332],[135.284891,34.83334],[135.285162,34.833302],[135.285269,34.833295],[135.285354,34.833322],[135.285421,34.83336],[135.285522,34.83344],[135.285577,34.833497],[135.285578,34.833575],[135.285555,34.833627],[135.285498,34.833683],[135.285213,34.833725],[135.285248,34.833904],[135.285288,34.834063],[135.285359,34.834205]],[[135.277533,34.831247],[135.27768,34.830961],[135.277969,34.8307],[135.278018,34.830657],[135.278381,34.830431],[135.278426,34.830412],[135.278658,34.830317],[135.278992,34.830275],[135.279976,34.830196],[135.280083,34.830171],[135.280759,34.830017],[135.281177,34.829921],[135.283439,34.828848],[135.283604,34.828729],[135.283697,34.828485],[135.283869,34.828255],[135.284065,34.828024],[135.284214,34.827872],[135.284285,34.827799],[135.284403,34.827693],[135.284626,34.827577]],[[135.284626,34.827577],[135.284743,34.827342],[135.284508,34.827294],[135.284568,34.826933],[135.284607,34.826909],[135.284624,34.826886],[135.284627,34.82681],[135.284648,34.826763]],[[135.278708,34.82417],[135.278641,34.824236],[135.278392,34.824336],[135.27755,34.824577],[135.276958,34.824617],[135.27681,34.825562],[135.27667,34.82568],[135.276612,34.825786],[135.276607,34.825917],[135.276689,34.826159],[135.27668,34.826346],[135.276679,34.826346],[135.276168,34.82614],[135.276024,34.826015],[135.275948,34.825805],[135.27589,34.825703],[135.275753,34.82561],[135.275457,34.8255],[135.27494,34.825373],[135.274676,34.8256],[135.274359,34.825876],[135.274122,34.826036],[135.2738,34.826151],[135.272981,34.826391],[135.271956,34.8278]],[[135.271956,34.8278],[135.271956,34.8278]],[[135.271956,34.8278],[135.271428,34.827692],[135.271178,34.82767],[135.270947,34.827761],[135.270727,34.827893],[135.270581,34.828053],[135.270502,34.828276],[135.270351,34.828338],[135.268803,34.828972],[135.267948,34.829378],[135.267881,34.829463],[135.267882,34.829571],[135.268056,34.829925],[135.268115,34.830078],[135.268204,34.83041],[135.2684,34.830721],[135.268436,34.830871],[135.26842,34.830997],[135.268387,34.8311],[135.268281,34.831204],[135.26828,34.831204],[135.267716,34.831201],[135.267592,34.831235],[135.267493,34.831484],[135.267393,34.831681],[135.267143,34.832146],[135.267111,34.832588],[135.266837,34.832917],[135.266582,34.833541],[135.266393,34.834003],[135.266036,34.834615]],[[135.266036,34.834615],[135.266209,34.834424],[135.266369,34.834136],[135.266432,34.834308],[135.266542,34.834364],[135.266638,34.834374],[135.266723,34.83437],[135.266846,34.834306],[135.267129,34.834209],[135.267217,34.834205],[135.267192,34.834328],[135.267565,34.8344],[135.267623,34.834449],[135.267625,34.834521],[135.267596,34.834621],[135.267516,34.834691],[135.267266,34.834693],[135.267122,34.834739],[135.267039,34.834835],[135.267008,34.834929],[135.267564,34.834893],[135.267955,34.834726],[135.268502,34.834725],[135.268741,34.834611],[135.268905,34.834515],[135.269182,34.834486],[135.269322,34.83445],[135.269475,34.834432],[135.269607,34.834438],[135.269743,34.834454],[135.269796,34.834444],[135.269797,34.834444],[135.269856,34.834388],[135.269924,34.834358],[135.270012,34.834363],[135.270093,34.834236],[135.27014,34.834195],[135.270263,34.834147],[135.270311,34.834138],[135.270333,34.834118],[135.270311,34.834067],[135.270307,34.834034],[135.270659,34.833764],[135.27092,34.833735],[135.270913,34.83376],[135.271604,34.833877],[135.27163,34.83387],[135.271773,34.833832],[135.271871,34.833788],[135.271928,34.833719],[135.271927,34.833633],[135.272132,34.833648],[135.272238,34.833674],[135.272376,34.833744],[135.272508,34.83372],[135.272588,34.833749],[135.272618,34.833787],[135.272963,34.833713],[135.273518,34.833553],[135.273399,34.833425],[135.273339,34.833298],[135.273339,34.833212],[135.27343,34.832996],[135.273431,34.832996],[135.273709,34.833157],[135.27412,34.833343],[135.274595,34.833466],[135.274622,34.833573],[135.274705,34.83354],[135.274624,34.833305],[135.27446,34.83307],[135.274466,34.833048],[135.27457,34.833047],[135.274789,34.833502],[135.275261,34.8333],[135.275394,34.833248],[135.275587,34.833193],[135.2757,34.833172],[135.276,34.833148],[135.276358,34.833156],[135.276102,34.833275],[135.276165,34.833353],[135.276248,34.833338],[135.276385,34.833342],[135.276509,34.833405],[135.276606,34.833379],[135.276661,34.833383],[135.276625,34.833432],[135.276529,34.833523],[135.276537,34.833588],[135.276558,34.833613],[135.276495,34.833644],[135.276524,34.833673],[135.276553,34.833703],[135.276829,34.833611],[135.276999,34.833628],[135.277102,34.83364],[135.27739,34.833732],[135.277343,34.833674],[135.277005,34.833557],[135.277263,34.833473],[135.277316,34.833456],[135.277303,34.833279],[135.277163,34.833097],[135.277146,34.833073],[135.277024,34.832837],[135.277034,34.83251],[135.277031,34.832507],[135.277032,34.832507],[135.27693,34.832408],[135.276876,34.832289],[135.276888,34.831998],[135.276868,34.831823],[135.276979,34.831534],[135.277533,34.831247]],[[135.315541,34.821617],[135.315534,34.821619],[135.315427,34.821642],[135.315164,34.821641],[135.314384,34.821477],[135.314078,34.821336],[135.313609,34.821135],[135.312985,34.82096],[135.312717,34.82086],[135.310887,34.819891],[135.310641,34.819904],[135.310413,34.819902],[135.310053,34.81988],[135.309759,34.819879]],[[135.309123,34.82569],[135.30927,34.825883]],[[135.30927,34.825883],[135.30927,34.825883]],[[135.30927,34.825883],[135.309403,34.825848],[135.309548,34.825766],[135.309813,34.825569],[135.310055,34.825328],[135.310209,34.825138],[135.31034,34.824952],[135.310405,34.824814],[135.310425,34.824673],[135.310414,34.824576],[135.310398,34.824482],[135.310895,34.824426],[135.311135,34.824589],[135.311312,34.824386],[135.312085,34.824272],[135.312442,34.824385],[135.312785,34.824507],[135.313129,34.824574],[135.313221,34.824592],[135.313478,34.824745],[135.313604,34.82482],[135.313778,34.824923],[135.313839,34.825],[135.313859,34.825039],[135.313854,34.824965],[135.313878,34.824781],[135.313696,34.824511],[135.314085,34.824015],[135.314488,34.824039],[135.314882,34.823841],[135.315117,34.823518],[135.315501,34.823492],[135.315502,34.823492],[135.315746,34.823453],[135.31618,34.823337],[135.316454,34.823222],[135.31671,34.823093],[135.316782,34.823025],[135.31682,34.822945],[135.316817,34.822715],[135.316794,34.82266],[135.31678,34.822626],[135.316725,34.822551],[135.316602,34.822435],[135.316453,34.822324],[135.316316,34.822258],[135.316185,34.822249],[135.316043,34.822282],[135.315725,34.82246],[135.315169,34.822828],[135.315026,34.822735],[135.314923,34.822693],[135.314812,34.822649],[135.314622,34.822613],[135.314243,34.822577],[135.314265,34.822545],[135.314286,34.822464],[135.314373,34.822307],[135.314463,34.822177],[135.314597,34.822064],[135.315023,34.821699],[135.315344,34.821897],[135.315401,34.821833],[135.315456,34.821691],[135.315495,34.821651],[135.315541,34.821617]],[[135.270517,34.847536],[135.27048,34.847511],[135.270441,34.84738],[135.270339,34.846926],[135.270276,34.846719],[135.270227,34.846562],[135.270133,34.846017],[135.270128,34.845959],[135.270106,34.845701],[135.27007,34.845606],[135.270093,34.845537],[135.270108,34.845475],[135.269943,34.845466],[135.26955,34.845449],[135.269762,34.845355],[135.269869,34.845315],[135.270142,34.845143],[135.270274,34.845032],[135.270624,34.84499]],[[135.273911,34.840849],[135.274151,34.840553],[135.274178,34.84049],[135.274178,34.840478],[135.274192,34.840399],[135.274176,34.84033]],[[135.274176,34.84033],[135.274132,34.84014],[135.274159,34.840046],[135.274239,34.839959],[135.274542,34.839799],[135.274637,34.839724],[135.274783,34.839558],[135.274827,34.839461],[135.274816,34.839359],[135.274772,34.839281],[135.274667,34.839203],[135.274308,34.839116],[135.274112,34.839043],[135.273858,34.838942],[135.273484,34.838729],[135.273412,34.838694],[135.273288,34.838668],[135.272806,34.838597],[135.272682,34.838566],[135.272616,34.838537],[135.272562,34.838512],[135.272464,34.838437],[135.272368,34.838382],[135.272277,34.838355],[135.272201,34.838355],[135.272076,34.838354],[135.271986,34.838354],[135.271872,34.838327],[135.271771,34.838265],[135.271688,34.838144],[135.271687,34.838042],[135.27178,34.837821],[135.271784,34.837723],[135.271752,34.837479],[135.27178,34.837413],[135.271917,34.837301]],[[135.271917,34.837301],[135.27199,34.837195],[135.271982,34.837127],[135.271898,34.836998],[135.27183,34.836968],[135.271561,34.836941],[135.271219,34.836917],[135.271135,34.836868],[135.271121,34.836756],[135.271087,34.836568],[135.271009,34.836456],[135.270969,34.836406],[135.270881,34.836317],[135.270715,34.836262],[135.270142,34.836181],[135.270066,34.836212],[135.270526,34.836637],[135.270327,34.836953],[135.269792,34.836992],[135.269764,34.837789],[135.269764,34.837901],[135.269763,34.838082],[135.26976,34.838317],[135.269652,34.838515],[135.269653,34.83852],[135.269674,34.838602],[135.269625,34.838695],[135.269573,34.838794],[135.269587,34.838826],[135.269494,34.839093],[135.269561,34.839212],[135.269507,34.839843],[135.269567,34.840056],[135.269522,34.840179],[135.269429,34.840255],[135.269535,34.840494],[135.269559,34.840696],[135.269357,34.840685],[135.269134,34.8407],[135.268994,34.840657],[135.268603,34.84048],[135.268464,34.840463],[135.268305,34.840396],[135.268175,34.840287],[135.268186,34.840176],[135.268192,34.840123],[135.268369,34.839748],[135.268371,34.839673],[135.267559,34.839793],[135.267364,34.839995],[135.267205,34.840097],[135.267045,34.840172],[135.267033,34.840176],[135.26682,34.840243],[135.266815,34.839872],[135.266823,34.839745],[135.266887,34.839589],[135.266886,34.839415],[135.266819,34.839375],[135.266835,34.839221],[135.266941,34.839204],[135.267269,34.839205],[135.267557,34.83902],[135.267813,34.838978],[135.268188,34.83882],[135.268137,34.838718],[135.268137,34.837982],[135.267909,34.837837],[135.267904,34.837829],[135.267802,34.837651],[135.267771,34.837271],[135.267775,34.837232],[135.267585,34.837049],[135.267175,34.836655],[135.267193,34.836359],[135.267231,34.836275],[135.267276,34.83624],[135.26731,34.836198],[135.267346,34.836063],[135.267246,34.836058],[135.26702,34.836024],[135.266869,34.836042],[135.266626,34.836098],[135.2666,34.836162],[135.266461,34.836118],[135.266405,34.836145],[135.266369,34.836186],[135.266001,34.836135],[135.266028,34.836005],[135.266069,34.835833],[135.266029,34.83576],[135.265983,34.835668],[135.265836,34.835674]],[[135.265836,34.835674],[135.265738,34.835677],[135.265719,34.835848],[135.265693,34.836059],[135.265666,34.836181],[135.265621,34.836242],[135.265559,34.836289],[135.26535,34.836347],[135.265149,34.836388],[135.264958,34.836478],[135.264749,34.836606],[135.264615,34.836733],[135.264163,34.837663],[135.263913,34.838177],[135.264148,34.838385],[135.264189,34.838469],[135.263999,34.838742],[135.263887,34.838841],[135.263496,34.839085],[135.26332,34.839142],[135.263259,34.839203],[135.263242,34.839278],[135.263289,34.8394],[135.26329,34.839484],[135.26323,34.839685],[135.263125,34.839906],[135.26293,34.840197],[135.262428,34.840616],[135.262485,34.840673],[135.262788,34.840763],[135.26281,34.840821],[135.262741,34.840984],[135.262742,34.841042],[135.262784,34.841082],[135.263038,34.841115],[135.262914,34.841382],[135.262761,34.841522],[135.262699,34.841632],[135.262535,34.842488],[135.262413,34.842834],[135.262344,34.842973],[135.262343,34.84297],[135.262298,34.843022]],[[135.262298,34.843022],[135.262306,34.84303],[135.262108,34.843327],[135.261874,34.843497],[135.261914,34.844223],[135.26201,34.844364],[135.2623,34.844355],[135.262412,34.844388],[135.262528,34.844445],[135.262721,34.844595],[135.262784,34.84466],[135.262821,34.844736],[135.262864,34.844939],[135.26306,34.845484],[135.263015,34.845705],[135.263516,34.84579],[135.263782,34.845905],[135.263972,34.84596],[135.264103,34.846015],[135.264208,34.84608],[135.264333,34.846212],[135.264375,34.846338],[135.264361,34.846547],[135.264293,34.846823],[135.264258,34.847105],[135.264257,34.84724],[135.264299,34.84733],[135.264402,34.847485],[135.264422,34.847588],[135.264416,34.847748],[135.264389,34.847841],[135.264429,34.847967],[135.264496,34.848056],[135.264581,34.848135],[135.265039,34.848237],[135.265373,34.848286],[135.265521,34.848315],[135.26562,34.84835],[135.265975,34.84855],[135.266076,34.848581],[135.266478,34.848616],[135.267079,34.848589],[135.267224,34.84857],[135.267352,34.848528],[135.267469,34.848509],[135.267691,34.848501],[135.268169,34.848513],[135.268229,34.848478],[135.268375,34.848351],[135.268649,34.848173],[135.268802,34.848107],[135.268864,34.848089],[135.26893,34.84807],[135.2694,34.848109],[135.269686,34.847994],[135.270246,34.847746],[135.270284,34.847672],[135.270337,34.847609],[135.270403,34.847556],[135.270517,34.847536]],[[135.334436,34.818104],[135.334379,34.818105],[135.334321,34.818095],[135.334157,34.818034],[135.333889,34.817969],[135.333735,34.817952],[135.333398,34.817948],[135.333529,34.81765],[135.33354,34.817555],[135.333914,34.817649],[135.334011,34.817458],[135.333834,34.817183],[135.33375,34.817041],[135.333687,34.816907],[135.333623,34.816824],[135.333651,34.816701],[135.333615,34.815232],[135.333609,34.815126],[135.333586,34.814714],[135.333592,34.814661],[135.333866,34.813942],[135.333953,34.813812],[135.333985,34.813767],[135.334034,34.81364],[135.334084,34.813555],[135.334161,34.813435],[135.334167,34.813428]],[[135.334167,34.813428],[135.334167,34.813428]],[[135.334167,34.813428],[135.333544,34.813234],[135.333542,34.813233],[135.333358,34.813599],[135.333198,34.813918],[135.332715,34.813781],[135.332623,34.813755]],[[135.332623,34.813755],[135.332628,34.814679],[135.332673,34.814682],[135.332672,34.815228],[135.332715,34.815574],[135.332674,34.815633],[135.332672,34.816237],[135.332658,34.816251]],[[135.332658,34.816251],[135.332637,34.81627],[135.332585,34.816281],[135.332591,34.816434],[135.332591,34.816516],[135.332592,34.816639],[135.332592,34.816759],[135.332593,34.816901],[135.332592,34.816902],[135.332581,34.817015],[135.332556,34.817277],[135.332527,34.817408],[135.332489,34.817582],[135.332441,34.817831],[135.332368,34.818214],[135.332307,34.818517],[135.332217,34.818966]],[[135.332217,34.818966],[135.332038,34.819447],[135.331881,34.819834],[135.331828,34.819957],[135.331813,34.81999],[135.331742,34.820102],[135.331632,34.820221],[135.331432,34.820381],[135.331192,34.820533],[135.330994,34.820615],[135.330723,34.820678],[135.330265,34.820759],[135.330246,34.820827],[135.330219,34.820879],[135.330171,34.820913],[135.328196,34.821099],[135.327417,34.821194],[135.32705,34.821239],[135.326819,34.821237],[135.326595,34.821207],[135.326302,34.821132],[135.325847,34.820949],[135.325646,34.820834],[135.323791,34.81959],[135.323743,34.819332],[135.323655,34.819285],[135.322213,34.818502],[135.322395,34.81809]],[[135.322395,34.81809],[135.322449,34.817968],[135.322515,34.817993],[135.32257,34.817935],[135.322625,34.817915],[135.322824,34.817907],[135.322855,34.817901],[135.322944,34.817812],[135.323006,34.817731],[135.323108,34.817535],[135.323138,34.817419],[135.323162,34.817078],[135.323291,34.817085],[135.323317,34.817188],[135.323329,34.817272],[135.323361,34.817422],[135.323366,34.817515],[135.32336,34.81754],[135.323604,34.817538]],[[135.323604,34.817538],[135.323641,34.81739],[135.323643,34.817203],[135.323646,34.816442],[135.323582,34.816393],[135.32335,34.81638],[135.323236,34.816405],[135.322553,34.816135],[135.322594,34.815701],[135.322636,34.815701],[135.322638,34.815684],[135.322643,34.815642],[135.322726,34.815646],[135.32275,34.81535],[135.322775,34.815048],[135.3228,34.81474],[135.322823,34.81445],[135.322847,34.814158],[135.322871,34.813872],[135.322903,34.813587],[135.322938,34.813284],[135.322942,34.812997],[135.322944,34.812808],[135.322956,34.812773],[135.322982,34.812694],[135.32304,34.81258],[135.323158,34.812402],[135.323399,34.812152],[135.323535,34.812066],[135.323721,34.811977],[135.323854,34.811886],[135.323977,34.811807],[135.324117,34.811736],[135.32538,34.81213],[135.325465,34.812157],[135.325553,34.812148],[135.325768,34.812125],[135.325865,34.812218],[135.325958,34.812301],[135.326026,34.812391],[135.326083,34.812484],[135.326358,34.812455],[135.326427,34.812562],[135.326327,34.812816],[135.326194,34.812867],[135.326099,34.812911],[135.325954,34.813003],[135.325851,34.813052],[135.325802,34.813075],[135.325755,34.813111],[135.325722,34.813118],[135.325684,34.813119],[135.325674,34.813143],[135.325679,34.813183],[135.325722,34.813261],[135.325835,34.81341],[135.325808,34.813636],[135.325807,34.81368],[135.325824,34.813722],[135.325836,34.813772],[135.325632,34.813903],[135.32594,34.813935],[135.326063,34.813958],[135.326181,34.814037],[135.326386,34.814196],[135.325935,34.814332],[135.326005,34.814503],[135.326031,34.814562],[135.325888,34.814776],[135.325518,34.814694],[135.325066,34.814643],[135.325186,34.814753],[135.325215,34.814822],[135.325236,34.814899],[135.325243,34.814974],[135.325244,34.815017],[135.325235,34.815059],[135.325206,34.815137],[135.32527,34.815291],[135.325363,34.815525],[135.325383,34.815584],[135.325391,34.815654],[135.325381,34.815691],[135.325369,34.815726],[135.325257,34.815857],[135.325219,34.815911],[135.325213,34.815954],[135.325245,34.816159],[135.325249,34.816229],[135.325229,34.816496],[135.32527,34.816658],[135.325281,34.816744],[135.325264,34.816828],[135.325239,34.816906],[135.325197,34.816949],[135.325155,34.816957],[135.325052,34.816971],[135.324942,34.817007],[135.324814,34.817072],[135.324769,34.817126],[135.324747,34.817185],[135.324745,34.817254],[135.324765,34.817334],[135.32483,34.817522],[135.324832,34.817529]],[[135.324832,34.817529],[135.324903,34.817524],[135.32497,34.817656],[135.325044,34.817701],[135.325163,34.817737],[135.325338,34.817776],[135.325484,34.817761],[135.325659,34.81759],[135.325883,34.8177],[135.325746,34.817911],[135.325792,34.817939],[135.325754,34.817997],[135.325856,34.818036],[135.325747,34.818232],[135.325933,34.818247],[135.326108,34.818274],[135.326078,34.818395],[135.326273,34.818439],[135.326607,34.818367],[135.326618,34.818428],[135.326778,34.818403],[135.326892,34.818399],[135.327007,34.818413],[135.327002,34.818281],[135.327079,34.818291],[135.32714,34.818296],[135.327199,34.818307],[135.327276,34.818306],[135.327335,34.818288],[135.327456,34.818218],[135.327539,34.818152],[135.327632,34.818088],[135.32776,34.818046],[135.327779,34.818115],[135.327991,34.818085],[135.328163,34.818079],[135.32832,34.818092],[135.328381,34.818074],[135.328454,34.818053],[135.328599,34.818],[135.328725,34.81796],[135.328937,34.817923],[135.328917,34.817865],[135.329219,34.817773],[135.329151,34.817622],[135.329585,34.817483],[135.329588,34.817454],[135.32957,34.817429],[135.329528,34.817409],[135.329983,34.817348],[135.329991,34.817437],[135.330047,34.817436],[135.330103,34.817416],[135.330335,34.817325]],[[135.330335,34.817325],[135.330048,34.816905],[135.329966,34.816773],[135.32983,34.816554],[135.329787,34.816413],[135.329763,34.816307],[135.329693,34.816179],[135.329601,34.816076],[135.329512,34.815956],[135.329505,34.815858],[135.32953,34.815801],[135.329598,34.815779],[135.329672,34.815784],[135.329761,34.815823],[135.329957,34.815954],[135.330074,34.816042],[135.330293,34.816196],[135.330424,34.816283],[135.330561,34.816332],[135.330832,34.816389],[135.331021,34.816389],[135.330976,34.816263],[135.330946,34.816205],[135.330917,34.816165],[135.330831,34.816073],[135.330816,34.816043],[135.330816,34.816018],[135.330818,34.815981],[135.33083,34.815954],[135.330871,34.815909],[135.330989,34.815851],[135.331159,34.815747],[135.331204,34.815704],[135.331227,34.815667],[135.331229,34.815622],[135.331225,34.815548]],[[135.331225,34.815548],[135.331145,34.815389],[135.331094,34.815386],[135.33099,34.815382],[135.330802,34.815389],[135.330585,34.815404],[135.330555,34.815335],[135.330519,34.815287],[135.330457,34.815229],[135.330388,34.815165],[135.330346,34.815104],[135.330332,34.815067],[135.330331,34.814957],[135.330271,34.81483],[135.330308,34.814715],[135.330315,34.814693],[135.33021,34.814601],[135.330265,34.814563],[135.330189,34.814443],[135.330253,34.814438],[135.330319,34.814269],[135.330298,34.814135],[135.33063,34.813899],[135.330447,34.813754],[135.330302,34.813771],[135.330215,34.813774],[135.330117,34.813775],[135.330072,34.8138],[135.32995,34.81387],[135.329867,34.813924],[135.329835,34.81398],[135.329845,34.81413]],[[135.329845,34.81413],[135.329886,34.814725],[135.329955,34.814847],[135.329978,34.815061],[135.330116,34.815292],[135.330088,34.815388],[135.329717,34.815495],[135.329664,34.815479],[135.329119,34.815311],[135.329071,34.815303],[135.329,34.815306],[135.328838,34.815348],[135.328651,34.81537],[135.328543,34.815307],[135.328325,34.814838],[135.328254,34.814854],[135.328243,34.814829],[135.328177,34.814675],[135.328128,34.814764],[135.327447,34.814568],[135.327457,34.814413],[135.326747,34.814165],[135.326768,34.814124],[135.327025,34.813618],[135.32737,34.812939],[135.327921,34.812768],[135.328877,34.812471],[135.329176,34.812378],[135.329211,34.812675],[135.329166,34.812745],[135.329234,34.812849],[135.32926,34.812916],[135.329264,34.813024],[135.329243,34.813098],[135.329194,34.813212],[135.329185,34.813282],[135.329228,34.813372],[135.329285,34.813441],[135.329288,34.813619],[135.329172,34.81371],[135.329227,34.813844],[135.329299,34.813948],[135.329413,34.814028],[135.329464,34.814066],[135.329619,34.814178],[135.329704,34.814163],[135.329694,34.81407]],[[135.329694,34.81407],[135.329553,34.813963],[135.329514,34.81392],[135.329495,34.813882],[135.329508,34.813736],[135.329562,34.813529],[135.329593,34.813368],[135.329609,34.813236],[135.329596,34.813012],[135.329709,34.813043],[135.330048,34.812312],[135.329945,34.812153],[135.329854,34.812013],[135.329582,34.811689],[135.329483,34.811694],[135.329471,34.811658],[135.329494,34.811643],[135.329452,34.811581],[135.329657,34.811395]],[[135.329657,34.811395],[135.329565,34.81116],[135.329432,34.811028],[135.329405,34.811018],[135.329156,34.810919],[135.32883,34.810753],[135.32852,34.810748],[135.328246,34.810742],[135.327863,34.810827],[135.327599,34.810837],[135.327294,34.810836],[135.325427,34.810654],[135.325072,34.810574],[135.324655,34.810374],[135.323437,34.809792],[135.322502,34.809371],[135.321712,34.809063],[135.319715,34.808462],[135.319475,34.808405],[135.31934,34.808395],[135.317431,34.80866],[135.317044,34.808714],[135.316889,34.808693],[135.316245,34.808437],[135.31613,34.808365],[135.315697,34.807724],[135.315554,34.807636],[135.314918,34.807469],[135.313606,34.806211],[135.313458,34.806065],[135.312746,34.805655],[135.312554,34.805604],[135.312394,34.805542],[135.312221,34.80546],[135.312078,34.805411],[135.311132,34.805298],[135.310801,34.805223],[135.310625,34.805143],[135.310456,34.805025],[135.310334,34.804926],[135.310166,34.804846],[135.309593,34.80465],[135.308761,34.804305],[135.308402,34.804145],[135.308219,34.804053],[135.307752,34.803756],[135.307523,34.803651],[135.307111,34.80351],[135.306875,34.803443],[135.306631,34.803445],[135.306165,34.803521],[135.305269,34.802914],[135.304764,34.802605],[135.304405,34.802451],[135.303978,34.802335],[135.303689,34.802319],[135.303264,34.802341],[135.303082,34.802317],[135.302892,34.802319],[135.302535,34.802347],[135.302178,34.802405]],[[135.302178,34.802405],[135.30207,34.802504],[135.301949,34.80264],[135.301863,34.802725],[135.30183,34.802797],[135.301812,34.802939],[135.301668,34.803096],[135.301565,34.803306],[135.301535,34.80337],[135.301543,34.803524],[135.301473,34.803549],[135.301431,34.803626],[135.301373,34.80369],[135.301353,34.803844],[135.301319,34.803877],[135.30127,34.803906],[135.301233,34.803942],[135.301188,34.804098],[135.301182,34.80423],[135.30115,34.804442],[135.301102,34.804522],[135.300963,34.804613],[135.30092,34.804667],[135.300857,34.804803],[135.300811,34.804857],[135.300752,34.804958],[135.300718,34.804989],[135.30057,34.805064],[135.300364,34.805232],[135.300267,34.805358],[135.300009,34.805611],[135.299985,34.80566],[135.299974,34.805876],[135.29983,34.806087],[135.299663,34.806127],[135.299617,34.806158],[135.299578,34.806214],[135.29957,34.80636],[135.299549,34.806393],[135.299512,34.806412],[135.299453,34.80641],[135.299403,34.80641],[135.299369,34.806425],[135.299314,34.806495],[135.29928,34.806503],[135.299262,34.806526],[135.299246,34.806744],[135.299167,34.807029],[135.299202,34.807245],[135.299287,34.807469],[135.302289,34.810787],[135.302132,34.811088],[135.30187,34.811047],[135.301755,34.811045],[135.30166,34.811054],[135.301565,34.811087],[135.30148,34.811088],[135.301346,34.811062],[135.300901,34.810852],[135.300627,34.81073],[135.300389,34.81066],[135.300284,34.810647],[135.29994,34.810674],[135.299806,34.8107],[135.299715,34.810773],[135.299624,34.810793],[135.299503,34.810802],[135.299378,34.810768],[135.299049,34.810591],[135.298924,34.810505],[135.298787,34.81032],[135.298731,34.810296],[135.298672,34.810294],[135.298558,34.810319],[135.298447,34.810331],[135.298306,34.810321],[135.29794,34.810159],[135.297833,34.810123],[135.297705,34.810124],[135.297659,34.810095],[135.297636,34.810039],[135.297617,34.809879],[135.297584,34.809812],[135.297538,34.809788],[135.297482,34.809794],[135.297417,34.809829],[135.297268,34.810009],[135.297213,34.810045],[135.297157,34.810067],[135.297046,34.810065],[135.29697,34.810027],[135.29693,34.80996],[135.296899,34.809815],[135.296841,34.809762],[135.296719,34.80972],[135.296417,34.809677],[135.296342,34.809661],[135.296282,34.809618],[135.296215,34.809484],[135.296092,34.809285],[135.295949,34.809126],[135.295782,34.808978],[135.295729,34.808967],[135.295631,34.808971],[135.295546,34.80896],[135.29547,34.808931],[135.295274,34.808738],[135.295218,34.808725],[135.294923,34.808695],[135.294802,34.808696],[135.29448,34.808618],[135.294328,34.80854],[135.294177,34.808512],[135.293965,34.808453],[135.29388,34.808453],[135.293785,34.808446],[135.293634,34.808423],[135.293558,34.808423],[135.293405,34.808446],[135.293097,34.808481],[135.293018,34.808482],[135.292893,34.808442],[135.292641,34.808414],[135.292556,34.808415],[135.29243,34.808453],[135.292302,34.808443],[135.292223,34.808422],[135.292164,34.808374],[135.292072,34.80838],[135.291803,34.80839],[135.291744,34.808382],[135.291698,34.808348],[135.291625,34.808229],[135.291427,34.808118],[135.29109,34.807893],[135.290889,34.807824],[135.290833,34.807792],[135.290683,34.807574],[135.290462,34.80746],[135.290228,34.807353],[135.289999,34.807878],[135.289582,34.808837],[135.289557,34.808893],[135.289404,34.809244],[135.290508,34.809894],[135.290626,34.809994],[135.290757,34.810222],[135.289302,34.811977],[135.291554,34.812706],[135.290819,34.813283],[135.290593,34.813545],[135.290534,34.813635]],[[135.315541,34.821617],[135.315686,34.821569],[135.315875,34.821492],[135.316055,34.821447],[135.316295,34.82139],[135.316357,34.821292],[135.316439,34.821371],[135.316843,34.821349],[135.316819,34.82116],[135.316805,34.821051],[135.317295,34.821124],[135.317607,34.821164],[135.317933,34.821195],[135.318193,34.821205],[135.318453,34.821243],[135.318872,34.821406],[135.319005,34.821711],[135.319052,34.821843],[135.319075,34.821909],[135.319126,34.822211],[135.319164,34.822423],[135.319287,34.822807],[135.319364,34.822978],[135.319534,34.823303],[135.319604,34.823439],[135.319691,34.823585],[135.319789,34.823701],[135.319959,34.82389],[135.320112,34.824062],[135.320162,34.824147],[135.320185,34.824245],[135.32023,34.824596],[135.320257,34.824687]],[[135.323124,34.826444],[135.323201,34.826305],[135.323401,34.826153],[135.323682,34.826022],[135.324661,34.82571],[135.32513,34.82564],[135.325471,34.825521],[135.32593,34.825324],[135.326608,34.825002],[135.326699,34.825055],[135.326861,34.825104],[135.326978,34.825145],[135.327054,34.825194],[135.327105,34.825264],[135.327183,34.825484],[135.32723,34.825563],[135.327455,34.825856],[135.327589,34.826051],[135.327625,34.826138],[135.327698,34.826324],[135.327749,34.826386],[135.327836,34.826439],[135.327957,34.826451],[135.328052,34.826425],[135.328213,34.826353],[135.328298,34.82634],[135.328422,34.826355],[135.328713,34.826378],[135.328845,34.826366],[135.328913,34.826343],[135.328994,34.826297],[135.329057,34.826222],[135.32911,34.82612],[135.32918,34.825872],[135.329264,34.825696],[135.32938,34.825511],[135.32964,34.825213],[135.32968,34.825137],[135.329675,34.825074],[135.329651,34.824969],[135.329785,34.824814],[135.330001,34.824614],[135.330367,34.824408],[135.330624,34.824294],[135.331596,34.823802],[135.331658,34.823735],[135.33168,34.823674],[135.331537,34.823436],[135.331508,34.823346],[135.331535,34.823267],[135.331611,34.823169],[135.332232,34.822647],[135.332429,34.822405],[135.332561,34.822089],[135.332231,34.821088],[135.332257,34.82096],[135.332392,34.820854],[135.332555,34.820785],[135.332736,34.820784],[135.332843,34.820653],[135.332929,34.82048],[135.332989,34.820406],[135.333099,34.820337],[135.333157,34.820118],[135.33328,34.819867],[135.333675,34.81914],[135.333801,34.818854],[135.333947,34.818648],[135.334165,34.818419],[135.334286,34.818324],[135.334356,34.81827],[135.334437,34.818207],[135.334436,34.818104]],[[135.319368,34.821409],[135.319266,34.821219],[135.319107,34.821039],[135.318855,34.820874],[135.318617,34.820757],[135.318356,34.82086],[135.318255,34.820896],[135.318098,34.820915],[135.317878,34.82092],[135.317727,34.820974],[135.317633,34.820929],[135.317619,34.820863],[135.317643,34.82072],[135.317755,34.820153],[135.317665,34.820039],[135.317782,34.819835],[135.318135,34.819192],[135.318285,34.819041],[135.318365,34.81899],[135.318407,34.818963],[135.318605,34.818871],[135.318875,34.818792],[135.319056,34.818734],[135.319328,34.818633],[135.31954,34.818641],[135.319676,34.818658],[135.319862,34.818715],[135.320114,34.818909],[135.320213,34.818971],[135.320709,34.819304],[135.32087,34.819412],[135.321745,34.81963],[135.321785,34.819545],[135.321841,34.819624],[135.321891,34.819702],[135.321917,34.819765],[135.321968,34.81981],[135.322053,34.819841],[135.322238,34.820056],[135.322354,34.820166],[135.322558,34.820294],[135.322769,34.820427],[135.323141,34.820706],[135.323342,34.820862],[135.32347,34.820979],[135.323556,34.821076],[135.323449,34.82163],[135.323242,34.821498],[135.322762,34.821191],[135.32272,34.82123],[135.32241,34.821194],[135.322051,34.821113],[135.321843,34.821034],[135.321759,34.821086],[135.321615,34.821045],[135.321325,34.820821],[135.321277,34.820758],[135.321195,34.820771],[135.321196,34.820851],[135.321188,34.820939],[135.321164,34.820991],[135.321109,34.821051],[135.320983,34.821146],[135.320882,34.821196],[135.320865,34.821749],[135.320875,34.821784],[135.320924,34.821825]],[[135.320924,34.821825],[135.321005,34.821857],[135.321131,34.821863],[135.321174,34.821835],[135.321213,34.821784],[135.321262,34.821616],[135.321348,34.821616],[135.321532,34.821618],[135.321752,34.821672],[135.321927,34.821781],[135.322035,34.821853],[135.322137,34.82196],[135.322674,34.822424],[135.322722,34.822483],[135.322858,34.822731],[135.323476,34.823044],[135.323641,34.823029],[135.32368,34.823108],[135.323754,34.823251],[135.323994,34.823582],[135.3241,34.823728],[135.324116,34.823969],[135.32436,34.824412],[135.324369,34.824464],[135.324365,34.824496],[135.324269,34.82457],[135.324176,34.824605],[135.323931,34.824649],[135.323677,34.824669],[135.323389,34.824669],[135.323263,34.824669],[135.323173,34.824579],[135.323095,34.824502],[135.322955,34.824406],[135.322808,34.824322],[135.322704,34.824162],[135.322627,34.824079],[135.322477,34.823965],[135.321936,34.82362],[135.32177,34.82377],[135.321251,34.824262],[135.321101,34.824394],[135.320833,34.824408],[135.32065,34.824219],[135.320263,34.82374],[135.320199,34.823692],[135.320097,34.823633],[135.319936,34.823408],[135.319858,34.823298],[135.319676,34.822989],[135.319572,34.822732],[135.319571,34.822669],[135.319537,34.822507],[135.319456,34.822089],[135.319396,34.82167],[135.319407,34.821552],[135.319368,34.821409]],[[135.325132,34.823116],[135.325178,34.822968],[135.325361,34.822643],[135.325591,34.822677],[135.325643,34.822673],[135.325701,34.822661],[135.325734,34.822653],[135.325826,34.822692],[135.326,34.822713],[135.326064,34.822729],[135.326109,34.82281],[135.326478,34.822801],[135.326537,34.822777],[135.326564,34.822682],[135.326979,34.822743],[135.327053,34.822974],[135.327097,34.822961],[135.327197,34.823071],[135.327312,34.823067],[135.327316,34.823038],[135.327327,34.823025],[135.327396,34.823005],[135.328277,34.822758],[135.328431,34.822744],[135.328721,34.822735],[135.328886,34.82249],[135.329029,34.822505],[135.329101,34.822501],[135.329227,34.82248],[135.329303,34.822486],[135.329375,34.822506],[135.32969,34.822657],[135.329761,34.822672],[135.329853,34.822668],[135.32994,34.822645],[135.330062,34.822624],[135.330574,34.822571],[135.330689,34.82258],[135.330772,34.822599],[135.330884,34.82264],[135.330991,34.822636],[135.33101,34.822693],[135.331192,34.822682],[135.331279,34.822698],[135.331343,34.822736],[135.331408,34.822808],[135.331436,34.822876],[135.331433,34.822961],[135.331391,34.82307],[135.331203,34.82331],[135.330133,34.823827],[135.329297,34.824235],[135.328768,34.824493],[135.328631,34.824529],[135.328445,34.824553],[135.328199,34.824545],[135.327972,34.824501],[135.327713,34.824425],[135.327009,34.824122],[135.326851,34.824061],[135.326758,34.824025],[135.326535,34.82391],[135.326346,34.8238],[135.326118,34.823715],[135.325907,34.823657],[135.325535,34.823604],[135.325344,34.823546],[135.32524,34.823488],[135.325156,34.823394],[135.325118,34.823263],[135.325132,34.823116]],[[135.317978,34.824903],[135.317711,34.825187],[135.317921,34.82533],[135.317935,34.825412],[135.318036,34.825462],[135.317992,34.825567],[135.317995,34.825591],[135.318018,34.825615],[135.318133,34.825686],[135.318099,34.825887],[135.318112,34.826376],[135.318101,34.826746],[135.318125,34.827075],[135.318103,34.827403],[135.318117,34.827602],[135.318179,34.82773],[135.318193,34.827759],[135.318308,34.827914],[135.318352,34.828023],[135.318352,34.828062],[135.318353,34.828124],[135.318334,34.828189],[135.318244,34.82832]],[[135.318244,34.82832],[135.31825,34.82856],[135.318261,34.828963],[135.318816,34.828964],[135.319049,34.828877],[135.319109,34.828892],[135.319264,34.828826]],[[135.30927,34.825883],[135.309206,34.825901],[135.308856,34.825955],[135.30863,34.825972],[135.309113,34.826201],[135.309285,34.826086],[135.309293,34.826023],[135.309311,34.826],[135.309336,34.82597],[135.309443,34.82611],[135.309606,34.825992],[135.309654,34.826062],[135.310124,34.826058],[135.310129,34.826132],[135.310339,34.826143],[135.311636,34.826761],[135.311729,34.82676],[135.311791,34.826737],[135.311833,34.826685],[135.311843,34.82656],[135.311893,34.826537],[135.311841,34.826416],[135.31184,34.826326],[135.311866,34.826211],[135.312054,34.82582],[135.312222,34.825588],[135.312337,34.825485],[135.312449,34.825442],[135.312535,34.825445],[135.312601,34.82547],[135.312773,34.825558],[135.312847,34.82557],[135.31294,34.825566],[135.313084,34.825533],[135.313165,34.825542],[135.313228,34.82557],[135.313729,34.825925],[135.313952,34.826052],[135.314097,34.826124],[135.314376,34.826232],[135.314981,34.826442],[135.315129,34.826476],[135.315153,34.82654],[135.315154,34.826623],[135.31511,34.826795],[135.315038,34.82684],[135.315018,34.826853],[135.314993,34.826892],[135.314982,34.82692],[135.314954,34.827027],[135.314919,34.827103],[135.314846,34.827231],[135.314817,34.827294],[135.314843,34.827335],[135.314859,34.827341]],[[135.315627,34.827389],[135.315766,34.827512],[135.315799,34.827502],[135.316512,34.827287],[135.316844,34.827799],[135.317224,34.827682],[135.317426,34.828071],[135.317458,34.828088],[135.317596,34.828122],[135.318244,34.82832]],[[135.305557,34.823773],[135.305322,34.823697],[135.305164,34.823663],[135.304966,34.823651],[135.304776,34.823665],[135.304471,34.823706],[135.304271,34.823747],[135.303865,34.823835],[135.303733,34.823888],[135.303662,34.823918],[135.303558,34.823992],[135.303428,34.824169],[135.303383,34.824278],[135.303323,34.824437],[135.303183,34.824924],[135.303102,34.825209],[135.302893,34.825953],[135.302841,34.826014],[135.30278,34.826066],[135.302642,34.826146],[135.302491,34.826182],[135.302343,34.826201],[135.302155,34.826188],[135.302034,34.826143],[135.301993,34.826115],[135.301887,34.826045],[135.3018,34.825951],[135.30175,34.825885],[135.301505,34.825116],[135.301495,34.825084],[135.301415,34.824848],[135.30134,34.824765],[135.301209,34.824659]],[[135.301209,34.824659],[135.301102,34.82462],[135.300978,34.824586],[135.300768,34.824575],[135.300148,34.824574]],[[135.300148,34.824574],[135.300149,34.824801],[135.300153,34.825475],[135.300157,34.826134],[135.300159,34.826498],[135.300162,34.827158]],[[135.300148,34.824574],[135.299714,34.824574],[135.299713,34.824554],[135.29837,34.824825],[135.298309,34.824837],[135.297082,34.825047],[135.29619,34.825256],[135.295968,34.825325],[135.295639,34.825428],[135.294178,34.825878]],[[135.301209,34.824659],[135.301413,34.824454],[135.301415,34.824319],[135.301411,34.82398],[135.301402,34.823625],[135.302356,34.823615],[135.302356,34.823252],[135.302355,34.822896],[135.302353,34.822551],[135.302353,34.822531],[135.302349,34.822176],[135.302341,34.821807],[135.302344,34.821451],[135.302336,34.821089],[135.301719,34.821087]],[[135.288127,34.826031],[135.288127,34.826042],[135.288144,34.826092],[135.288169,34.826132],[135.288222,34.826181],[135.288299,34.826238],[135.288348,34.826283],[135.288365,34.826356],[135.288303,34.826488],[135.288304,34.826557],[135.288366,34.826683],[135.28846,34.826843],[135.288557,34.826953],[135.288657,34.827007],[135.288757,34.827064],[135.288815,34.827146],[135.288851,34.827222]],[[135.284626,34.827577],[135.28468,34.827588],[135.28474,34.827581],[135.284791,34.827545],[135.284839,34.827485],[135.284918,34.827349],[135.285022,34.827269],[135.285075,34.827231],[135.28512,34.827211],[135.285215,34.827164],[135.285329,34.827145],[135.285503,34.827144],[135.285601,34.827159],[135.286011,34.82732],[135.286057,34.82732],[135.286107,34.827302],[135.286163,34.827269],[135.286283,34.827367],[135.286306,34.827384],[135.286378,34.827446],[135.286604,34.827611],[135.286673,34.827745],[135.286221,34.827896],[135.286215,34.82802],[135.286219,34.828131],[135.286264,34.828253],[135.286363,34.828354],[135.286807,34.828637],[135.286907,34.828608],[135.2869,34.828643],[135.286865,34.828705],[135.286686,34.828876],[135.286598,34.828944],[135.286517,34.829148],[135.286518,34.829201],[135.286626,34.829326],[135.286608,34.829373],[135.286816,34.829529],[135.28687,34.829541],[135.286997,34.829534],[135.287066,34.829592],[135.287351,34.830038]],[[135.277533,34.831247],[135.277644,34.831549],[135.2776,34.831593],[135.277731,34.831978],[135.277738,34.831996],[135.277881,34.832315],[135.27791,34.832352],[135.277963,34.832421],[135.278099,34.832597],[135.278175,34.832839],[135.278256,34.832938],[135.278358,34.833052],[135.278493,34.833204],[135.27859,34.833159],[135.278591,34.833159],[135.278654,34.833236],[135.278578,34.833271],[135.278749,34.833401],[135.278985,34.833421],[135.279135,34.833578],[135.279148,34.833571],[135.279198,34.833565],[135.279199,34.833565],[135.279218,34.833576],[135.279509,34.833619],[135.27951,34.833619],[135.279605,34.833596],[135.279823,34.833543],[135.280033,34.833208],[135.280053,34.833199],[135.280054,34.833199],[135.280084,34.833218],[135.280187,34.833394],[135.280325,34.833528],[135.280506,34.833629]],[[135.306989,34.82708],[135.30722,34.82689],[135.30736,34.826838],[135.3075,34.826837],[135.307674,34.826859],[135.30781,34.82692],[135.307948,34.827046],[135.308401,34.827822],[135.308471,34.82792],[135.308559,34.827976]],[[135.308559,34.827976],[135.308963,34.827991],[135.309109,34.82796],[135.309196,34.827914],[135.309342,34.827791],[135.309486,34.827608],[135.309527,34.827534],[135.30959,34.827418],[135.310556,34.827371],[135.310868,34.82738],[135.311061,34.82742],[135.311319,34.827501],[135.313084,34.8282],[135.313623,34.8284],[135.313877,34.828455],[135.314157,34.82851],[135.31447,34.82853]],[[135.31447,34.82853],[135.31443,34.828048]],[[135.308559,34.827976],[135.308549,34.828447],[135.307939,34.828445],[135.307932,34.82799],[135.307632,34.827879],[135.307451,34.8281],[135.307349,34.82837],[135.307466,34.82894],[135.307878,34.829007],[135.307704,34.829501],[135.307754,34.829537],[135.307931,34.829665],[135.308029,34.829771],[135.308145,34.829913],[135.308244,34.830091],[135.308479,34.830371],[135.308535,34.830431],[135.308627,34.830464],[135.308752,34.830513],[135.308817,34.830573],[135.308909,34.830651],[135.309371,34.830454]],[[135.309371,34.830454],[135.309316,34.830345],[135.309331,34.830238],[135.309387,34.830161],[135.309499,34.830053],[135.309711,34.829934],[135.310019,34.829761],[135.310424,34.829518],[135.310734,34.829339],[135.310898,34.829245],[135.311014,34.829187],[135.31119,34.829099],[135.311345,34.829056],[135.311567,34.829051],[135.311774,34.829072],[135.311853,34.829083],[135.312579,34.829186],[135.312745,34.829198],[135.313019,34.829196],[135.313316,34.829188],[135.313671,34.829152],[135.314144,34.829118],[135.314288,34.829057],[135.314396,34.828943],[135.314459,34.828829],[135.314474,34.828729],[135.31447,34.82853]],[[135.309371,34.830454],[135.309502,34.830684],[135.309647,34.830892],[135.309787,34.831053],[135.310002,34.83122]],[[135.310002,34.83122],[135.31003,34.831239],[135.311609,34.83228]],[[135.311609,34.83228],[135.312082,34.831788],[135.312657,34.831205],[135.312902,34.830983],[135.313129,34.830851],[135.313324,34.830791],[135.313627,34.830736],[135.314816,34.830689],[135.315105,34.83073],[135.315147,34.830741],[135.315256,34.830769],[135.315882,34.831061],[135.316546,34.831387],[135.316661,34.831438],[135.315993,34.832193],[135.315806,34.832392],[135.316004,34.832508],[135.315896,34.832558],[135.315792,34.832633],[135.315748,34.832738],[135.315727,34.832843],[135.31575,34.832916],[135.315923,34.833158]],[[135.315923,34.833158],[135.31597,34.833252],[135.316076,34.833327],[135.316261,34.833386],[135.31644,34.8334],[135.316596,34.833383],[135.31698,34.833233],[135.317067,34.833221],[135.317177,34.833223],[135.317309,34.833281],[135.317429,34.833299]],[[135.311609,34.83228],[135.311539,34.832344],[135.311458,34.832428],[135.311224,34.832669],[135.311035,34.832846],[135.310875,34.832962],[135.31061,34.833094],[135.31036,34.833192],[135.310326,34.833205],[135.310106,34.833275],[135.309633,34.833431],[135.309308,34.83357],[135.309186,34.833654],[135.309089,34.833721],[135.308911,34.833904],[135.308782,34.834131],[135.308731,34.834283],[135.308554,34.834758]],[[135.308554,34.834758],[135.309234,34.834909],[135.310277,34.83514],[135.310724,34.835239],[135.311109,34.835321],[135.311293,34.835323],[135.311398,34.835326],[135.31155,34.83534],[135.312042,34.835385],[135.312189,34.835372],[135.312278,34.835356],[135.31248,34.835299]],[[135.31248,34.835299],[135.312609,34.83524],[135.312701,34.835209],[135.312861,34.835181],[135.313044,34.835116],[135.313181,34.835058],[135.313359,34.83495],[135.313642,34.834819],[135.313962,34.834709],[135.314202,34.834635],[135.314294,34.834612],[135.314468,34.834584],[135.314651,34.834476],[135.314723,34.834407],[135.314768,34.834343],[135.314839,34.834145],[135.314921,34.834031],[135.315048,34.83392],[135.315153,34.833851],[135.315475,34.833688],[135.315584,34.833588],[135.315647,34.833508],[135.315712,34.833409],[135.315764,34.83333],[135.315855,34.833227],[135.315923,34.833158]],[[135.310002,34.83122],[135.30973,34.83152],[135.30941,34.831873],[135.309344,34.831899],[135.309239,34.831923],[135.309138,34.831923],[135.308968,34.831898],[135.308746,34.831813],[135.30733,34.831792],[135.307306,34.832404],[135.307292,34.832773],[135.307284,34.832993],[135.307257,34.833072],[135.307144,34.833404],[135.307027,34.833745],[135.306913,34.83408],[135.306785,34.834452]],[[135.306785,34.834452],[135.307323,34.834498],[135.307831,34.8346],[135.308554,34.834758]],[[135.302244,34.834313],[135.303781,34.834411],[135.304593,34.834411],[135.30512,34.834368],[135.30561,34.834345],[135.306077,34.834341],[135.306485,34.834382],[135.306785,34.834452]],[[135.306206,34.827759],[135.306269,34.82809],[135.306205,34.828639],[135.306171,34.828742],[135.306153,34.828793],[135.306161,34.82886],[135.306228,34.828962],[135.30626,34.829052],[135.306269,34.829151],[135.306255,34.829209],[135.306209,34.82926],[135.306085,34.829322],[135.305989,34.82939],[135.305923,34.829455],[135.30589,34.829561],[135.305894,34.829771],[135.305868,34.82988],[135.305671,34.830336],[135.305622,34.830391]],[[135.296764,34.834324],[135.297941,34.834532],[135.298298,34.834583],[135.298617,34.834592],[135.299174,34.83454],[135.29981,34.834479],[135.301053,34.834336],[135.302244,34.834313]],[[135.31248,34.835299],[135.312339,34.835363],[135.311998,34.835461],[135.311546,34.835553],[135.31138,34.835626],[135.311274,34.835688],[135.311137,34.83583],[135.310946,34.836103],[135.310846,34.836199],[135.310621,34.836369],[135.311632,34.836782],[135.311795,34.836899],[135.311871,34.837036],[135.311915,34.837184],[135.311898,34.837348],[135.311787,34.837561]],[[135.311787,34.837561],[135.311947,34.837623],[135.312063,34.837622],[135.312142,34.837606],[135.312692,34.83737],[135.312867,34.837339],[135.315134,34.837173],[135.315367,34.837305],[135.315564,34.837525],[135.315626,34.837684],[135.31549,34.838685],[135.31534,34.838885],[135.315129,34.839012],[135.313583,34.839141],[135.313426,34.839176],[135.313219,34.839281],[135.311217,34.840484],[135.311311,34.840693],[135.311368,34.840852]],[[135.311787,34.837561],[135.311465,34.838128],[135.311328,34.838274],[135.311145,34.838386],[135.310979,34.838437],[135.310757,34.83845],[135.309447,34.838203]],[[135.309447,34.838203],[135.309382,34.838381],[135.309323,34.838477],[135.309218,34.838592],[135.309103,34.838666],[135.308684,34.83886],[135.308523,34.838953],[135.308363,34.839133],[135.308207,34.839165],[135.308124,34.839204],[135.30805,34.839273],[135.308019,34.83938],[135.308002,34.839472],[135.307935,34.839663],[135.307744,34.840166],[135.307561,34.84094],[135.307555,34.841016]],[[135.309447,34.838203],[135.308292,34.837965],[135.307962,34.837883],[135.307804,34.83782],[135.306455,34.837148]],[[135.306455,34.837148],[135.306227,34.83705],[135.30593,34.837011],[135.305745,34.837028],[135.305515,34.837117],[135.303636,34.838239]],[[135.303636,34.838239],[135.303803,34.838445],[135.303878,34.838582],[135.303959,34.838787],[135.303976,34.83905],[135.303931,34.839449],[135.303942,34.839569],[135.303971,34.83965],[135.30409,34.839834],[135.3042,34.839996],[135.30427,34.840186],[135.304286,34.840389],[135.304255,34.84048],[135.304206,34.840513],[135.304131,34.840541],[135.304005,34.840538],[135.303859,34.840496],[135.303816,34.840789]],[[135.308554,34.834758],[135.308514,34.834877],[135.308464,34.834946],[135.307557,34.835512],[135.307718,34.835805],[135.307734,34.835972],[135.30768,34.836125],[135.307557,34.83626],[135.307396,34.836379],[135.307143,34.836469],[135.306866,34.836498],[135.306455,34.837148]],[[135.302244,34.834313],[135.30191,34.834586],[135.301908,34.834707],[135.301883,34.834913],[135.301815,34.83524],[135.301739,34.835473],[135.301678,34.835631],[135.301614,34.835728],[135.301596,34.835794],[135.301634,34.835859],[135.30171,34.835897],[135.301827,34.835873],[135.301981,34.835826],[135.302121,34.835805],[135.302248,34.835808],[135.302281,34.835831],[135.302282,34.835908],[135.30225,34.835978],[135.302115,34.836114],[135.301953,34.836289],[135.301896,34.836427],[135.301883,34.8365],[135.301899,34.836624],[135.302089,34.837026],[135.302227,34.837218],[135.302596,34.837505],[135.302676,34.837524],[135.302769,34.837504],[135.302853,34.837468],[135.302942,34.837464],[135.303003,34.837467],[135.303092,34.83749],[135.303201,34.837523],[135.303295,34.837585],[135.303347,34.837638],[135.3034,34.837707],[135.303497,34.838],[135.303555,34.838119],[135.303636,34.838239]],[[135.301744,34.828404],[135.30183,34.828462],[135.301378,34.828618],[135.30119,34.828696],[135.300986,34.8288],[135.300822,34.828875],[135.30077,34.828898],[135.300483,34.829029],[135.30023,34.829202],[135.299967,34.829436],[135.299625,34.829725],[135.299483,34.829878],[135.299294,34.829972],[135.299127,34.830089],[135.299039,34.830179],[135.298852,34.830437],[135.298792,34.830508],[135.298562,34.830778],[135.298475,34.830851],[135.298363,34.830908],[135.298155,34.830973],[135.298026,34.830984],[135.297781,34.830956],[135.297704,34.830953],[135.297592,34.830964],[135.297245,34.831042],[135.297112,34.830996],[135.297032,34.830923],[135.296596,34.830527],[135.296503,34.830421],[135.296424,34.83023],[135.296387,34.83018],[135.296198,34.830102],[135.296077,34.830133],[135.29597,34.83024],[135.295958,34.830262],[135.29546,34.83113],[135.295453,34.831197],[135.29549,34.83144],[135.295491,34.831486],[135.295491,34.831516],[135.295463,34.831722],[135.295449,34.831888]],[[135.292213,34.830197],[135.292271,34.830281],[135.292318,34.83033],[135.292371,34.830359],[135.292431,34.830375],[135.292498,34.830399],[135.292555,34.830437],[135.292784,34.830713],[135.29288,34.830865],[135.292969,34.830973],[135.2931,34.831152],[135.293158,34.831263],[135.293174,34.831358],[135.293173,34.831378],[135.292933,34.831429],[135.292784,34.831495],[135.292705,34.831518],[135.292549,34.831549],[135.292434,34.831594],[135.292254,34.831662]],[[135.281818,34.834773],[135.281808,34.834805],[135.281607,34.83472],[135.28145,34.834678],[135.281354,34.834679],[135.281236,34.834707],[135.281159,34.8347],[135.280944,34.834638],[135.280764,34.83475],[135.280642,34.83488],[135.280578,34.83507],[135.28065,34.83537],[135.281017,34.835359],[135.281103,34.835382],[135.281223,34.835463],[135.28167,34.835821],[135.281747,34.835903],[135.2818,34.835946],[135.282164,34.8361],[135.282009,34.836329],[135.282125,34.836419],[135.282259,34.836402],[135.282572,34.836364],[135.282989,34.83618],[135.283074,34.836046],[135.283102,34.836003],[135.283186,34.835981],[135.283444,34.835913],[135.283577,34.835901],[135.28372,34.835903],[135.283801,34.835899],[135.283891,34.835875],[135.283935,34.835836],[135.283957,34.835951],[135.283995,34.836158],[135.284082,34.836096]],[[135.280671,34.834225],[135.280578,34.834529],[135.280105,34.834753],[135.280104,34.834753],[135.27999,34.83473],[135.279989,34.834731],[135.279314,34.834995]],[[135.279314,34.834995],[135.279418,34.836308],[135.28074,34.83624],[135.280729,34.836276],[135.280749,34.836569],[135.280782,34.836609],[135.280783,34.836609],[135.280814,34.836939],[135.280814,34.83694],[135.280844,34.837285],[135.280845,34.837306],[135.280858,34.837532],[135.280864,34.837613],[135.280893,34.837957],[135.280898,34.838019],[135.280917,34.838299],[135.28092,34.83837],[135.280928,34.838534],[135.280936,34.838686],[135.280941,34.838757],[135.280958,34.838973],[135.280965,34.839064],[135.280971,34.839137],[135.280984,34.839303],[135.280983,34.839303],[135.280949,34.839304],[135.280564,34.839316]],[[135.280564,34.839316],[135.280562,34.839401],[135.280561,34.839434],[135.280555,34.839734],[135.280444,34.840165],[135.280382,34.840401]],[[135.279314,34.834995],[135.279272,34.835012],[135.279177,34.835049],[135.279175,34.835049],[135.279076,34.835038],[135.278966,34.835007],[135.278885,34.834965],[135.278823,34.834958],[135.278822,34.834958],[135.278676,34.834994],[135.278533,34.835007],[135.278531,34.835007],[135.27841,34.835008],[135.278347,34.835008],[135.277945,34.835278],[135.277853,34.83534],[135.277739,34.835384],[135.277587,34.835393],[135.277435,34.835426],[135.277295,34.835508],[135.277294,34.835507],[135.27728,34.835492],[135.277279,34.835492],[135.277176,34.835536],[135.276995,34.835569],[135.276994,34.835569],[135.276986,34.835569],[135.276781,34.835563],[135.276643,34.835579],[135.27655,34.835611]],[[135.27655,34.835611],[135.276555,34.835691],[135.276565,34.835969],[135.276575,34.836254],[135.27658,34.836423],[135.27658,34.836424],[135.276581,34.836738],[135.276582,34.836792],[135.276582,34.836804],[135.276582,34.836805],[135.276603,34.837101],[135.276645,34.837126],[135.276647,34.837153],[135.276662,34.837351],[135.276667,34.837433],[135.276674,34.837479],[135.276673,34.837479],[135.276641,34.8375],[135.276641,34.837505],[135.276649,34.837827]],[[135.276649,34.837827],[135.276649,34.837827]],[[135.276649,34.837827],[135.27665,34.837854],[135.276664,34.838063]],[[135.276664,34.838063],[135.277325,34.838029],[135.27809,34.837991],[135.278114,34.837989],[135.278155,34.837987],[135.278705,34.83798],[135.278851,34.837978],[135.279032,34.837991],[135.279172,34.838025],[135.279318,34.838119],[135.279384,34.838183],[135.279491,34.838342],[135.279509,34.838369],[135.279556,34.838443],[135.279713,34.838733],[135.279795,34.838884],[135.279869,34.839017],[135.27999,34.839142],[135.280081,34.839216],[135.280218,34.839277],[135.280378,34.839311],[135.280564,34.839316]],[[135.276664,34.838063],[135.276571,34.838068],[135.275286,34.838127],[135.275263,34.838128],[135.275264,34.838139],[135.275282,34.838378],[135.275284,34.838405],[135.275287,34.838449],[135.275314,34.838723],[135.275314,34.838724],[135.275317,34.838752],[135.275352,34.839111],[135.275359,34.839176],[135.275363,34.839314],[135.275365,34.83937],[135.27536,34.839511],[135.27535,34.839684],[135.275317,34.839766],[135.27528,34.839835],[135.275227,34.839926],[135.275189,34.83996],[135.275113,34.840028],[135.275092,34.840043],[135.275004,34.840102],[135.274909,34.840146],[135.274788,34.840188],[135.274675,34.840214],[135.274295,34.840302],[135.274177,34.840329],[135.274176,34.84033]],[[135.27655,34.835611],[135.27651,34.835624],[135.276316,34.835751],[135.276219,34.835777],[135.276066,34.835782],[135.275574,34.835645],[135.275573,34.835645],[135.275351,34.835749],[135.27535,34.835749],[135.275226,34.835747],[135.275225,34.835747],[135.275224,34.835747],[135.275161,34.835746],[135.27516,34.835746],[135.275127,34.835752],[135.275018,34.835771],[135.274871,34.835831],[135.274779,34.835928],[135.274778,34.835927],[135.274598,34.835886],[135.27463,34.835791],[135.274628,34.835792],[135.274492,34.83582],[135.274142,34.836051],[135.274014,34.83611],[135.273924,34.836127],[135.273923,34.836127],[135.273805,34.83612],[135.273803,34.83612],[135.273655,34.836135],[135.273593,34.836153]],[[135.273593,34.836153],[135.273546,34.836167],[135.273494,34.836231],[135.273457,34.836305],[135.273438,34.836384],[135.273348,34.836369],[135.273328,34.836318],[135.272805,34.83651],[135.27276,34.836515],[135.272734,34.836543],[135.272743,34.836569],[135.272841,34.836628],[135.272846,34.836668],[135.272823,34.836723],[135.272771,34.836743],[135.272728,34.836731],[135.272684,34.836699],[135.272675,34.836693],[135.272473,34.836953],[135.272317,34.8371],[135.272166,34.837188],[135.271917,34.837301]],[[135.266036,34.834615],[135.265915,34.834823],[135.265867,34.835],[135.265851,34.835055],[135.265836,34.835175],[135.265859,34.835365],[135.265865,34.835417]],[[135.265865,34.835417],[135.266242,34.835494],[135.266268,34.835445],[135.267386,34.835599],[135.267395,34.83556],[135.267702,34.835617],[135.267827,34.835459],[135.268131,34.83506],[135.268142,34.835049],[135.268207,34.835028],[135.268249,34.835033],[135.268574,34.835079],[135.26878,34.835286],[135.268957,34.835464],[135.268982,34.835489],[135.269048,34.835489],[135.269263,34.835567],[135.269428,34.835684],[135.26943,34.835684],[135.269663,34.835838],[135.269919,34.836099],[135.270019,34.836111],[135.270333,34.836149],[135.27076,34.836199],[135.270959,34.836187],[135.271199,34.836162],[135.271442,34.83611],[135.271566,34.836028],[135.272039,34.836037],[135.272177,34.83613],[135.27228,34.836149],[135.272282,34.836149],[135.272804,34.836249],[135.273593,34.836153]],[[135.265865,34.835417],[135.265871,34.835467],[135.265836,34.835674]],[[135.270517,34.847536],[135.270728,34.847678],[135.270713,34.847821],[135.27085,34.847855],[135.271004,34.847893],[135.271093,34.847818],[135.271113,34.847811],[135.271239,34.847825],[135.271367,34.847737],[135.271462,34.847683],[135.271526,34.847631],[135.271753,34.8472],[135.271839,34.847054],[135.271961,34.84685]],[[135.332623,34.813755],[135.332406,34.813662],[135.332403,34.813659],[135.332302,34.813584],[135.332076,34.813364],[135.33185,34.813185],[135.331804,34.813137],[135.331715,34.812998],[135.331653,34.812931],[135.331614,34.812899],[135.331411,34.812735],[135.331376,34.812675],[135.331303,34.812526],[135.331229,34.812438],[135.331153,34.812376],[135.331112,34.812356],[135.331079,34.81234],[135.330924,34.812298],[135.330902,34.812291],[135.330768,34.812245],[135.33068,34.812216],[135.330645,34.812187],[135.330612,34.812149],[135.330503,34.811983],[135.330457,34.811914],[135.330401,34.81187],[135.330378,34.811852],[135.330292,34.8118],[135.330218,34.811787],[135.330016,34.811786],[135.329943,34.811767],[135.329881,34.811734],[135.329801,34.811667],[135.329727,34.811584],[135.329657,34.811395]],[[135.329694,34.81407],[135.329845,34.81413]],[[135.331225,34.815548],[135.331336,34.815646],[135.331564,34.815711],[135.331579,34.815663],[135.331619,34.815626],[135.332134,34.815884],[135.332131,34.816153],[135.332266,34.81618],[135.332454,34.81623],[135.332526,34.816242],[135.332575,34.81625],[135.332658,34.816251]],[[135.323604,34.817538],[135.323936,34.817515],[135.323956,34.81769],[135.324488,34.817662],[135.324494,34.817543],[135.324739,34.817534],[135.324829,34.817529],[135.324832,34.817529]],[[135.319368,34.821409],[135.319549,34.821517],[135.32002,34.821773],[135.32022,34.821768],[135.320445,34.821757],[135.320623,34.822044],[135.320885,34.821856],[135.320924,34.821825]],[[135.334436,34.818104],[135.334429,34.818012],[135.33449,34.81795],[135.334549,34.81789],[135.334637,34.817834],[135.334809,34.817756],[135.334957,34.817733],[135.335062,34.817726],[135.335416,34.817701],[135.335426,34.8177],[135.335496,34.817676],[135.335689,34.81757],[135.335705,34.817561],[135.335842,34.817489],[135.336054,34.81741],[135.336315,34.817311],[135.336404,34.817265],[135.336464,34.817228],[135.336592,34.817255],[135.336611,34.817259],[135.336662,34.817258],[135.336703,34.817242],[135.336771,34.817167],[135.33679,34.817146],[135.3368,34.817135],[135.336834,34.817097],[135.336973,34.816983],[135.337036,34.81693],[135.337093,34.816895],[135.337133,34.816766],[135.337171,34.816705],[135.337291,34.816614],[135.337329,34.816556],[135.337367,34.816434],[135.337407,34.816333],[135.33746,34.816235],[135.337529,34.81613],[135.337614,34.81601],[135.337639,34.815955],[135.337676,34.815828],[135.337697,34.815762],[135.337754,34.815667],[135.337779,34.815627],[135.337765,34.815467],[135.337762,34.815436],[135.337749,34.815397],[135.337707,34.815379],[135.337579,34.815348],[135.337486,34.815304],[135.337434,34.815268],[135.337347,34.815166],[135.337258,34.815056],[135.337245,34.81504],[135.337152,34.815],[135.337022,34.814928],[135.336647,34.814721],[135.336639,34.814717],[135.336557,34.814671],[135.336503,34.814627],[135.33648,34.814606],[135.33631,34.814448],[135.33622,34.81433],[135.336152,34.814252],[135.336101,34.814229],[135.335959,34.814167],[135.335917,34.814112],[135.335912,34.814106],[135.335881,34.814068],[135.335763,34.813922],[135.335711,34.813872],[135.335615,34.813794],[135.335505,34.813672],[135.335456,34.81364],[135.335044,34.813878],[135.335009,34.81391],[135.334884,34.814066],[135.334787,34.814037],[135.334485,34.813944],[135.334467,34.813938],[135.334538,34.813745],[135.334587,34.813589],[135.334594,34.813577],[135.334518,34.81355],[135.33448,34.813537],[135.334427,34.813519],[135.334362,34.813496],[135.334333,34.813486],[135.334276,34.813466],[135.334174,34.81343],[135.334167,34.813428]],[[135.330335,34.817325],[135.330491,34.817434],[135.330522,34.817417],[135.331571,34.817923],[135.331862,34.817834],[135.331907,34.817847],[135.331939,34.817894],[135.331953,34.817957],[135.331922,34.817994],[135.331761,34.818068],[135.33173,34.818123],[135.331704,34.818241],[135.331704,34.818429],[135.331702,34.818513],[135.3317,34.818562],[135.331709,34.818695],[135.3318,34.819126],[135.332003,34.81914]],[[135.332003,34.81914],[135.332217,34.818966]],[[135.332003,34.81914],[135.332,34.81918],[135.33198,34.819218],[135.331929,34.819287],[135.331862,34.81929],[135.331763,34.8194],[135.331612,34.819634],[135.331586,34.819738],[135.331565,34.819474],[135.331522,34.819382],[135.33148,34.819354],[135.330796,34.819318],[135.330416,34.819281],[135.330094,34.81927],[135.330072,34.819269],[135.329786,34.819259],[135.329761,34.819257],[135.329542,34.819256],[135.329364,34.819256],[135.32927,34.819256],[135.329146,34.819253],[135.328946,34.81925],[135.328738,34.819246],[135.328676,34.819245],[135.328231,34.819225],[135.328011,34.81921],[135.327788,34.819186],[135.327676,34.819178],[135.327413,34.819156],[135.327107,34.819156],[135.326691,34.819169],[135.326461,34.819183],[135.326235,34.819207],[135.326176,34.819214],[135.326083,34.819224],[135.32586,34.819251],[135.325749,34.819263],[135.325662,34.819252],[135.325511,34.819219],[135.325242,34.819129],[135.325071,34.819047],[135.324808,34.818935],[135.324749,34.818909],[135.324634,34.818882],[135.324315,34.818833],[135.324258,34.818825],[135.32414,34.818807],[135.323643,34.818552],[135.323552,34.818559],[135.323083,34.818367],[135.323007,34.818359],[135.322395,34.81809]],[[135.250864,34.844714],[135.251202,34.84441],[135.251386,34.844154],[135.251448,34.843999],[135.25146,34.843719],[135.251428,34.843452],[135.251329,34.843179],[135.251292,34.842993],[135.251304,34.842717],[135.251384,34.842191],[135.251333,34.842062],[135.251223,34.841901],[135.250995,34.841667],[135.25092,34.841562],[135.250904,34.841461],[135.250938,34.841183],[135.250875,34.841064],[135.25081,34.840963],[135.250731,34.840911],[135.250484,34.840812],[135.250375,34.84076],[135.2503,34.840695],[135.25023,34.840582],[135.250183,34.840271],[135.250137,34.840125],[135.250036,34.839951],[135.249887,34.83979],[135.249602,34.839572],[135.249464,34.839528],[135.249385,34.839496],[135.2493,34.839428],[135.249264,34.839274],[135.249283,34.839201],[135.249568,34.839203],[135.249602,34.83913],[135.249595,34.838963],[135.249499,34.838741],[135.249661,34.838712],[135.24998,34.838604],[135.250312,34.838439],[135.251292,34.837919],[135.251512,34.837739],[135.251673,34.837644],[135.251888,34.837541],[135.252171,34.837377],[135.252556,34.837013],[135.252113,34.836812],[135.253279,34.836594],[135.253416,34.836589],[135.253549,34.836604],[135.254264,34.836798],[135.25429,34.836854],[135.254828,34.837061],[135.255078,34.837199],[135.255529,34.8375],[135.255888,34.837574],[135.255958,34.837622],[135.256134,34.837789],[135.256297,34.837848],[135.256425,34.837856],[135.256547,34.837786],[135.25663,34.8377],[135.256803,34.837334],[135.257258,34.836477],[135.257374,34.83633],[135.257481,34.836212],[135.257618,34.836126],[135.257989,34.835924],[135.258164,34.835756],[135.258412,34.835491],[135.257874,34.835276],[135.257427,34.835164],[135.257167,34.835138],[135.256788,34.835128],[135.256474,34.835163],[135.255826,34.835306],[135.255348,34.835233],[135.255181,34.83523],[135.254965,34.835268],[135.25428,34.835389]],[[135.25428,34.835389],[135.254259,34.835485],[135.25426,34.835485],[135.254319,34.835531],[135.254394,34.83559],[135.254481,34.835659],[135.254492,34.835682],[135.254531,34.83577],[135.254541,34.835823],[135.254544,34.835882],[135.254544,34.835944],[135.254537,34.83602],[135.254523,34.836079],[135.254497,34.83616],[135.254406,34.836462],[135.254397,34.836481],[135.254354,34.836569],[135.254233,34.836537],[135.254107,34.836502],[135.253975,34.836467],[135.253861,34.836436],[135.253889,34.836385],[135.253415,34.83626],[135.252939,34.836375],[135.252584,34.83646],[135.252065,34.836585],[135.251955,34.836612],[135.251889,34.836635],[135.251853,34.836657],[135.251709,34.836575],[135.251508,34.836678],[135.251153,34.83686],[135.251076,34.836873],[135.250591,34.836954],[135.250403,34.836918],[135.250212,34.836854],[135.249831,34.836653]],[[135.249831,34.836653],[135.249479,34.836794],[135.2493,34.836909],[135.249173,34.837022],[135.249062,34.837182],[135.248801,34.837186],[135.248724,34.837078],[135.248379,34.837241],[135.248615,34.837565],[135.248594,34.837594],[135.248348,34.837656],[135.248052,34.837561],[135.247954,34.837476],[135.247857,34.837159],[135.247801,34.837062],[135.247706,34.836969],[135.247636,34.836932],[135.247573,34.836921],[135.247403,34.836925],[135.247313,34.836923],[135.247254,34.836906],[135.247181,34.836858],[135.247135,34.83681],[135.247063,34.836709],[135.246875,34.836747],[135.246786,34.836765],[135.246656,34.836935],[135.246573,34.837004],[135.246504,34.837039],[135.246459,34.837065],[135.24631,34.837066],[135.246251,34.837041],[135.246018,34.837034],[135.245873,34.83705],[135.245789,34.83705],[135.245758,34.837051],[135.245647,34.837054],[135.245363,34.837163],[135.245302,34.837181],[135.245198,34.837189],[135.245115,34.837204],[135.245033,34.837241],[135.24473,34.837626]],[[135.24473,34.837626],[135.244752,34.837768],[135.244785,34.837778],[135.244867,34.837788],[135.244952,34.837783],[135.245126,34.837742],[135.245515,34.83758],[135.245672,34.837535],[135.245821,34.837512],[135.24586,34.837902],[135.245637,34.837893],[135.245488,34.83793],[135.245362,34.837996],[135.245175,34.838132],[135.244959,34.838057],[135.244722,34.838008],[135.244564,34.837992],[135.244266,34.83799],[135.244108,34.837966],[135.243984,34.83792],[135.243593,34.83765],[135.243408,34.837561],[135.243307,34.837544],[135.243278,34.83766],[135.243314,34.837789],[135.24339,34.837926],[135.243251,34.838003],[135.242902,34.837778],[135.242757,34.837736],[135.242621,34.83773],[135.242516,34.83773],[135.242405,34.837616],[135.242453,34.837557],[135.2424,34.837514],[135.242359,34.837366],[135.242332,34.837338],[135.242292,34.83732],[135.242169,34.837296],[135.242081,34.837267],[135.242042,34.837297],[135.242245,34.83744],[135.242285,34.837486],[135.242317,34.837587],[135.242318,34.837674],[135.242306,34.837746],[135.2421,34.837762],[135.24196,34.8378],[135.241881,34.837829],[135.240932,34.837791],[135.240764,34.8381],[135.240652,34.838267],[135.240566,34.838365],[135.240466,34.838438],[135.24001,34.838416],[135.239923,34.838514],[135.239861,34.83845],[135.239808,34.838428],[135.239588,34.838387],[135.239154,34.838288]],[[135.239154,34.838288],[135.238858,34.839469],[135.238594,34.840526],[135.238403,34.841551],[135.238154,34.842773]],[[135.238154,34.842773],[135.237938,34.843745],[135.237776,34.844471],[135.23769,34.844841],[135.237412,34.845998],[135.237285,34.846388],[135.237241,34.846488],[135.237143,34.846624]],[[135.237143,34.846624],[135.237327,34.846686],[135.23797,34.846981],[135.23845,34.847122],[135.239021,34.847354],[135.239483,34.847576],[135.239976,34.847708],[135.240026,34.847734],[135.240228,34.84769],[135.240703,34.847659],[135.241036,34.847619],[135.241553,34.847689],[135.242044,34.847809],[135.242153,34.847815],[135.242409,34.847732],[135.242758,34.847815],[135.243098,34.847921],[135.243322,34.847953],[135.243504,34.848049],[135.243632,34.847996],[135.243944,34.847788],[135.244132,34.84776],[135.24443,34.847807],[135.244756,34.847848],[135.244982,34.847767],[135.245306,34.847596],[135.245577,34.847438],[135.245783,34.84725],[135.245969,34.846987],[135.246178,34.846638],[135.246473,34.846361],[135.247,34.846041],[135.247176,34.845959],[135.247628,34.845532],[135.247813,34.845402],[135.248045,34.845405],[135.248374,34.845285],[135.248705,34.845249],[135.248823,34.845065],[135.248964,34.844981],[135.249175,34.845018],[135.249355,34.844982],[135.249581,34.844904],[135.249845,34.844751],[135.250196,34.844604],[135.25031,34.84459],[135.250494,34.844685],[135.250659,34.84472],[135.250787,34.844706],[135.250864,34.844714]],[[135.237025,34.838458],[135.237104,34.838178],[135.236559,34.837899]],[[135.236559,34.837899],[135.236346,34.83792],[135.236191,34.837921],[135.236056,34.837892],[135.235928,34.837844]],[[135.235928,34.837844],[135.235603,34.837986],[135.235455,34.838042],[135.235288,34.838097],[135.235084,34.838132],[135.234989,34.838238],[135.234865,34.838318],[135.234688,34.838396],[135.234504,34.83845],[135.234425,34.83833],[135.234346,34.838194],[135.2343,34.838053],[135.23427,34.837839],[135.234246,34.837488],[135.232801,34.83759]],[[135.232801,34.83759],[135.232792,34.83769],[135.232845,34.837966],[135.232841,34.838142],[135.232793,34.838494],[135.232828,34.838978],[135.232927,34.839525],[135.233039,34.839959],[135.233218,34.840138],[135.233414,34.84034],[135.233154,34.840529],[135.232892,34.84054],[135.23284,34.841206],[135.232853,34.841309],[135.232911,34.841472],[135.232979,34.841666],[135.232981,34.84167],[135.233168,34.842043],[135.233315,34.84227],[135.233426,34.84242],[135.23353,34.842629],[135.233551,34.842831],[135.233447,34.843111],[135.233414,34.84331],[135.233432,34.843456],[135.233245,34.843809],[135.233242,34.844039],[135.233382,34.844419],[135.233411,34.844554],[135.23313,34.844851],[135.232981,34.845211],[135.23295,34.845349],[135.232956,34.84544],[135.233723,34.845566],[135.234068,34.845608],[135.234302,34.845557]],[[135.234302,34.845557],[135.234383,34.845498],[135.234545,34.845441],[135.234627,34.845385],[135.23466,34.84534],[135.234734,34.84514],[135.234782,34.844804],[135.234772,34.844721],[135.234741,34.844664],[135.23467,34.844588],[135.234556,34.844506],[135.2345,34.844433],[135.234475,34.844343],[135.234461,34.844212],[135.234484,34.844073],[135.234491,34.843984],[135.234481,34.843926],[135.234452,34.843823],[135.234461,34.843764],[135.234557,34.84359],[135.234568,34.843547],[135.234547,34.84348],[135.234478,34.843391],[135.234418,34.843238],[135.234361,34.84307],[135.234327,34.84304],[135.234287,34.842974],[135.234245,34.842755],[135.234139,34.842551],[135.234113,34.842514],[135.234062,34.842438],[135.234002,34.842351],[135.233947,34.84227],[135.233898,34.842197],[135.233885,34.842178],[135.233721,34.841925]],[[135.233721,34.841925],[135.233604,34.841851],[135.233455,34.841684],[135.233696,34.841614],[135.233842,34.841527],[135.233862,34.841413],[135.233891,34.84134],[135.233964,34.841251],[135.234133,34.841091],[135.234302,34.840973],[135.23443,34.840911],[135.234536,34.84086],[135.234587,34.840809],[135.234632,34.840716],[135.234652,34.84062],[135.234652,34.840317],[135.234801,34.840268],[135.234745,34.840133],[135.234717,34.84005],[135.234706,34.839956],[135.234712,34.839893],[135.234723,34.839838],[135.234781,34.839853],[135.234923,34.839889],[135.235039,34.839894],[135.235164,34.839882],[135.235274,34.839839],[135.235389,34.83978],[135.235504,34.839683],[135.235578,34.839603],[135.235637,34.839539],[135.23575,34.839383],[135.235807,34.839269],[135.235869,34.839087],[135.235917,34.838978],[135.236031,34.838814],[135.236325,34.838547],[135.237025,34.838458]],[[135.234302,34.845557],[135.234469,34.845655],[135.23453,34.845692],[135.234566,34.845713],[135.234546,34.84578],[135.234771,34.845836],[135.234853,34.845885],[135.235056,34.846007],[135.235522,34.846116],[135.235631,34.846142],[135.235897,34.846206],[135.235957,34.84622],[135.236032,34.846238],[135.236099,34.846261],[135.236839,34.846514],[135.237143,34.846624]],[[135.238154,34.842773],[135.237507,34.842679],[135.237216,34.842637],[135.236669,34.842558],[135.236298,34.842504],[135.235676,34.842413],[135.23499,34.842312],[135.234957,34.842308],[135.234531,34.842245],[135.234308,34.842212],[135.23415,34.842014],[135.234126,34.842011],[135.233794,34.841971],[135.233721,34.841925]],[[135.239154,34.838288],[135.239166,34.838241],[135.239034,34.838234],[135.238481,34.838248],[135.238463,34.838359],[135.237955,34.838394],[135.237155,34.838449],[135.237025,34.838458]],[[135.239797,34.835056],[135.23985,34.83488],[135.239329,34.83481],[135.239143,34.834784],[135.238701,34.834724],[135.237931,34.83462],[135.237844,34.834608],[135.237794,34.834601]],[[135.237794,34.834601],[135.237763,34.834724],[135.237726,34.834801],[135.237655,34.834884],[135.237481,34.835027],[135.237359,34.835127],[135.237291,34.835213],[135.237252,34.835279],[135.237226,34.835407],[135.237006,34.836639],[135.236964,34.836754],[135.236559,34.837899]],[[135.236559,34.837899],[135.237276,34.837825],[135.238431,34.837776],[135.238544,34.837905],[135.238584,34.8379],[135.239158,34.837887],[135.239415,34.836647],[135.239632,34.835746],[135.239717,34.835329],[135.239797,34.835056]],[[135.236579,34.834454],[135.235592,34.834376],[135.235458,34.834394],[135.235314,34.834438],[135.235215,34.834509],[135.235151,34.834592],[135.235107,34.834678],[135.235092,34.834713],[135.235101,34.834931],[135.235134,34.835067],[135.235151,34.835116],[135.235176,34.835189],[135.235246,34.835313],[135.235368,34.835423],[135.235555,34.835549],[135.235649,34.835676],[135.23567,34.835745],[135.235888,34.83648],[135.235936,34.836641],[135.235965,34.836757],[135.235972,34.836903],[135.235956,34.837014],[135.235813,34.83748],[135.235808,34.837602],[135.235833,34.837675],[135.235871,34.837749],[135.235928,34.837844]],[[135.237794,34.834601],[135.236849,34.834473],[135.236579,34.834454]],[[135.240973,34.831762],[135.240775,34.831924],[135.240656,34.832055],[135.240431,34.832247],[135.240335,34.83229],[135.240263,34.832311],[135.240105,34.832303],[135.239289,34.832294],[135.238393,34.832285],[135.238259,34.832283],[135.237449,34.832293],[135.23726,34.832292],[135.237342,34.831852],[135.237539,34.831191],[135.237726,34.830717],[135.237927,34.830259],[135.237897,34.83024]],[[135.237897,34.83024],[135.237841,34.83032],[135.237711,34.830433],[135.237611,34.830546],[135.237529,34.830687],[135.23738,34.83105],[135.236881,34.830571],[135.23691,34.830788],[135.235954,34.831261]],[[135.235954,34.831261],[135.235973,34.832435],[135.23597,34.832915],[135.235902,34.833369],[135.236121,34.833552],[135.23605,34.833821],[135.236063,34.833871],[135.236091,34.83394],[135.236136,34.833994],[135.236183,34.834038],[135.236435,34.834138],[135.23636,34.834212],[135.236579,34.834454]],[[135.239797,34.835056],[135.239892,34.83509],[135.240633,34.835355],[135.240708,34.835402],[135.240748,34.835463]],[[135.240748,34.835463],[135.240753,34.835398],[135.24076,34.835304],[135.240856,34.835292],[135.240934,34.835138],[135.240933,34.835052],[135.24095,34.83501],[135.24101,34.834971],[135.241059,34.834752],[135.240979,34.834733],[135.241102,34.834584],[135.24108,34.834516],[135.241076,34.834468]],[[135.241076,34.834468],[135.240688,34.834219],[135.240905,34.83403],[135.241014,34.833915],[135.241144,34.833728],[135.241239,34.833557],[135.241302,34.833403],[135.241348,34.833196],[135.24136,34.832971]],[[135.24136,34.832971],[135.241334,34.832804],[135.241259,34.832496],[135.241142,34.832165],[135.240973,34.831762]],[[135.240973,34.831762],[135.240832,34.831424],[135.240764,34.831261],[135.240714,34.831068],[135.240674,34.830848],[135.240648,34.830526],[135.240626,34.830244],[135.240645,34.830142],[135.240696,34.829918],[135.24076,34.829637],[135.240799,34.829449],[135.240817,34.829288],[135.240827,34.829191],[135.240821,34.828821],[135.240779,34.828447],[135.240708,34.828036]],[[135.240708,34.828036],[135.240702,34.827823],[135.240724,34.827607]],[[135.240724,34.827607],[135.240456,34.82766],[135.240347,34.827695],[135.239892,34.827407],[135.239824,34.827365],[135.239741,34.827283],[135.23965,34.827176],[135.2396,34.82704],[135.239502,34.826522]],[[135.239502,34.826522],[135.239379,34.82654],[135.239323,34.826566],[135.23921,34.826661],[135.239158,34.82673],[135.239181,34.826864],[135.239142,34.826907],[135.239081,34.826926],[135.23902,34.826905],[135.238905,34.82684],[135.238849,34.826842],[135.238708,34.826845],[135.238432,34.826719],[135.238036,34.826578],[135.237712,34.82648],[135.237525,34.826325]],[[135.237525,34.826325],[135.237419,34.826239],[135.237322,34.826214],[135.237217,34.826219],[135.237112,34.826252],[135.237039,34.82631],[135.236933,34.826465],[135.236859,34.826512],[135.236131,34.826872],[135.235944,34.826876],[135.235916,34.826877],[135.235913,34.827813],[135.236702,34.828359],[135.237184,34.828362],[135.237232,34.828351],[135.237258,34.828333],[135.237318,34.828224],[135.237353,34.828209],[135.237401,34.82822],[135.237432,34.828255],[135.237434,34.82836],[135.237456,34.828414],[135.237546,34.828573],[135.237557,34.828618],[135.237544,34.828654],[135.237509,34.828665],[135.237448,34.828662],[135.237431,34.828709],[135.237428,34.828861],[135.237459,34.828897],[135.237745,34.828953],[135.237728,34.829039],[135.237725,34.829115],[135.237756,34.829198],[135.237831,34.829266],[135.237828,34.82936],[135.237851,34.829425],[135.237922,34.82949],[135.237931,34.830142],[135.237897,34.83024]],[[135.247403,34.829495],[135.247286,34.829261],[135.247247,34.829215],[135.247154,34.829033],[135.247122,34.828957],[135.247104,34.828862],[135.24704,34.828677],[135.246888,34.828587],[135.247056,34.828575],[135.247083,34.82857]],[[135.247083,34.82857],[135.247055,34.828476]],[[135.247055,34.828476],[135.2468,34.828533],[135.246499,34.828611],[135.246167,34.828715],[135.245695,34.828874],[135.245505,34.828953],[135.245276,34.829066],[135.244934,34.829247],[135.244662,34.829415],[135.244257,34.82971],[135.243857,34.829334],[135.243073,34.82862],[135.24268,34.829071],[135.242186,34.829123],[135.241702,34.829175],[135.241583,34.828516],[135.24152,34.828398],[135.241422,34.828277],[135.241273,34.828179],[135.241146,34.828137],[135.240708,34.828036]],[[135.24136,34.832971],[135.241528,34.832961],[135.241663,34.832963],[135.241797,34.832982],[135.241873,34.833004],[135.241975,34.832633],[135.242012,34.832559],[135.242056,34.83251],[135.242138,34.832421],[135.242203,34.832384],[135.242244,34.832352],[135.242284,34.832307],[135.24232,34.832214],[135.242364,34.832162],[135.242378,34.832148],[135.24251,34.832019],[135.242596,34.832002],[135.242727,34.831941],[135.242931,34.831775],[135.243136,34.831566],[135.242877,34.83137],[135.242642,34.831307],[135.242768,34.8312],[135.242891,34.831094],[135.242892,34.831197],[135.243094,34.831334],[135.243493,34.830999],[135.243569,34.830979],[135.243634,34.830955],[135.24369,34.830931],[135.244078,34.830654],[135.244096,34.830536],[135.244232,34.830359],[135.244421,34.830289],[135.244526,34.830245],[135.244615,34.830201],[135.244677,34.830168],[135.24477,34.830128],[135.244964,34.830068],[135.244993,34.830144],[135.245852,34.830116],[135.246474,34.830096],[135.246485,34.830142],[135.246674,34.830148],[135.246673,34.830047],[135.246516,34.830011],[135.246508,34.829916],[135.246683,34.82992],[135.246829,34.829812],[135.246831,34.829813],[135.247403,34.829495]],[[135.235954,34.831261],[135.23582,34.831327],[135.234251,34.83135],[135.23424,34.832763],[135.234108,34.832677],[135.233884,34.832632],[135.233704,34.832619],[135.233538,34.832623],[135.23338,34.832643],[135.23317,34.832709],[135.2331,34.832717],[135.233043,34.832703],[135.232898,34.832625],[135.232849,34.832625],[135.232793,34.832633],[135.232601,34.832721],[135.232526,34.832725],[135.23246,34.832718],[135.232212,34.832624],[135.232128,34.832618],[135.231615,34.832635]],[[135.231615,34.832635],[135.231243,34.832646]],[[135.231243,34.832646],[135.231347,34.832751],[135.231607,34.832979],[135.232355,34.83415],[135.232357,34.834328],[135.231868,34.834643],[135.231776,34.834733],[135.2317,34.835002],[135.231713,34.835101],[135.231803,34.835463],[135.231825,34.835727],[135.231879,34.835896],[135.231908,34.836024],[135.231938,34.836267],[135.231814,34.836471],[135.231791,34.836631],[135.231822,34.836676],[135.232117,34.836949],[135.232219,34.837036],[135.232583,34.837062],[135.232641,34.837073],[135.232915,34.837154],[135.232814,34.837448],[135.232801,34.83759]],[[135.276398,34.820075],[135.276123,34.819945],[135.275951,34.819872],[135.275828,34.819851],[135.275273,34.819837],[135.275113,34.819825],[135.274695,34.819708],[135.274583,34.819693],[135.274513,34.81971],[135.274328,34.819818],[135.274274,34.819849],[135.274191,34.81986],[135.273606,34.819806],[135.273474,34.819848],[135.27325,34.81986],[135.273109,34.819858],[135.272635,34.819995],[135.272511,34.820009],[135.272382,34.819966],[135.272194,34.819858],[135.271767,34.81951],[135.270737,34.818639],[135.270406,34.818323],[135.269765,34.817894],[135.268946,34.817408],[135.26786,34.816551]],[[135.26786,34.816551],[135.267838,34.816723],[135.26781,34.816941],[135.267634,34.817598],[135.267586,34.817765],[135.267435,34.817938],[135.265913,34.818998],[135.26581,34.819095],[135.265781,34.819186],[135.26584,34.819549],[135.265841,34.81966],[135.265751,34.819802],[135.265654,34.819894],[135.264968,34.820114],[135.264845,34.82013],[135.264606,34.820086],[135.264477,34.820072],[135.264294,34.820093],[135.264038,34.820181],[135.263916,34.820263],[135.26382,34.82043],[135.263773,34.820648],[135.263787,34.821334],[135.263706,34.821439],[135.263584,34.821525],[135.263401,34.821547],[135.262972,34.821545],[135.26267,34.821391],[135.262542,34.821377],[135.262364,34.821383],[135.262175,34.821435],[135.25515,34.82515],[135.256133,34.826551],[135.25591,34.826588],[135.25565,34.826631],[135.255403,34.82641],[135.255229,34.82626],[135.254792,34.826011],[135.254534,34.825932],[135.254319,34.825924],[135.254155,34.825965],[135.253984,34.826063],[135.253887,34.826159],[135.253845,34.82621],[135.253753,34.826221],[135.253643,34.826196],[135.253581,34.826152],[135.253525,34.825501],[135.253421,34.825022],[135.253344,34.824881]],[[135.253344,34.824881],[135.25324,34.82469],[135.253159,34.824559],[135.253029,34.824444],[135.252952,34.824404]],[[135.252952,34.824404],[135.25295,34.824407],[135.253,34.824464],[135.253073,34.824554],[135.253166,34.824668],[135.253114,34.824729],[135.252991,34.82486],[135.252917,34.824875],[135.252782,34.824902],[135.252466,34.824965],[135.252375,34.825042]],[[135.252375,34.825042],[135.252375,34.825042]],[[135.252375,34.825042],[135.252366,34.82505],[135.252316,34.825097],[135.252271,34.825137],[135.252206,34.825177],[135.252139,34.825204],[135.252063,34.825226],[135.252012,34.825251],[135.251949,34.825293],[135.251883,34.825346],[135.251827,34.825391],[135.251791,34.825422],[135.25175,34.825457],[135.251659,34.825524],[135.251556,34.825579],[135.251502,34.825613],[135.251464,34.825647],[135.251413,34.825694]],[[135.251413,34.825694],[135.251435,34.825738],[135.2516,34.825683],[135.251657,34.825697],[135.251705,34.825733],[135.25171,34.825776],[135.251676,34.825837],[135.251772,34.825876],[135.251812,34.825912],[135.251839,34.82598],[135.251813,34.826048],[135.251397,34.826427],[135.251266,34.826389],[135.251175,34.826512],[135.25112,34.826641],[135.251083,34.826836],[135.251049,34.826897],[135.251006,34.826941],[135.250706,34.827015],[135.250629,34.827195],[135.250619,34.827418],[135.250685,34.827475],[135.250655,34.827569],[135.250529,34.827599],[135.250438,34.827632],[135.250375,34.827666],[135.250358,34.827738],[135.250307,34.827836],[135.250135,34.82801],[135.250066,34.828118],[135.250024,34.828237],[135.250042,34.828341],[135.2501,34.828409],[135.250284,34.828541],[135.250685,34.828872],[135.250768,34.828889],[135.250881,34.828863],[135.251266,34.828616],[135.251344,34.82854],[135.251432,34.828412],[135.251484,34.828365],[135.251562,34.828357],[135.251641,34.828389],[135.251887,34.828534],[135.251953,34.828562],[135.252088,34.828565],[135.252258,34.828607],[135.252364,34.828664],[135.252395,34.828717],[135.252374,34.828771],[135.25233,34.8288],[135.252247,34.828808],[135.252086,34.828802],[135.251999,34.828814],[135.25193,34.828847],[135.251865,34.828915],[135.251809,34.828959],[135.250992,34.829259],[135.251301,34.829531],[135.251669,34.829694],[135.252021,34.829608],[135.252429,34.82929],[135.252507,34.82925],[135.252595,34.829253],[135.252797,34.82941],[135.252867,34.829438],[135.253042,34.829437],[135.253059,34.829476],[135.252856,34.829564],[135.252791,34.829604],[135.252752,34.829662],[135.252722,34.829702],[135.252661,34.829738],[135.252088,34.829973],[135.252625,34.830264],[135.252851,34.830298],[135.253205,34.830409],[135.253282,34.830432],[135.253354,34.830438],[135.253433,34.830473],[135.253505,34.830543],[135.253506,34.830615],[135.253524,34.830654],[135.253679,34.830854],[135.253706,34.830922],[135.253706,34.830973],[135.253698,34.831045],[135.253839,34.83113],[135.253896,34.831144],[135.253922,34.831183],[135.253928,34.831269],[135.25395,34.831312],[135.254016,34.831387],[135.254148,34.831509],[135.254215,34.831634],[135.254114,34.831577],[135.254009,34.831542],[135.253703,34.831462],[135.253644,34.831451],[135.253259,34.831378]],[[135.253259,34.831378],[135.252957,34.831758],[135.252916,34.831733],[135.25269,34.832022]],[[135.25269,34.832022],[135.253023,34.832168],[135.253525,34.83266],[135.253844,34.833145],[135.254137,34.833595],[135.254296,34.833654],[135.254404,34.833695],[135.254518,34.83434],[135.25423,34.834675],[135.254199,34.83471],[135.254087,34.834749],[135.253954,34.834773],[135.253947,34.834924],[135.254001,34.835047],[135.254138,34.835243],[135.25428,34.835389]],[[135.250864,34.844714],[135.250922,34.84479],[135.251051,34.844819],[135.251212,34.844822],[135.251378,34.844785],[135.25152,34.844707],[135.251785,34.844437],[135.252164,34.844154],[135.252525,34.843947],[135.253002,34.843826],[135.253196,34.8438],[135.253358,34.843812],[135.253714,34.843872],[135.253973,34.84405],[135.254162,34.8441],[135.254496,34.843786],[135.255384,34.843715],[135.255931,34.843635],[135.256735,34.843588],[135.257407,34.843272],[135.258033,34.842982],[135.25847,34.842719],[135.25891,34.842703],[135.259631,34.842516],[135.260187,34.843043],[135.261377,34.842632],[135.261676,34.842656],[135.262039,34.842783],[135.262298,34.843022]],[[135.24473,34.837626],[135.24466,34.837715],[135.24449,34.837624]],[[135.24449,34.837624],[135.244233,34.837454],[135.24417,34.837426],[135.244074,34.837387],[135.244053,34.837359],[135.244165,34.837121],[135.244133,34.837036],[135.244088,34.836951],[135.243959,34.836813],[135.243601,34.836543],[135.243234,34.836838],[135.243086,34.836969],[135.242861,34.836991],[135.242742,34.837041],[135.242559,34.837123],[135.242503,34.8371],[135.242287,34.837075],[135.24217,34.83709],[135.242079,34.837113],[135.241948,34.837147],[135.241809,34.837192],[135.241744,34.837234],[135.240844,34.837094],[135.240936,34.836707],[135.240779,34.836435],[135.240783,34.836314],[135.240786,34.836056],[135.240806,34.835981],[135.240807,34.835468],[135.240748,34.835463]],[[135.250585,34.829639],[135.250561,34.829736],[135.250492,34.830026],[135.250771,34.830451],[135.25091,34.830662],[135.251285,34.831031],[135.251411,34.831096],[135.251676,34.830842],[135.251583,34.830789],[135.251767,34.830606],[135.251782,34.83059]],[[135.251782,34.83059],[135.25119,34.83012],[135.250585,34.829639]],[[135.239502,34.826522],[135.239499,34.826416],[135.239492,34.826184],[135.239495,34.826068],[135.239541,34.825919],[135.239597,34.825811],[135.239871,34.825416],[135.239903,34.825377],[135.240645,34.824467],[135.240776,34.824338],[135.240916,34.824218],[135.241047,34.824126],[135.241274,34.824027],[135.241374,34.823969],[135.241439,34.82391],[135.241478,34.82383],[135.24149,34.823722],[135.241479,34.823606],[135.241439,34.823549],[135.241276,34.823409],[135.241252,34.823039],[135.241264,34.822956],[135.241316,34.822919],[135.241447,34.822882],[135.241495,34.822853],[135.241538,34.822798],[135.241538,34.822726],[135.24155,34.822668],[135.241589,34.822635],[135.241742,34.82254],[135.241767,34.822508],[135.24181,34.822404],[135.24185,34.822373],[135.241947,34.822328],[135.241962,34.822292],[135.241961,34.82224],[135.242037,34.82202],[135.242105,34.821901],[135.242164,34.82194],[135.242235,34.822047],[135.242281,34.82206],[135.242322,34.822054],[135.24235,34.822018],[135.242419,34.821901],[135.242479,34.821811],[135.242535,34.821764],[135.242629,34.821722],[135.242742,34.821681],[135.242863,34.821601],[135.243113,34.821391],[135.243212,34.82125],[135.24343,34.821245],[135.24367,34.821264],[135.24395,34.821305],[135.244216,34.821311],[135.244494,34.821283],[135.244731,34.82125],[135.245132,34.821155],[135.245354,34.821121],[135.245798,34.821049],[135.246294,34.820966],[135.246415,34.820933],[135.246506,34.820882],[135.246532,34.820835],[135.246623,34.820922],[135.24666,34.821323],[135.246666,34.821485],[135.246698,34.822042]],[[135.246698,34.822042],[135.247268,34.821951],[135.247403,34.821943],[135.247678,34.821941],[135.247796,34.821933],[135.247972,34.821901],[135.248012,34.821878],[135.248154,34.821795],[135.248216,34.821771]],[[135.248216,34.821771],[135.24768,34.82134],[135.247655,34.821226],[135.247663,34.82107],[135.247724,34.820987],[135.248165,34.820952],[135.248231,34.820936],[135.248244,34.820881],[135.248211,34.820838],[135.247599,34.820491],[135.247535,34.820427],[135.24752,34.820352],[135.247567,34.820305],[135.247642,34.820293],[135.247956,34.820337],[135.248008,34.82031],[135.248003,34.820263],[135.247801,34.820076],[135.247777,34.820002],[135.24779,34.819928],[135.247842,34.819865],[135.247988,34.81977],[135.2481,34.819651],[135.248185,34.819541],[135.248247,34.81937],[135.248273,34.819206],[135.248274,34.818853],[135.248245,34.818605],[135.248146,34.818179],[135.248154,34.818032],[135.248183,34.817476],[135.248234,34.817253],[135.248269,34.817096],[135.248338,34.816904]],[[135.248338,34.816904],[135.248393,34.816747],[135.248631,34.816314],[135.248723,34.816063],[135.248766,34.81598],[135.248872,34.815691],[135.248991,34.815339],[135.249002,34.815115],[135.248897,34.814798]],[[135.248897,34.814798],[135.248751,34.815093],[135.248687,34.815175],[135.248579,34.815289],[135.248493,34.815381],[135.248328,34.815556],[135.24807,34.815833],[135.248025,34.816549],[135.248025,34.816552],[135.248023,34.816549]],[[135.248023,34.816549],[135.247994,34.816802],[135.247968,34.816921],[135.247653,34.816924],[135.247598,34.816998],[135.247579,34.817012],[135.247538,34.816989],[135.24743,34.816883],[135.247389,34.816823],[135.247282,34.81638],[135.247276,34.816241],[135.247295,34.816116],[135.247327,34.815975],[135.247342,34.815842],[135.247356,34.815683],[135.247359,34.815644],[135.247451,34.815265]],[[135.247451,34.815265],[135.247446,34.815251],[135.24737,34.814984],[135.247385,34.814919],[135.247457,34.81485],[135.247596,34.814641],[135.247667,34.814441],[135.24771,34.814249],[135.247701,34.81409],[135.247649,34.813794],[135.247891,34.813763]],[[135.247891,34.813763],[135.247708,34.813477],[135.247712,34.813191],[135.24767,34.813094],[135.24761,34.812955],[135.247609,34.812841],[135.247594,34.812699],[135.247674,34.812447],[135.247684,34.812387],[135.247652,34.812339],[135.247457,34.812245],[135.247156,34.812125],[135.247094,34.812046],[135.247106,34.811939],[135.247325,34.811251],[135.247345,34.811149],[135.247309,34.811042],[135.246996,34.810682],[135.246787,34.80957],[135.246794,34.809405],[135.246891,34.809201],[135.246898,34.809164],[135.246894,34.80912],[135.246813,34.809006],[135.246762,34.808918],[135.24656,34.808758],[135.246257,34.808425],[135.246165,34.808264],[135.246115,34.808176],[135.246067,34.807961],[135.246019,34.807394],[135.24595,34.807218]],[[135.24595,34.807218],[135.245939,34.807192],[135.245674,34.806898],[135.245393,34.80666],[135.24485,34.806347],[135.244493,34.806162],[135.244277,34.80608],[135.244377,34.805618],[135.244217,34.805428],[135.24408,34.8053],[135.24388,34.805152],[135.24381,34.804912],[135.243464,34.804749],[135.243661,34.804357],[135.243572,34.80425],[135.243527,34.803963],[135.243761,34.803704]],[[135.243761,34.803704],[135.243605,34.80366],[135.243552,34.803648],[135.243098,34.803538],[135.243059,34.803259],[135.242888,34.803064],[135.242551,34.802992],[135.242201,34.802959],[135.241976,34.802861],[135.241544,34.802628],[135.241105,34.802703],[135.240835,34.802741],[135.240666,34.802752],[135.240558,34.803081],[135.240427,34.803366],[135.240853,34.803627],[135.24086,34.804014],[135.240837,34.804375],[135.241017,34.80466],[135.241319,34.805014],[135.241397,34.805108],[135.241529,34.805452],[135.241746,34.80582],[135.241916,34.8061],[135.241974,34.806645],[135.241923,34.806747],[135.241816,34.806959],[135.24183,34.80702],[135.241862,34.807173],[135.241705,34.807316],[135.241698,34.807404],[135.241687,34.807639],[135.241774,34.807854],[135.241633,34.807964],[135.241387,34.8082],[135.241287,34.808284],[135.241124,34.808427],[135.241122,34.808709],[135.24112,34.808781],[135.240682,34.808696],[135.240309,34.808839],[135.239857,34.808678],[135.239486,34.808789],[135.239263,34.80911],[135.238827,34.809229],[135.238761,34.809423],[135.238728,34.809703],[135.238508,34.809808],[135.238262,34.809801],[135.238055,34.809861],[135.237957,34.809913],[135.237873,34.809984],[135.237855,34.810085],[135.237738,34.810368],[135.237572,34.810385],[135.237515,34.810392],[135.237338,34.810495],[135.237111,34.810488],[135.236781,34.810486],[135.236658,34.810536],[135.236449,34.810617],[135.236405,34.810664],[135.236254,34.81083],[135.236254,34.811055],[135.23607,34.81119],[135.236013,34.811237],[135.235732,34.811338],[135.235412,34.811248],[135.235,34.811369],[135.234805,34.811697],[135.234792,34.811789],[135.234774,34.811936],[135.234681,34.812126],[135.23452,34.812136],[135.234213,34.812301],[135.233821,34.812479],[135.233756,34.812478],[135.233542,34.812473],[135.233331,34.812591],[135.233152,34.81275],[135.233098,34.812845],[135.233068,34.813066],[135.233445,34.813142],[135.233283,34.813531],[135.233294,34.813645],[135.233368,34.81369],[135.233461,34.813705],[135.233489,34.813735],[135.233426,34.813941],[135.233399,34.813987],[135.233326,34.814011],[135.233234,34.814072],[135.233143,34.81421],[135.232988,34.814401],[135.232906,34.814455],[135.232682,34.814545],[135.232849,34.814788],[135.232775,34.815487],[135.232754,34.815877],[135.232873,34.816009],[135.233269,34.816222],[135.233259,34.816574],[135.233237,34.816775],[135.233156,34.816901],[135.233081,34.817049],[135.232845,34.817429],[135.232807,34.817504],[135.232845,34.817963],[135.232849,34.818098],[135.232817,34.818414],[135.232729,34.818593],[135.23267,34.818649],[135.23268,34.818821],[135.232665,34.818983],[135.232552,34.819146],[135.232446,34.819214],[135.232215,34.819318],[135.232009,34.819493],[135.231846,34.819776],[135.231687,34.819948]],[[135.231687,34.819948],[135.231846,34.819966]],[[135.231846,34.819966],[135.233289,34.820132],[135.234849,34.820311],[135.238406,34.82072],[135.238542,34.821054],[135.238558,34.821226],[135.238756,34.821979],[135.238845,34.822443],[135.238919,34.823458],[135.237751,34.82361],[135.237761,34.823867],[135.236894,34.823988],[135.236899,34.824698],[135.237542,34.826041],[135.237679,34.826106],[135.237525,34.826325]],[[135.240746,34.820319],[135.240694,34.820367],[135.240603,34.820529],[135.240553,34.820616],[135.240521,34.820782],[135.240248,34.820757],[135.24028,34.820607],[135.240259,34.820591],[135.240223,34.820554],[135.240187,34.820497],[135.240171,34.820457],[135.240138,34.820451],[135.240141,34.820304],[135.240125,34.820268],[135.240074,34.820224],[135.24004,34.820187],[135.240012,34.820142],[135.240001,34.820086],[135.24,34.820012],[135.239989,34.819951],[135.239974,34.819905],[135.239944,34.819862],[135.239898,34.819809],[135.239892,34.81977],[135.239856,34.819728],[135.239833,34.819712],[135.239732,34.819391],[135.239646,34.819324],[135.239409,34.819197],[135.239302,34.819175],[135.239134,34.819171],[135.239057,34.819184],[135.238989,34.819196],[135.238872,34.819219],[135.238201,34.819229],[135.238105,34.819231],[135.237907,34.819434],[135.237847,34.819466],[135.237469,34.819493],[135.23727,34.819449],[135.237383,34.819587],[135.237359,34.81985],[135.23741,34.819865],[135.237444,34.819909],[135.237452,34.819956],[135.237389,34.820233],[135.237316,34.820224],[135.237261,34.820404],[135.23488,34.820121]],[[135.23488,34.820121],[135.233224,34.819924],[135.233081,34.819907],[135.233005,34.819382],[135.232955,34.819041],[135.232915,34.81876],[135.232918,34.818713],[135.232943,34.818396],[135.232994,34.817721],[135.233085,34.817767],[135.23311,34.817798],[135.233155,34.817872],[135.233176,34.817897],[135.233223,34.817913],[135.233293,34.81792],[135.233711,34.818193],[135.233857,34.818428],[135.234,34.818453],[135.234031,34.818433],[135.234012,34.81828],[135.234011,34.818214],[135.234042,34.818168],[135.234076,34.818099],[135.234076,34.818047],[135.234051,34.817989],[135.233998,34.817918],[135.233992,34.81783],[135.234008,34.817718],[135.234007,34.817655],[135.233998,34.817516],[135.234043,34.817447],[135.23406,34.817398],[135.234118,34.817215],[135.234163,34.817212],[135.234194,34.817147],[135.234232,34.816985],[135.234269,34.816991],[135.234391,34.817013],[135.234448,34.816914],[135.234512,34.8168],[135.234495,34.816732],[135.2345,34.816696],[135.23453,34.816623],[135.234634,34.816391],[135.234729,34.816289],[135.235192,34.816183],[135.235337,34.816182],[135.235317,34.816212],[135.235297,34.816264],[135.23528,34.816344],[135.235302,34.816448],[135.235356,34.816522],[135.23548,34.816624],[135.235505,34.816645],[135.235634,34.81675],[135.235707,34.81679],[135.235896,34.816826],[135.235945,34.816863],[135.235981,34.816915],[135.236036,34.817046],[135.236054,34.817088],[135.236227,34.817285],[135.23629,34.817285],[135.236343,34.817313],[135.236482,34.817289],[135.236569,34.817283],[135.236645,34.817292],[135.236694,34.817376],[135.236714,34.817432]],[[135.236714,34.817432],[135.236611,34.818152],[135.23707,34.818205],[135.237427,34.818199],[135.237497,34.818286],[135.237418,34.818592],[135.237693,34.818561],[135.237758,34.818434],[135.237892,34.818439],[135.237995,34.818444],[135.238038,34.818504],[135.238069,34.818524],[135.238097,34.818523],[135.238128,34.818494],[135.238138,34.818437],[135.238165,34.818379],[135.238254,34.818232],[135.23837,34.817966],[135.238503,34.817979],[135.238574,34.818057],[135.23874,34.818134],[135.238982,34.818228],[135.239143,34.818284],[135.239375,34.818397],[135.239371,34.81783],[135.240105,34.818007]],[[135.240105,34.818007],[135.240105,34.818007]],[[135.240105,34.818007],[135.240155,34.818019],[135.240411,34.818079],[135.240457,34.817985],[135.240526,34.81793],[135.240575,34.817912],[135.240593,34.817955],[135.240593,34.818007],[135.240532,34.818114],[135.240525,34.818186],[135.240547,34.81826],[135.2406,34.818326],[135.240677,34.818372],[135.240771,34.818642],[135.240765,34.818702],[135.240659,34.818904],[135.240639,34.818985],[135.240636,34.819045],[135.240702,34.819184],[135.240731,34.81927],[135.240701,34.819383],[135.240704,34.819753],[135.241082,34.819934],[135.241221,34.820005]],[[135.241221,34.820005],[135.241293,34.819863],[135.241347,34.819774],[135.241425,34.819693],[135.241536,34.819549],[135.241541,34.819483],[135.241562,34.819359],[135.241575,34.819301],[135.241607,34.819174],[135.241623,34.819098],[135.241656,34.818999],[135.241696,34.81886],[135.241767,34.818615],[135.241798,34.818552],[135.241944,34.81826],[135.241946,34.818258],[135.242147,34.817963],[135.242168,34.817933],[135.242275,34.817817],[135.242405,34.817757],[135.242457,34.817693],[135.242481,34.817665],[135.242487,34.817596],[135.242449,34.817477],[135.242451,34.817396],[135.242493,34.817338],[135.242569,34.817294],[135.242694,34.817259],[135.242774,34.817201],[135.242822,34.81712],[135.242981,34.817297],[135.243235,34.817243],[135.24336,34.817248],[135.243465,34.817207],[135.243483,34.81763],[135.243806,34.817317],[135.243903,34.817287],[135.243931,34.817286],[135.243957,34.817287],[135.244015,34.817311],[135.24437,34.817213],[135.244441,34.81716],[135.244677,34.817327],[135.244804,34.81747],[135.244964,34.817717],[135.244922,34.817751],[135.244993,34.817855],[135.245402,34.817598],[135.245392,34.817371],[135.245712,34.817384],[135.245655,34.817566],[135.245687,34.817669],[135.245461,34.818074],[135.245296,34.818265],[135.245265,34.8183],[135.245241,34.818349],[135.245297,34.818406],[135.245371,34.818437],[135.245451,34.818442],[135.245564,34.818528],[135.246072,34.81838],[135.246104,34.81838],[135.246105,34.818504],[135.246174,34.81858],[135.246072,34.819083],[135.246533,34.81916],[135.246571,34.819216],[135.24647,34.819349],[135.246421,34.81953],[135.24649,34.819582],[135.246446,34.819664],[135.24639,34.819755],[135.24635,34.81981],[135.246257,34.819884],[135.246001,34.82002],[135.245913,34.820117],[135.245671,34.820314],[135.245609,34.820401],[135.245448,34.820327],[135.245351,34.82044],[135.24529,34.820539],[135.245269,34.820616],[135.245015,34.82065],[135.244785,34.820643],[135.244613,34.82061],[135.244445,34.820565],[135.244336,34.820529],[135.244294,34.820582],[135.243945,34.82055],[135.243899,34.820565],[135.243872,34.820591],[135.243721,34.820579],[135.243676,34.820575],[135.243721,34.820517],[135.243811,34.820459],[135.243898,34.820432],[135.244065,34.820417],[135.243914,34.820303],[135.243617,34.820282],[135.243713,34.820132],[135.243747,34.820022],[135.24377,34.819944],[135.243767,34.819863],[135.243763,34.819702],[135.243763,34.819677],[135.243736,34.819666],[135.243646,34.819677],[135.243575,34.819706],[135.243538,34.819747],[135.243406,34.819971],[135.24326,34.820216],[135.243101,34.820448],[135.243018,34.820507],[135.242935,34.820582],[135.242869,34.820669],[135.24282,34.820643],[135.242696,34.820725],[135.242626,34.820751],[135.242608,34.820685],[135.242569,34.820628],[135.242509,34.820582],[135.242439,34.82054],[135.242439,34.820511],[135.242215,34.820478],[135.242054,34.820901],[135.2416,34.820855],[135.241445,34.820785],[135.241439,34.820825],[135.241359,34.820818],[135.241247,34.820809],[135.241295,34.820783],[135.241318,34.820639],[135.240773,34.820585],[135.240881,34.820377],[135.240746,34.820319]],[[135.240724,34.827607],[135.240776,34.82752],[135.240805,34.827471],[135.240873,34.827374],[135.241021,34.82721],[135.24116,34.827093],[135.241341,34.826981],[135.241531,34.826885],[135.241703,34.826823],[135.241883,34.82676],[135.24191,34.826751],[135.242492,34.826567],[135.24272,34.826476],[135.242927,34.826372],[135.243117,34.826231],[135.243271,34.826075],[135.243318,34.826015],[135.243385,34.825932],[135.243529,34.825723],[135.243592,34.825612],[135.243889,34.825088],[135.244015,34.824879],[135.244084,34.824795],[135.244136,34.824732],[135.244944,34.824101],[135.245156,34.823936],[135.245414,34.823734],[135.245889,34.823364],[135.245943,34.823322]],[[135.245943,34.823322],[135.246482,34.822906],[135.246517,34.822879],[135.246605,34.822781],[135.246665,34.822686],[135.246686,34.822629],[135.246711,34.822564],[135.246742,34.82243],[135.24674,34.822251],[135.246728,34.82219],[135.246698,34.822042]],[[135.247055,34.828476],[135.246903,34.827967],[135.24679,34.827632],[135.246722,34.827432],[135.246576,34.826962],[135.246559,34.826879],[135.246551,34.826839]],[[135.246551,34.826839],[135.246479,34.826494],[135.24638,34.825984],[135.246269,34.825334],[135.246134,34.824497],[135.245943,34.823322]],[[135.251413,34.825694],[135.25139,34.825649],[135.251794,34.825263],[135.251892,34.825115],[135.251943,34.82496],[135.251968,34.824823],[135.251944,34.824668],[135.251859,34.824439],[135.251757,34.824314],[135.251015,34.823742]],[[135.251015,34.823742],[135.250621,34.824085],[135.249815,34.824794],[135.248631,34.825874],[135.248009,34.826406],[135.24787,34.826505],[135.24767,34.826606],[135.247425,34.826692],[135.247113,34.82676],[135.246551,34.826839]],[[135.247083,34.82857],[135.247182,34.828551],[135.247265,34.828539],[135.247495,34.828505],[135.24767,34.8285],[135.247841,34.828498],[135.24815,34.828504],[135.248283,34.828544],[135.248337,34.828546],[135.248376,34.828546],[135.248391,34.828547],[135.248551,34.828551],[135.248835,34.828616],[135.248913,34.828634],[135.249181,34.828718],[135.249248,34.828744],[135.249412,34.828808],[135.249453,34.828825],[135.249704,34.828963],[135.249867,34.829058],[135.249903,34.829079],[135.250173,34.829288],[135.250266,34.829368],[135.250585,34.829639]],[[135.251782,34.83059],[135.251816,34.830552],[135.252149,34.830788],[135.252344,34.830907],[135.252593,34.83106],[135.252569,34.831101],[135.252785,34.831196],[135.25298,34.831283],[135.253259,34.831378]],[[135.251001,34.822426],[135.250682,34.822443],[135.25061,34.822447],[135.250245,34.822466],[135.25011,34.822488],[135.249741,34.822546],[135.249571,34.82255],[135.249444,34.822526],[135.249369,34.822494],[135.249312,34.822444],[135.24904,34.822207],[135.248973,34.822149],[135.248786,34.821926],[135.248748,34.821881]],[[135.248748,34.821881],[135.248633,34.821774],[135.248502,34.821746],[135.24828,34.821748],[135.248216,34.821771]],[[135.251015,34.823742],[135.250664,34.823472],[135.250532,34.823311],[135.250474,34.823189],[135.25045,34.823063],[135.250458,34.82292],[135.250547,34.822725],[135.250668,34.822591],[135.25081,34.822493],[135.251001,34.822426]],[[135.252346,34.809329],[135.252335,34.809307],[135.252333,34.809188],[135.252321,34.809036],[135.252226,34.808933],[135.252097,34.80881],[135.251949,34.808642],[135.251844,34.808526],[135.251788,34.80843],[135.251715,34.80828],[135.251694,34.808168],[135.251641,34.808007],[135.251591,34.807932],[135.251525,34.807862],[135.251402,34.8078],[135.25128,34.807769],[135.251201,34.807765],[135.251067,34.807762],[135.250996,34.807775],[135.250883,34.807792],[135.250809,34.807787],[135.250716,34.807754],[135.250672,34.807692],[135.250563,34.807541]],[[135.250563,34.807541],[135.250531,34.807577],[135.250229,34.807669],[135.250173,34.807686]],[[135.250173,34.807686],[135.250246,34.80802],[135.250239,34.808023],[135.25012,34.808069],[135.250122,34.808256],[135.250144,34.808534],[135.250172,34.808646],[135.250266,34.808961],[135.250282,34.809007],[135.250305,34.809046],[135.250321,34.809215],[135.250133,34.809212],[135.250126,34.809419],[135.250325,34.809521],[135.250362,34.809744],[135.25025,34.809757],[135.25004,34.810181],[135.2499,34.810217],[135.249664,34.810119],[135.24951,34.810128],[135.24946,34.810141],[135.249441,34.810153],[135.249425,34.810176],[135.249421,34.810225],[135.249426,34.810299],[135.2495,34.810451],[135.249467,34.810463],[135.249358,34.810461],[135.249348,34.81046],[135.249177,34.810414],[135.24918,34.810575],[135.249329,34.810604],[135.249221,34.810771],[135.24916,34.810867],[135.249118,34.81094],[135.249113,34.810994],[135.249147,34.811057],[135.249171,34.811084]],[[135.249171,34.811084],[135.249246,34.811167],[135.24927,34.811226],[135.249287,34.811371],[135.249262,34.811429],[135.249211,34.811518],[135.24919,34.811566],[135.249188,34.811625],[135.249228,34.811687],[135.249301,34.811799],[135.249334,34.81188],[135.249349,34.81197],[135.249355,34.812022],[135.249344,34.812112],[135.249306,34.812316],[135.249297,34.812386],[135.249293,34.812457],[135.249289,34.812509],[135.249276,34.812555],[135.249233,34.812636],[135.249097,34.812893],[135.249054,34.812988],[135.249038,34.813033],[135.249068,34.8131],[135.249161,34.813207],[135.249234,34.813367],[135.249279,34.813585],[135.249288,34.813746]],[[135.249288,34.813746],[135.249696,34.813546],[135.250071,34.813376],[135.250332,34.813234],[135.250563,34.813085],[135.250764,34.812952],[135.251103,34.812729],[135.251269,34.812631],[135.251467,34.812514],[135.251646,34.812418],[135.251768,34.812339],[135.25186,34.812236],[135.251905,34.812126],[135.251909,34.812107],[135.251953,34.811898],[135.251971,34.811797],[135.251962,34.811741],[135.251867,34.811635],[135.251765,34.811556],[135.25159,34.811455],[135.251501,34.811398],[135.251452,34.811331],[135.251416,34.811225],[135.251334,34.811028],[135.251335,34.811002],[135.251335,34.810988],[135.25134,34.810787],[135.251344,34.810754],[135.251384,34.810625],[135.251452,34.81049],[135.251628,34.810261],[135.251737,34.810127],[135.251772,34.810073],[135.251787,34.810006],[135.251816,34.809958],[135.251934,34.80984],[135.252187,34.809604],[135.252228,34.809544],[135.252346,34.809329]],[[135.249171,34.811084],[135.249171,34.811085],[135.249072,34.811095],[135.249037,34.811107],[135.249006,34.811165],[135.248879,34.811409],[135.248764,34.81156],[135.248684,34.811663],[135.248675,34.811674],[135.248655,34.811675],[135.248635,34.811669],[135.248575,34.811648],[135.248553,34.81164],[135.24853,34.811643],[135.248484,34.811681],[135.248434,34.811726],[135.248431,34.811743],[135.24843,34.811789],[135.248431,34.811874],[135.248435,34.81193],[135.248438,34.811941],[135.248451,34.811955],[135.248456,34.811959],[135.24848,34.811964],[135.248538,34.811967],[135.248608,34.811971],[135.24863,34.811975],[135.248669,34.812001],[135.248663,34.812169],[135.248668,34.812236],[135.248705,34.812315],[135.248756,34.812392],[135.248781,34.812424],[135.24879,34.812438],[135.248784,34.812454],[135.248768,34.812484],[135.248759,34.8125],[135.248766,34.812526],[135.248809,34.812646],[135.248815,34.812809],[135.248832,34.812923],[135.248596,34.813132],[135.248585,34.813142],[135.248332,34.813365],[135.248137,34.813538],[135.248142,34.813596],[135.248139,34.813608],[135.248091,34.81367],[135.248047,34.81366],[135.247992,34.813689],[135.247942,34.813707],[135.247918,34.813731],[135.247891,34.813763]],[[135.247451,34.815265],[135.247621,34.815745],[135.24774,34.816054],[135.247939,34.816439],[135.248023,34.816549]],[[135.248897,34.814798],[135.248917,34.814707],[135.248971,34.81449],[135.248978,34.814323],[135.248984,34.814185],[135.249009,34.814003],[135.249064,34.813912],[135.249196,34.813795],[135.249288,34.813746]],[[135.250374,34.81709],[135.250479,34.816841]],[[135.250479,34.816841],[135.250495,34.816743],[135.25051,34.816677],[135.250529,34.816586],[135.25053,34.816582],[135.25054,34.816539],[135.250566,34.816373],[135.250591,34.816202],[135.250614,34.816017],[135.250614,34.816011],[135.250732,34.815283],[135.250805,34.814902],[135.250823,34.814807],[135.250913,34.81451],[135.251061,34.814129],[135.251147,34.813974],[135.251595,34.813333],[135.251752,34.813106],[135.252034,34.812698],[135.252164,34.812474],[135.252313,34.812145],[135.252425,34.811883],[135.252515,34.81155],[135.252591,34.811307],[135.252748,34.810884],[135.252868,34.810588],[135.25287,34.810587],[135.25299,34.810567],[135.253063,34.81053],[135.253117,34.810477],[135.253302,34.809945],[135.253439,34.809654],[135.253536,34.809548],[135.253638,34.809475],[135.253976,34.809351],[135.254073,34.809281],[135.254146,34.809187],[135.254194,34.809098],[135.254235,34.808842],[135.254275,34.808734],[135.254269,34.808735],[135.254038,34.808864],[135.25362,34.808799],[135.253459,34.80878],[135.253145,34.808788],[135.252936,34.808818],[135.252748,34.808873],[135.252621,34.808976],[135.252555,34.80909],[135.252471,34.809239],[135.252393,34.809311],[135.252346,34.809328],[135.252346,34.809329]],[[135.248338,34.816904],[135.24868,34.817224],[135.24882,34.817191],[135.248821,34.817192],[135.249139,34.817419],[135.249416,34.817586],[135.24962,34.817709],[135.249801,34.817779],[135.24995,34.817735],[135.250249,34.817286],[135.250374,34.81709]],[[135.248748,34.821881],[135.248827,34.821617],[135.248824,34.821378],[135.24878,34.821218],[135.248765,34.821136],[135.248797,34.82103],[135.248938,34.82095],[135.249332,34.820889],[135.249429,34.820688],[135.249446,34.820536],[135.249402,34.82043],[135.249225,34.820097],[135.249205,34.819991],[135.249232,34.819858],[135.249589,34.819309],[135.249584,34.819251],[135.249387,34.819002],[135.249287,34.819022],[135.249211,34.818991],[135.249167,34.818894],[135.249179,34.81871],[135.249207,34.818672],[135.249291,34.81856],[135.249913,34.818338],[135.249882,34.818104],[135.250081,34.818028],[135.250083,34.817805],[135.250111,34.817781],[135.250226,34.817913],[135.250302,34.817912],[135.251041,34.817561],[135.250769,34.817026],[135.250374,34.81709]],[[135.268673,34.804924],[135.268705,34.804455],[135.268701,34.804124],[135.268739,34.803977],[135.268911,34.803692],[135.269845,34.802677],[135.270285,34.802612],[135.270398,34.802562],[135.270513,34.802441],[135.27044,34.802374],[135.270375,34.802346],[135.270318,34.802352],[135.270241,34.802332],[135.270066,34.802307],[135.269883,34.802275],[135.269789,34.802216],[135.269736,34.802115],[135.269722,34.801982],[135.269738,34.801911]],[[135.269738,34.801911],[135.26934,34.801993],[135.269121,34.801997],[135.268742,34.802038],[135.268427,34.801984],[135.268173,34.802004],[135.267885,34.802164],[135.267608,34.802268],[135.267341,34.802338],[135.26735,34.802423],[135.267066,34.802434],[135.266869,34.802389],[135.266539,34.802191],[135.266162,34.802013],[135.265857,34.802047],[135.265611,34.802038],[135.265368,34.802055],[135.26496,34.802196],[135.26471,34.802331],[135.264436,34.802274],[135.264188,34.802382],[135.264051,34.802516],[135.264008,34.802658],[135.264055,34.802886],[135.264085,34.803106],[135.263954,34.803128],[135.263686,34.803098],[135.263533,34.803131],[135.263299,34.803432],[135.262786,34.803727],[135.262597,34.803742],[135.262453,34.80379],[135.262256,34.804035],[135.262117,34.804084],[135.261896,34.804088],[135.261752,34.804174],[135.261312,34.804628],[135.261126,34.804857],[135.260911,34.804924],[135.260739,34.804964],[135.260492,34.80507],[135.26029,34.805127],[135.260104,34.805057],[135.259951,34.80504],[135.259648,34.805132],[135.259418,34.805039],[135.259323,34.804916],[135.259238,34.804843],[135.259101,34.804821],[135.258867,34.804872],[135.258655,34.804984],[135.258414,34.805232],[135.258221,34.805306],[135.258043,34.805287],[135.257861,34.805306],[135.257679,34.805418],[135.257493,34.805374],[135.257351,34.805393],[135.2573,34.805522],[135.257146,34.805658],[135.256988,34.805723],[135.256876,34.805688],[135.256701,34.805486],[135.256478,34.805341],[135.256361,34.805338],[135.25622,34.805445],[135.256085,34.805543],[135.256034,34.805633],[135.255915,34.805767],[135.255597,34.806155],[135.255526,34.806158],[135.255344,34.806024],[135.254975,34.805788],[135.254625,34.805527],[135.254155,34.805246],[135.253672,34.805029],[135.253369,34.804801],[135.253124,34.804693],[135.252922,34.804721],[135.25248,34.804768],[135.252393,34.804789],[135.25227,34.804979],[135.252127,34.805165],[135.251707,34.805495],[135.251578,34.80566],[135.251416,34.80609],[135.251332,34.806158],[135.25119,34.806193],[135.25099,34.806279],[135.250989,34.806302],[135.250742,34.80671],[135.25052,34.80691],[135.250411,34.807107],[135.250416,34.807305],[135.250563,34.807541]],[[135.250479,34.816841],[135.251269,34.816562],[135.251492,34.816547],[135.251604,34.816526],[135.251851,34.8165],[135.251958,34.816462],[135.252234,34.816368],[135.252535,34.816246],[135.252658,34.816214],[135.252906,34.816255],[135.253043,34.816226],[135.253142,34.816155],[135.253379,34.815699],[135.253234,34.815495],[135.253197,34.81543],[135.253371,34.815041],[135.253361,34.814947],[135.253376,34.814888],[135.25362,34.81454],[135.253849,34.814194],[135.254212,34.814075],[135.254326,34.814013],[135.254422,34.813941],[135.254473,34.813843],[135.254614,34.813571],[135.254648,34.813525],[135.254718,34.813483],[135.254763,34.813464],[135.254827,34.8134],[135.255846,34.812477],[135.255915,34.812454],[135.256001,34.812468],[135.257071,34.813334],[135.257595,34.813815],[135.257981,34.814046],[135.258243,34.814194],[135.258508,34.814425],[135.258907,34.814147],[135.259113,34.813917],[135.259328,34.813491],[135.260151,34.813253],[135.260125,34.813022],[135.260841,34.812502],[135.261393,34.812052],[135.261625,34.81193],[135.261775,34.811878],[135.261962,34.811842],[135.262055,34.811773],[135.262226,34.811506],[135.262347,34.81138],[135.262642,34.811237],[135.263211,34.810783],[135.263561,34.810449],[135.263717,34.810466],[135.263826,34.810461],[135.26393,34.810464],[135.264014,34.810405],[135.264917,34.809848],[135.265267,34.809725],[135.265781,34.809413],[135.265944,34.809368],[135.266126,34.809223],[135.266418,34.808915],[135.266559,34.808645],[135.266587,34.808426],[135.266431,34.807731],[135.266278,34.806037],[135.266302,34.805575],[135.266478,34.805309],[135.266645,34.805178],[135.266875,34.805134],[135.26705,34.805063],[135.267247,34.804977],[135.267501,34.80483],[135.267702,34.804808],[135.267944,34.804842],[135.267994,34.804872],[135.268177,34.80499],[135.268291,34.805001],[135.268673,34.804924]],[[135.250173,34.807686],[135.249763,34.80781],[135.249398,34.807935],[135.24874,34.808266],[135.248721,34.808231],[135.24855,34.808119],[135.248473,34.808034],[135.24847,34.807947],[135.248463,34.807653],[135.248458,34.807466],[135.248404,34.80725],[135.248548,34.806922],[135.248548,34.806772]],[[135.248548,34.806772],[135.24646,34.80709],[135.246262,34.807221],[135.246137,34.807257],[135.24595,34.807218]],[[135.302178,34.802405],[135.301997,34.802331],[135.301891,34.802243],[135.301849,34.802128],[135.301855,34.802041],[135.301936,34.801719],[135.301898,34.801408],[135.301961,34.801135],[135.302,34.80102],[135.302057,34.800952],[135.302292,34.800704],[135.302388,34.800646],[135.302747,34.800277],[135.302756,34.80019],[135.302779,34.800131],[135.302969,34.799886],[135.303026,34.799782],[135.303059,34.799692],[135.303075,34.799653],[135.303204,34.799516],[135.303251,34.799443],[135.303357,34.799238],[135.303389,34.799075],[135.303446,34.798996],[135.303455,34.798926],[135.303448,34.798848],[135.303416,34.798753],[135.303408,34.798689],[135.303415,34.798572],[135.303463,34.798306],[135.303526,34.798182],[135.303763,34.797853],[135.30382,34.797727],[135.303881,34.797599],[135.3039,34.797498],[135.303858,34.797381],[135.303794,34.797177],[135.303769,34.797043],[135.303767,34.7969],[135.3038,34.796763],[135.303853,34.796656],[135.304172,34.796257],[135.304717,34.795556],[135.304768,34.795494],[135.306638,34.793545],[135.30677,34.79346],[135.306955,34.7934],[135.307484,34.793383],[135.307859,34.793331],[135.307991,34.793301],[135.308525,34.793118],[135.30863,34.793076],[135.308788,34.792952],[135.308914,34.792866],[135.309084,34.792718],[135.309181,34.79259],[135.309229,34.792494],[135.30925,34.792381],[135.30916,34.792393],[135.308946,34.792406],[135.308743,34.79241],[135.308512,34.792367],[135.308359,34.792349],[135.308124,34.792337],[135.308039,34.792321],[135.307825,34.792277],[135.307598,34.792257],[135.307479,34.79223],[135.307277,34.792128],[135.307158,34.79209],[135.306884,34.792034],[135.306782,34.79201],[135.306598,34.791908],[135.305928,34.791666],[135.305609,34.791649],[135.304874,34.791478],[135.304729,34.791419],[135.304651,34.791375],[135.304551,34.791258],[135.3045,34.791231],[135.30435,34.791176],[135.304292,34.791137],[135.304192,34.791035],[135.30411,34.790965],[135.303987,34.790896],[135.303766,34.790814],[135.303581,34.790729],[135.303476,34.790699],[135.303212,34.790641],[135.303144,34.790608],[135.302905,34.790464],[135.302656,34.790332],[135.302532,34.79024],[135.302241,34.789999],[135.301948,34.789729],[135.301821,34.789595],[135.301606,34.789335],[135.301313,34.788932]],[[135.271412,34.780445],[135.270733,34.780533],[135.270159,34.780562],[135.269764,34.780519],[135.269437,34.78047],[135.269057,34.780401],[135.268927,34.780383],[135.268494,34.780489],[135.26815,34.780793],[135.268049,34.780847],[135.267521,34.781012],[135.267321,34.782193],[135.267547,34.78215],[135.267768,34.782083],[135.267881,34.782163],[135.267953,34.782307],[135.268108,34.782491],[135.26815,34.78259],[135.268189,34.782625],[135.268358,34.782852],[135.268469,34.783214],[135.268645,34.783528],[135.26924,34.783762],[135.269375,34.783883],[135.269352,34.783975],[135.2692,34.784123],[135.269085,34.784268],[135.269,34.784535],[135.268914,34.784876],[135.268894,34.785266],[135.268828,34.785458],[135.268693,34.785668],[135.268494,34.785889],[135.26846,34.786049],[135.268612,34.786183],[135.268527,34.786413],[135.268521,34.786582],[135.268628,34.786904],[135.268804,34.787202],[135.268869,34.787438],[135.269071,34.787622],[135.269141,34.787786],[135.269072,34.787951],[135.269003,34.788136],[135.269106,34.788329],[135.269116,34.788516],[135.26905,34.78869],[135.269027,34.788864],[135.269117,34.789055],[135.269382,34.789287],[135.269507,34.789484],[135.269518,34.789545],[135.269404,34.789607],[135.269228,34.789752],[135.269005,34.790015],[135.268889,34.790212],[135.268861,34.790368],[135.268937,34.790566],[135.2691,34.790718],[135.269364,34.790826],[135.269585,34.7911],[135.270195,34.791404],[135.270391,34.791573],[135.270663,34.791709],[135.270828,34.791825],[135.270895,34.791955],[135.27088,34.79209],[135.270755,34.79233],[135.270408,34.792576],[135.270382,34.792682],[135.270255,34.793062],[135.270154,34.793335],[135.269924,34.793736],[135.269746,34.793942],[135.269933,34.794085],[135.269998,34.794288],[135.269951,34.794468],[135.269976,34.794718],[135.270174,34.794827],[135.270305,34.795054],[135.270317,34.795193],[135.270219,34.795422],[135.270243,34.795606],[135.270228,34.795748],[135.270233,34.79592],[135.270437,34.79611],[135.270493,34.796267],[135.27062,34.79632],[135.270906,34.796523],[135.271037,34.796707],[135.270915,34.796791],[135.270817,34.796898],[135.270721,34.797329],[135.270504,34.797461],[135.270343,34.797674],[135.270296,34.797909],[135.270234,34.798004],[135.270026,34.79817],[135.269814,34.798289],[135.269611,34.798439],[135.269344,34.798741],[135.269191,34.799006],[135.26912,34.799241],[135.269066,34.799573],[135.269101,34.799732],[135.269376,34.800163],[135.269345,34.800289],[135.269251,34.800475],[135.269234,34.80061],[135.269237,34.80064],[135.269345,34.80099],[135.269508,34.801374],[135.269675,34.801668],[135.269738,34.801911]],[[135.268673,34.804924],[135.268639,34.805437],[135.267804,34.806807],[135.268397,34.80725],[135.268872,34.807898],[135.269041,34.808073],[135.26932,34.808261],[135.269512,34.808407],[135.269658,34.808567],[135.269753,34.808747],[135.269817,34.809068],[135.269853,34.809196],[135.270034,34.80939],[135.270052,34.809499],[135.270019,34.809585],[135.269636,34.809878],[135.269539,34.810007],[135.269489,34.81017],[135.26948,34.810436],[135.269497,34.810598],[135.269495,34.810797],[135.269512,34.81085],[135.269553,34.810897],[135.269672,34.810977],[135.269693,34.811027],[135.269669,34.811074],[135.269576,34.811139],[135.269215,34.811229],[135.269146,34.811273],[135.269094,34.811364],[135.269091,34.811428],[135.269116,34.811491],[135.269174,34.811558],[135.269297,34.811675],[135.269347,34.811755],[135.269348,34.811832],[135.269316,34.811896],[135.269252,34.811937],[135.269146,34.811961],[135.26878,34.811988],[135.268723,34.812015],[135.268691,34.812059],[135.268694,34.812124],[135.268731,34.812171],[135.268919,34.81227],[135.268952,34.812304],[135.268973,34.812357],[135.268974,34.812438],[135.26895,34.812499],[135.268769,34.812698],[135.268721,34.812779],[135.268639,34.813018],[135.268473,34.813995],[135.268574,34.814147],[135.268428,34.814721],[135.268384,34.814839],[135.268257,34.815065],[135.268136,34.815227],[135.268032,34.815342],[135.268004,34.815409],[135.267966,34.815655],[135.267905,34.815811],[135.267789,34.816031],[135.267689,34.816189],[135.267686,34.816256],[135.26781,34.81644],[135.26786,34.816551]],[[135.251168,34.822419],[135.251179,34.822643],[135.25104,34.822806],[135.251956,34.823417],[135.252647,34.824],[135.252836,34.8244],[135.252952,34.824404]],[[135.253344,34.824881],[135.253645,34.825011],[135.253559,34.824602],[135.25376,34.824421],[135.253805,34.824118],[135.253955,34.823525],[135.25412,34.823011],[135.254209,34.822638],[135.251168,34.822419]],[[135.25193,34.819922],[135.25164,34.819955],[135.250866,34.820091],[135.25083,34.820276],[135.250622,34.820697],[135.250409,34.821117],[135.250773,34.821518],[135.251373,34.82193],[135.251725,34.822123],[135.252381,34.822302],[135.25288,34.822407],[135.253345,34.82246],[135.254229,34.822552],[135.254259,34.822555],[135.254364,34.822552],[135.254402,34.822482],[135.254319,34.822315],[135.254338,34.822059],[135.254393,34.821913],[135.25452,34.821743],[135.254524,34.821512],[135.25446,34.821325],[135.2544,34.821076],[135.254371,34.820927],[135.254329,34.820761],[135.254295,34.820711],[135.254103,34.820699],[135.253719,34.820701],[135.253436,34.820669],[135.25317,34.820596],[135.253068,34.820586],[135.252859,34.820655],[135.252586,34.820695],[135.252404,34.820738],[135.252228,34.820427],[135.25193,34.819922]],[[135.251168,34.822419],[135.251001,34.822426]],[[135.231846,34.819966],[135.231928,34.828209]],[[135.231928,34.828209],[135.235109,34.828198],[135.235826,34.828722],[135.235927,34.828885],[135.235944,34.829016],[135.235954,34.831261]],[[135.231615,34.832635],[135.231303,34.832027],[135.231216,34.831852],[135.23117,34.831678],[135.231147,34.83144],[135.231166,34.831272],[135.231311,34.830906],[135.231354,34.830741],[135.231344,34.830505],[135.231282,34.830292],[135.231003,34.829835],[135.230956,34.829642],[135.230934,34.829176],[135.230946,34.828975],[135.23102,34.828868],[135.231207,34.828707],[135.231928,34.828209]],[[135.231687,34.819948],[135.2316,34.820043],[135.231432,34.820162],[135.231156,34.820186],[135.230866,34.820443],[135.230424,34.821235],[135.230322,34.821639],[135.230091,34.822006],[135.230237,34.822372],[135.230448,34.822693],[135.230664,34.822957],[135.230404,34.823455],[135.230317,34.823713],[135.23028,34.82379],[135.230064,34.824084],[135.229987,34.824233],[135.229693,34.82484],[135.229685,34.8249],[135.229716,34.824941],[135.229892,34.82509],[135.229989,34.825453],[135.229987,34.825543],[135.229929,34.82576],[135.229779,34.825988],[135.229932,34.826237],[135.229985,34.826323],[135.230026,34.826568],[135.230092,34.826685],[135.230261,34.82687],[135.230407,34.827],[135.230505,34.827211],[135.230663,34.827922],[135.230743,34.828246],[135.23077,34.829136],[135.230745,34.829427],[135.230699,34.829686],[135.230709,34.829808],[135.230753,34.830119],[135.230809,34.830247],[135.231008,34.830462],[135.23107,34.830601],[135.231016,34.830899],[135.230997,34.830955],[135.230755,34.831333],[135.230738,34.831467],[135.230794,34.831606],[135.230939,34.831909],[135.230955,34.832085],[135.230954,34.832258],[135.231007,34.832377],[135.231085,34.832494],[135.231226,34.832628],[135.231243,34.832646]],[[135.248548,34.806772],[135.248547,34.806556],[135.248547,34.80631],[135.248195,34.80615],[135.24796,34.805929],[135.247878,34.805636],[135.247812,34.80558],[135.247605,34.805404],[135.247486,34.805247],[135.247391,34.805054],[135.247119,34.804736],[135.24708,34.804437],[135.246843,34.804168],[135.246698,34.803926],[135.246673,34.803921],[135.24629,34.803845],[135.245925,34.803856],[135.245746,34.803861],[135.245426,34.803798],[135.245387,34.803774],[135.245189,34.803655],[135.244232,34.803747],[135.243997,34.80377],[135.243761,34.803704]],[[135.246918,34.834445],[135.246597,34.834286],[135.246175,34.834076],[135.245702,34.833841],[135.245547,34.834032],[135.245299,34.834338],[135.245086,34.834602],[135.244877,34.834859],[135.244357,34.834649],[135.243156,34.834206],[135.242013,34.833784],[135.241806,34.833713],[135.24169,34.833894],[135.24163,34.833936],[135.241567,34.833999],[135.24152,34.834058],[135.241477,34.834122],[135.241458,34.834154],[135.241418,34.834197],[135.241393,34.834209],[135.241337,34.834222],[135.241239,34.834258],[135.241163,34.8343],[135.241116,34.834356],[135.24109,34.834389],[135.241076,34.834468]],[[135.24449,34.837624],[135.244987,34.836975],[135.245423,34.836407],[135.24545,34.836373],[135.245709,34.836035],[135.246097,34.835501],[135.246918,34.834445]],[[135.249831,34.836653],[135.249316,34.836409],[135.249149,34.836511],[135.248775,34.836319],[135.248914,34.836148],[135.249145,34.835864],[135.249375,34.835562],[135.2496,34.835266],[135.249826,34.834968],[135.250054,34.834669],[135.250356,34.834819],[135.250469,34.834876],[135.25057,34.834888],[135.250636,34.834886],[135.250683,34.834885],[135.250769,34.834855],[135.250869,34.834801],[135.250955,34.834726],[135.251083,34.834552],[135.251127,34.834466],[135.251171,34.834354],[135.251244,34.834268],[135.251394,34.834136],[135.251555,34.83405],[135.251648,34.834015],[135.251771,34.833995],[135.251713,34.833603],[135.251682,34.833395]],[[135.251682,34.833395],[135.25145,34.833717],[135.251267,34.833627],[135.250883,34.83344],[135.249995,34.833006],[135.249947,34.833049],[135.249886,34.833063],[135.249824,34.833058],[135.24979,34.83304],[135.249537,34.832905],[135.249175,34.832712],[135.248509,34.832357]],[[135.248509,34.832357],[135.247694,34.833446],[135.246918,34.834445]],[[135.25269,34.832022],[135.252619,34.832111],[135.252234,34.832634],[135.252082,34.832841],[135.251963,34.833006],[135.251682,34.833395]],[[135.247403,34.829495],[135.247521,34.829526],[135.247536,34.82954],[135.247689,34.829688],[135.247828,34.829792],[135.24792,34.829861],[135.248053,34.829945],[135.248171,34.83002],[135.24851,34.830215],[135.24873,34.830342],[135.248823,34.830396],[135.248992,34.830526],[135.24903,34.830555],[135.249129,34.830674],[135.249232,34.830916],[135.249249,34.83107],[135.24924,34.831241],[135.249202,34.83137],[135.249151,34.831509],[135.248997,34.831705],[135.248806,34.831961],[135.248509,34.832357]],[[135.241221,34.820005],[135.241202,34.820024],[135.240927,34.820121],[135.240746,34.820319]],[[135.236714,34.817432],[135.236674,34.817502],[135.236671,34.817501],[135.236659,34.817522],[135.236555,34.817711],[135.236533,34.817839],[135.236483,34.818137],[135.236403,34.818606],[135.236375,34.818772],[135.236323,34.818874],[135.236263,34.818942],[135.236226,34.818985],[135.236191,34.81901],[135.236147,34.819042],[135.235667,34.819335],[135.235486,34.819445],[135.235389,34.819501],[135.235122,34.819656],[135.235004,34.819752],[135.234954,34.819826],[135.234899,34.819998],[135.23488,34.820121]]],"bbox":[135.229685,34.663059,135.384235,34.86152]}
