{"type":"FeatureCollection","features":[{"type":"Feature","properties":{"kind":"rail","name":"JR福知山線"},"geometry":{"type":"LineString","coordinates":[[135.3089472,34.8269744],[135.3089652,34.8265821]]}},{"type":"Feature","properties":{"kind":"rail","name":"JR福知山線"},"geometry":{"type":"LineString","coordinates":[[135.3205191,34.8174834],[135.3208442,34.8175546],[135.3211737,34.8176533],[135.3214527,34.8177568],[135.321788,34.8178944]]}},{"type":"Feature","properties":{"kind":"rail","name":"JR福知山線"},"geometry":{"type":"LineString","coordinates":[[135.3089652,34.8265821],[135.3090033,34.8256734],[135.3090216,34.825349],[135.3090387,34.825061],[135.309046,34.8247487],[135.3090576,34.8244539],[135.3090734,34.8241738],[135.309104,34.8236681],[135.3092646,34.8229533],[135.3093738,34.8226429],[135.3095667,34.8221859],[135.3098217,34.8217531],[135.3101141,34.8213195],[135.3103077,34.8211118],[135.3105794,34.820818],[135.3109065,34.8205431],[135.311466,34.820098],[135.3117486,34.8199125],[135.312101,34.819698],[135.3125574,34.8194768],[135.3129811,34.8192705],[135.3133308,34.8190925],[135.3136414,34.818937],[135.3139429,34.8187934],[135.314595,34.8184721],[135.3149227,34.8183124],[135.3152333,34.8181563],[135.3155587,34.8180024],[135.3157407,34.8179162],[135.3162206,34.8177177],[135.3165658,34.8176037],[135.3169087,34.8175025],[135.3172837,34.8174212],[135.3174704,34.8173983]]}},{"type":"Feature","properties":{"kind":"rail","name":"JR神戸線"},"geometry":{"type":"LineString","coordinates":[[135.3756757,34.7390522],[135.3765989,34.7390682],[135.37684,34.7390728],[135.377168,34.739075],[135.3780595,34.7390948],[135.3785329,34.7391016],[135.3791205,34.7390987]]}},{"type":"Feature","properties":{"kind":"rail","name":"JR神戸線"},"geometry":{"type":"LineString","coordinates":[[135.3196072,34.7369589],[135.3219341,34.7376571],[135.3231072,34.7380087],[135.3250821,34.7386005],[135.325137,34.7386173],[135.3251802,34.7386306],[135.3254385,34.7387025],[135.3259556,34.7388201],[135.3263944,34.7388987],[135.3268291,34.7389606],[135.327156,34.7389879],[135.3274559,34.7390095],[135.3278159,34.7390242],[135.328157,34.739026],[135.3283181,34.7390313]]}},{"type":"Feature","properties":{"kind":"rail","name":"JR神戸線"},"geometry":{"type":"LineString","coordinates":[[135.3472946,34.7390385],[135.3481514,34.7390409]]}},{"type":"Feature","properties":{"kind":"rail","name":"JR神戸線"},"geometry":{"type":"LineString","coordinates":[[135.3481514,34.7390409],[135.3506588,34.7390432],[135.3525143,34.7390413],[135.3541583,34.7390391],[135.3545481,34.7390404]]}},{"type":"Feature","properties":{"kind":"rail","name":"JR神戸線"},"geometry":{"type":"LineString","coordinates":[[135.3302095,34.7390594],[135.3306007,34.7390747],[135.331298,34.739089],[135.3316286,34.7390942],[135.3320116,34.739093]]}},{"type":"Feature","properties":{"kind":"rail","name":"JR神戸線"},"geometry":{"type":"LineString","coordinates":[[135.3450867,34.7390456],[135.3454647,34.7390383],[135.3472946,34.7390385]]}},{"type":"Feature","properties":{"kind":"rail","name":"JR神戸線"},"geometry":{"type":"LineString","coordinates":[[135.3746399,34.7390443],[135.3751684,34.7390439],[135.3756757,34.7390522]]}},{"type":"Feature","properties":{"kind":"rail","name":"阪急神戸線"},"geometry":{"type":"LineString","coordinates":[[135.328501,34.742296],[135.3287094,34.7423037]]}},{"type":"Feature","properties":{"kind":"rail","name":"阪急神戸線"},"geometry":{"type":"LineString","coordinates":[[135.3584977,34.7462327],[135.3585488,34.7462405],[135.3591511,34.7463328],[135.3593511,34.7463651],[135.3594416,34.7463804],[135.3596853,34.7464138],[135.3600226,34.7464723],[135.3628655,34.7469005],[135.3650755,34.7472399],[135.3651276,34.7472479],[135.3652369,34.747265],[135.3652774,34.7472713],[135.3669093,34.7475229],[135.3701132,34.7480156],[135.3710553,34.7481646]]}},{"type":"Feature","properties":{"kind":"rail","name":"阪急神戸線"},"geometry":{"type":"LineString","coordinates":[[135.3300833,34.7423585],[135.3324837,34.7424581],[135.3331791,34.7424929],[135.3335835,34.7425226],[135.334087,34.7425776],[135.3347865,34.7426873],[135.3364169,34.7429216],[135.3384526,34.7432198],[135.3392067,34.7433289],[135.3402779,34.7434858],[135.3411503,34.743614],[135.3432396,34.7439216],[135.3444087,34.7440887],[135.3455836,34.7442648],[135.3465437,34.7444077],[135.3473205,34.7445278],[135.347895,34.744614],[135.348499,34.744706],[135.348779,34.744748],[135.3514652,34.7451581]]}},{"type":"Feature","properties":{"kind":"rail","name":"阪神本線"},"geometry":{"type":"LineString","coordinates":[[135.328386,34.7342698],[135.3290839,34.7343968]]}},{"type":"Feature","properties":{"kind":"rail","name":"阪神本線"},"geometry":{"type":"LineString","coordinates":[[135.3497353,34.7323284],[135.3512357,34.731214],[135.3517898,34.7308039],[135.352586,34.730208],[135.3544842,34.7287903],[135.3556127,34.7279512],[135.3562863,34.7274398]]}},{"type":"Feature","properties":{"kind":"rail","name":"阪神本線"},"geometry":{"type":"LineString","coordinates":[[135.362018,34.7244678],[135.3624107,34.7242951],[135.3629098,34.7240893],[135.3641341,34.723586]]}},{"type":"Feature","properties":{"kind":"rail","name":"阪神本線"},"geometry":{"type":"LineString","coordinates":[[135.3344316,34.7368419],[135.3345935,34.7369078],[135.3347916,34.7369714],[135.3349996,34.7370291],[135.3352024,34.7370786],[135.3354574,34.7371183],[135.3356804,34.7371423],[135.3359257,34.7371511],[135.3362419,34.7371342],[135.3364985,34.7371189],[135.336674,34.7371001],[135.3370285,34.7370522]]}},{"type":"Feature","properties":{"kind":"rail","name":"阪神本線"},"geometry":{"type":"LineString","coordinates":[[135.3441758,34.7360801],[135.3442722,34.7360534],[135.3444168,34.7360091],[135.3445427,34.735968],[135.3446997,34.7359094],[135.3449909,34.7357841],[135.3451142,34.7357216],[135.3452395,34.7356492],[135.3454552,34.735521],[135.3457643,34.735303],[135.3459468,34.7351691],[135.3463998,34.7348301],[135.3466069,34.7346751],[135.3472752,34.7341751],[135.3474099,34.7340743],[135.3484254,34.7333144]]}},{"type":"Feature","properties":{"kind":"rail","name":"阪神本線"},"geometry":{"type":"LineString","coordinates":[[135.3586974,34.7259385],[135.3589971,34.7257835],[135.3594084,34.7255765],[135.3599595,34.7253307]]}},{"type":"Feature","properties":{"kind":"rail","name":"阪神本線"},"geometry":{"type":"LineString","coordinates":[[135.3647893,34.7232921],[135.3650339,34.723157],[135.3652589,34.7230253],[135.3654241,34.7229231],[135.3655694,34.7228199],[135.3662292,34.7223236],[135.367456,34.721311],[135.3679763,34.7208841],[135.3681472,34.7207577],[135.3685687,34.7204608],[135.3688368,34.7203062],[135.369098,34.7201648],[135.369436,34.720002]]}},{"type":"Feature","properties":{"kind":"rail","name":"阪神本線"},"geometry":{"type":"LineString","coordinates":[[135.3562863,34.7274398],[135.3568049,34.7270678],[135.3570832,34.7268767],[135.3572891,34.7267434]]}},{"type":"Feature","properties":{"kind":"rail","name":"阪神本線"},"geometry":{"type":"LineString","coordinates":[[135.3220367,34.7330861],[135.3228727,34.7332429],[135.3233649,34.7333352]]}},{"type":"Feature","properties":{"kind":"rail","name":"阪急今津線"},"geometry":{"type":"LineString","coordinates":[[135.3567788,34.7476934],[135.3567861,34.7475361],[135.3567875,34.7475178],[135.356809,34.7473392],[135.3568569,34.7471261],[135.3569512,34.746788],[135.3569834,34.7467209],[135.3570225,34.7466539],[135.3570609,34.7465987],[135.3571075,34.7465423],[135.3571568,34.7464928],[135.3572377,34.7464285],[135.3573241,34.7463733],[135.3574424,34.7463132],[135.3575264,34.7462804],[135.3576237,34.7462534],[135.3576935,34.7462405],[135.3578325,34.7462225],[135.3580135,34.7462225],[135.3584082,34.7462614]]}},{"type":"Feature","properties":{"kind":"rail","name":"阪急今津線"},"geometry":{"type":"LineString","coordinates":[[135.3515724,34.7320438],[135.351817,34.73245],[135.3520683,34.7328614],[135.3522708,34.7331758],[135.3525422,34.7336162],[135.3541413,34.7362576]]}},{"type":"Feature","properties":{"kind":"rail","name":"阪急今津線"},"geometry":{"type":"LineString","coordinates":[[135.3596938,34.7662703],[135.3596886,34.7662235],[135.3596706,34.7661365],[135.3596247,34.7658526],[135.3594974,34.7650346],[135.359214,34.763115],[135.3590653,34.7623434],[135.35891,34.761359],[135.3587369,34.7602378],[135.358635,34.759578],[135.3583934,34.7581645],[135.358386,34.7581165],[135.3583029,34.7575766],[135.3580656,34.7560773],[135.3579647,34.7554321],[135.3579388,34.7552821],[135.3577796,34.7542499],[135.357616,34.7532524],[135.3574862,34.7524435],[135.357193,34.7506084],[135.3570238,34.7495533],[135.3569652,34.7491823],[135.3568867,34.7487479],[135.3568609,34.7485216],[135.3568354,34.7482535],[135.3568089,34.7480044],[135.3567929,34.747848],[135.3567788,34.7476934]]}},{"type":"Feature","properties":{"kind":"rail","name":"阪急今津線"},"geometry":{"type":"LineString","coordinates":[[135.3573617,34.7741459],[135.3573701,34.7741322],[135.3573928,34.7740954],[135.357738,34.773482],[135.3585869,34.7719678],[135.35917,34.770941],[135.3593,34.770703],[135.359604,34.770064],[135.3596673,34.7698724],[135.3597309,34.7697163],[135.3598259,34.769396],[135.3599033,34.769026],[135.3599422,34.768656],[135.3599569,34.7682934],[135.3599304,34.7677446],[135.3597933,34.7668746],[135.3596938,34.7662703]]}},{"type":"Feature","properties":{"kind":"rail","name":"阪急今津線"},"geometry":{"type":"LineString","coordinates":[[135.3548158,34.7373762],[135.3566506,34.7404289],[135.3569006,34.7408449],[135.3571006,34.7411999],[135.3571907,34.7414158]]}},{"type":"Feature","properties":{"kind":"rail","name":"阪神本線"},"geometry":{"type":"LineString","coordinates":[[135.369436,34.720002],[135.3697323,34.7198856],[135.3700181,34.7197788],[135.370354,34.719678],[135.3706525,34.7196016],[135.3709615,34.7195204],[135.3713132,34.7194587],[135.3716513,34.7194],[135.3721724,34.7193588],[135.3733387,34.7193182],[135.3760808,34.7192454],[135.3785518,34.7191748]]}},{"type":"Feature","properties":{"kind":"rail","name":"阪神本線"},"geometry":{"type":"LineString","coordinates":[[135.3811778,34.7190508],[135.3813952,34.7189991],[135.3815898,34.7189385]]}},{"type":"Feature","properties":{"kind":"rail","name":"阪急甲陽線"},"geometry":{"type":"LineString","coordinates":[[135.3301129,34.7608384],[135.3305071,34.7606595],[135.3306694,34.7605864],[135.3307699,34.7605365],[135.3308492,34.7604896],[135.330941,34.760428],[135.331018,34.7603761],[135.3310863,34.7603253],[135.3311455,34.7602633],[135.3312536,34.7601371],[135.331268,34.7601156]]}},{"type":"Feature","properties":{"kind":"rail","name":"JR福知山線"},"geometry":{"type":"LineString","coordinates":[[135.3191368,34.8172916],[135.3194375,34.8173154],[135.3196655,34.8173377]]}},{"type":"Feature","properties":{"kind":"rail","name":"JR福知山線"},"geometry":{"type":"LineString","coordinates":[[135.3312503,34.8201103],[135.3314881,34.8200489],[135.3316771,34.8199978],[135.3319199,34.8199113],[135.332142,34.8198198],[135.3323654,34.8197192],[135.3326012,34.8195886],[135.3328836,34.819412],[135.3331072,34.8192391],[135.3333711,34.819003],[135.3334263,34.8189498]]}},{"type":"Feature","properties":{"kind":"rail","name":"阪急今津線"},"geometry":{"type":"LineString","coordinates":[[135.3567788,34.7476934],[135.3567653,34.7475366],[135.3567636,34.7475183],[135.3567634,34.7474883],[135.3567614,34.7473077],[135.3567717,34.7471252],[135.3567939,34.7469644],[135.3568367,34.7467347],[135.3568845,34.7465521],[135.3569053,34.7464702]]}},{"type":"Feature","properties":{"kind":"rail","name":"阪急今津線"},"geometry":{"type":"LineString","coordinates":[[135.3574574,34.7440346],[135.3574358,34.7441315],[135.3574187,34.7442082],[135.3574016,34.7442854],[135.3572016,34.7451909],[135.3571749,34.7452903],[135.3571564,34.7453424],[135.3571303,34.7453952],[135.3570934,34.7454491],[135.3570422,34.7454998],[135.356977,34.7455533],[135.3569648,34.7455615],[135.3569291,34.7455858],[135.356881,34.7456099],[135.3568249,34.7456339],[135.3567817,34.7456491],[135.3567304,34.745662],[135.3566762,34.7456737],[135.3566246,34.745681],[135.3565592,34.7456861],[135.3564912,34.7456823],[135.3561295,34.7456299],[135.3560405,34.745621],[135.3559238,34.7456133],[135.3558243,34.7456162],[135.3554744,34.7456333],[135.3553008,34.745637],[135.3551614,34.7456337],[135.3549624,34.7456238]]}},{"type":"Feature","properties":{"kind":"rail","name":"阪急神戸線"},"geometry":{"type":"LineString","coordinates":[[135.3710553,34.7481646],[135.371969,34.748318],[135.3725669,34.748414]]}},{"type":"Feature","properties":{"kind":"rail","name":"JR福知山線"},"geometry":{"type":"LineString","coordinates":[[135.3089158,34.8280163],[135.3089202,34.827787],[135.3089346,34.8274234]]}},{"type":"Feature","properties":{"kind":"rail","name":"JR福知山線"},"geometry":{"type":"LineString","coordinates":[[135.3365679,34.8147499],[135.3364014,34.8149704],[135.3361586,34.8153029],[135.3358421,34.8157312],[135.3355688,34.8160998],[135.3353164,34.8164436],[135.3350967,34.8167384],[135.3345241,34.8175245],[135.3342693,34.817868],[135.3339311,34.8183274],[135.3336534,34.8186566],[135.3333986,34.818933]]}},{"type":"Feature","properties":{"kind":"rail","name":"JR神戸線"},"geometry":{"type":"LineString","coordinates":[[135.3545097,34.7389682],[135.3539443,34.7389687],[135.3527763,34.7389698],[135.3525204,34.7389682],[135.3515373,34.7389698],[135.3510371,34.738954],[135.3506792,34.7389366],[135.3502791,34.7389256],[135.3500482,34.7389192],[135.3491767,34.7389192],[135.348149,34.7389167],[135.3474895,34.7389145],[135.3468911,34.738924],[135.3462332,34.7389445],[135.3454098,34.7389572],[135.3450269,34.7389635]]}},{"type":"Feature","properties":{"kind":"rail","name":"JR神戸線"},"geometry":{"type":"LineString","coordinates":[[135.3791249,34.7390122],[135.378911,34.7390146],[135.3780417,34.7390024],[135.3771758,34.7389787],[135.3766274,34.738958],[135.3754764,34.7389305],[135.3746449,34.7389307],[135.373499,34.738929],[135.3723523,34.7389632],[135.3710826,34.7390044],[135.3658577,34.7390132],[135.3656327,34.7390072],[135.3562313,34.7390087],[135.3547948,34.7390064]]}},{"type":"Feature","properties":{"kind":"rail","name":"JR福知山線"},"geometry":{"type":"LineString","coordinates":[[135.3334263,34.8189498],[135.3335931,34.8187893],[135.3338106,34.8185558],[135.3340209,34.818286],[135.3340943,34.8181804],[135.3342336,34.8179879],[135.3343761,34.8177955],[135.3348545,34.8171462],[135.3351195,34.8167793],[135.3354875,34.8162847]]}},{"type":"Feature","properties":{"kind":"rail","name":"JR福知山線"},"geometry":{"type":"LineString","coordinates":[[135.3333986,34.818933],[135.3331508,34.8191529],[135.3329949,34.8192872],[135.3328868,34.8193649],[135.3327326,34.8194665],[135.3326062,34.8195459],[135.3324608,34.8196253],[135.3322484,34.8197281],[135.3319909,34.8198448],[135.331746,34.8199371],[135.3315259,34.8200072],[135.3312435,34.8200747]]}},{"type":"Feature","properties":{"kind":"rail","name":"JR福知山線"},"geometry":{"type":"LineString","coordinates":[[135.3312435,34.8200747],[135.3309472,34.8201397],[135.330792,34.8201672],[135.3302972,34.8202414],[135.3299638,34.820299]]}},{"type":"Feature","properties":{"kind":"rail","name":"阪急今津線"},"geometry":{"type":"LineString","coordinates":[[135.3571907,34.7414158],[135.3573561,34.7417492]]}},{"type":"Feature","properties":{"kind":"rail","name":"阪急今津線"},"geometry":{"type":"LineString","coordinates":[[135.3573561,34.7417492],[135.35723,34.7414111],[135.3571293,34.7411922],[135.3569324,34.7408186],[135.3565455,34.7401801],[135.3548433,34.7373706]]}},{"type":"Feature","properties":{"kind":"rail","name":"阪急今津線"},"geometry":{"type":"LineString","coordinates":[[135.3523656,34.7332365],[135.3524538,34.7334262],[135.3525422,34.7336162]]}},{"type":"Feature","properties":{"kind":"rail","name":"阪急今津線"},"geometry":{"type":"LineString","coordinates":[[135.3522708,34.7331758],[135.3524538,34.7334262],[135.3525866,34.7336056]]}},{"type":"Feature","properties":{"kind":"rail","name":"JR福知山線"},"geometry":{"type":"LineString","coordinates":[[135.3065061,34.8545246],[135.306621,34.8543933],[135.3069266,34.8540035],[135.307101,34.8537466],[135.3074479,34.8531955],[135.3077062,34.8526207],[135.3079078,34.8520277],[135.3081088,34.8508279],[135.308223,34.8486802],[135.3082543,34.847466],[135.3082927,34.8465765],[135.3083188,34.845624],[135.3083762,34.8441343],[135.308454,34.8422967],[135.3084854,34.8413029],[135.3085008,34.840624],[135.3085318,34.840109],[135.3085323,34.8393873],[135.3085488,34.8389337],[135.3085717,34.83859],[135.3085855,34.8379687],[135.3086219,34.8365538],[135.3086375,34.8358202],[135.308695,34.833563],[135.308768,34.831818],[135.308775,34.831305],[135.3088601,34.8293924],[135.3089095,34.828406],[135.3089158,34.8280163]]}},{"type":"Feature","properties":{"kind":"rail","name":"JR福知山線"},"geometry":{"type":"LineString","coordinates":[[135.3064489,34.8545892],[135.3065061,34.8545246]]}},{"type":"Feature","properties":{"kind":"rail","name":"JR福知山線"},"geometry":{"type":"LineString","coordinates":[[135.3249828,34.8192699],[135.325224,34.8193754],[135.3261015,34.8197525],[135.3266858,34.820008],[135.327018,34.820144],[135.3273723,34.8202579],[135.3275247,34.8202987],[135.3277348,34.820345],[135.3280803,34.8204048],[135.328474,34.820448],[135.3288696,34.8204532],[135.3292519,34.820436],[135.3294533,34.8204157],[135.3296239,34.820394],[135.3300624,34.8203288],[135.3305344,34.820243],[135.3309508,34.8201748],[135.3310765,34.8201512],[135.3312503,34.8201103]]}},{"type":"Feature","properties":{"kind":"rail","name":"JR福知山線"},"geometry":{"type":"LineString","coordinates":[[135.3196655,34.8173377],[135.3199493,34.817376],[135.3202531,34.8174279],[135.3205191,34.8174834]]}},{"type":"Feature","properties":{"kind":"rail","name":"JR福知山線"},"geometry":{"type":"LineString","coordinates":[[135.3174704,34.8173983],[135.3178075,34.8173474],[135.318158,34.8173142],[135.3185432,34.8172899],[135.3189025,34.8172899],[135.3191368,34.8172916]]}},{"type":"Feature","properties":{"kind":"rail","name":"阪急神戸線"},"geometry":{"type":"LineString","coordinates":[[135.3543661,34.745599],[135.3545495,34.7456406],[135.3550374,34.7457602],[135.3553708,34.7458369],[135.3555239,34.7458702],[135.3557769,34.7459241],[135.3560271,34.7459711],[135.3567901,34.7460767],[135.3568899,34.7460924],[135.3570724,34.7461136],[135.357249,34.7461314],[135.3575413,34.7461564],[135.3577219,34.7461672],[135.3584977,34.7462327]]}},{"type":"Feature","properties":{"kind":"rail","name":"阪急神戸線"},"geometry":{"type":"LineString","coordinates":[[135.3725759,34.7483401],[135.3720986,34.7482971],[135.3716814,34.7482367],[135.3710532,34.7481301]]}},{"type":"Feature","properties":{"kind":"rail","name":"阪急神戸線"},"geometry":{"type":"LineString","coordinates":[[135.3577219,34.7461672],[135.3579844,34.7461985],[135.3584082,34.7462614]]}},{"type":"Feature","properties":{"kind":"rail","name":"阪急神戸線"},"geometry":{"type":"LineString","coordinates":[[135.3584082,34.7462614],[135.35857,34.7462884]]}},{"type":"Feature","properties":{"kind":"rail","name":"阪急神戸線"},"geometry":{"type":"LineString","coordinates":[[135.3283266,34.7422648],[135.3281578,34.7422578],[135.3272422,34.7422197],[135.3262245,34.7421794],[135.3250251,34.7421253]]}},{"type":"Feature","properties":{"kind":"rail","name":"阪急神戸線"},"geometry":{"type":"LineString","coordinates":[[135.3544055,34.7455757],[135.3546142,34.7456172],[135.3547862,34.7456634],[135.354925,34.7456993],[135.3550316,34.7457302],[135.3551818,34.745783],[135.3553708,34.7458369]]}},{"type":"Feature","properties":{"kind":"rail","name":"阪急神戸線"},"geometry":{"type":"LineString","coordinates":[[135.3522028,34.7452368],[135.3544055,34.7455757],[135.3544749,34.7455875],[135.355121,34.7456854]]}},{"type":"Feature","properties":{"kind":"rail","name":"阪急神戸線"},"geometry":{"type":"LineString","coordinates":[[135.3605889,34.7464838],[135.3591694,34.7462641],[135.3589453,34.7462249],[135.3586685,34.7461697],[135.3583871,34.7461222],[135.3581518,34.7460932],[135.3579505,34.7460523]]}},{"type":"Feature","properties":{"kind":"rail","name":"阪急神戸線"},"geometry":{"type":"LineString","coordinates":[[135.3262245,34.7421794],[135.3263658,34.7421906],[135.3266346,34.7422154],[135.3268292,34.7422304]]}},{"type":"Feature","properties":{"kind":"rail","name":"阪急神戸線"},"geometry":{"type":"LineString","coordinates":[[135.3210618,34.7419453],[135.3208996,34.7419378],[135.3204698,34.7418831],[135.3180375,34.7415291]]}},{"type":"Feature","properties":{"kind":"rail","name":"阪神本線"},"geometry":{"type":"LineString","coordinates":[[135.3613742,34.7247614],[135.3620144,34.7245155],[135.3626933,34.7242749],[135.3629661,34.7241781],[135.3634555,34.7239844],[135.3636047,34.7239206],[135.3638025,34.7238281],[135.3640279,34.7237081],[135.3647893,34.7232921]]}},{"type":"Feature","properties":{"kind":"rail","name":"阪神本線"},"geometry":{"type":"LineString","coordinates":[[135.3694181,34.7199728],[135.3690807,34.7201419],[135.368818,34.7202841],[135.3685515,34.7204357],[135.3681228,34.7207309],[135.3679474,34.7208622],[135.3674325,34.7212922],[135.366194,34.7222968],[135.3655374,34.7228007],[135.3653912,34.7228946],[135.3652208,34.722996],[135.364991,34.723125],[135.3647557,34.7232424],[135.3645443,34.7233431]]}},{"type":"Feature","properties":{"kind":"rail","name":"阪神本線"},"geometry":{"type":"LineString","coordinates":[[135.3820485,34.7187483],[135.38157,34.7189125]]}},{"type":"Feature","properties":{"kind":"rail","name":"阪神本線"},"geometry":{"type":"LineString","coordinates":[[135.3815898,34.7189385],[135.3820621,34.718776]]}},{"type":"Feature","properties":{"kind":"rail","name":"阪神本線"},"geometry":{"type":"LineString","coordinates":[[135.3638134,34.7236789],[135.3628881,34.7240605],[135.3620181,34.7244111]]}},{"type":"Feature","properties":{"kind":"rail","name":"阪神本線"},"geometry":{"type":"LineString","coordinates":[[135.38157,34.7189125],[135.3813802,34.7189733],[135.3811693,34.7190191],[135.3809425,34.7190522],[135.3807386,34.7190695],[135.3805754,34.7190793],[135.3798964,34.7190952],[135.3785974,34.7191377],[135.3785487,34.7191391]]}},{"type":"Feature","properties":{"kind":"rail","name":"阪神本線"},"geometry":{"type":"LineString","coordinates":[[135.3645443,34.7233431],[135.3644183,34.7233934],[135.3643111,34.7234338],[135.3636064,34.7236693],[135.3633464,34.7237587],[135.3631271,34.7238444],[135.3628508,34.7239613],[135.3626088,34.7240791],[135.3625181,34.7241226],[135.3620325,34.7243632],[135.3617583,34.7244997],[135.3615486,34.7245929]]}},{"type":"Feature","properties":{"kind":"rail","name":"阪急今津線"},"geometry":{"type":"LineString","coordinates":[[135.3566242,34.746457],[135.356656,34.7471359],[135.3566939,34.7474213],[135.3567076,34.7475193],[135.3567102,34.7475377],[135.3567453,34.7477312],[135.3567634,34.7479183],[135.3567741,34.7480333],[135.3567942,34.7482548],[135.3568194,34.7485299],[135.3568518,34.7487554],[135.3569264,34.7491737],[135.3569876,34.7495539],[135.3574481,34.7524444],[135.357581,34.7533006],[135.3576612,34.7537744],[135.3577336,34.7542365],[135.3578062,34.7547031],[135.3578759,34.7551411],[135.3579438,34.7555699],[135.3580248,34.7560765],[135.3581062,34.7565823],[135.3582704,34.7575869],[135.3583513,34.7581167],[135.3583578,34.7581592],[135.3586919,34.7602566],[135.3589287,34.7617302],[135.3590263,34.7623476],[135.359299,34.7640716],[135.3594555,34.7650356],[135.3596369,34.7662263],[135.3597499,34.7668825],[135.3598847,34.767748],[135.3599058,34.7679552],[135.3599196,34.7682887],[135.3599071,34.7686473],[135.3598628,34.7690161],[135.3597866,34.7693826],[135.3596965,34.7697013],[135.3596462,34.769838],[135.3595663,34.7700553],[135.3594332,34.7703467],[135.3592877,34.7706415],[135.3582378,34.7724956],[135.3573331,34.7741148],[135.3573239,34.7741288]]}},{"type":"Feature","properties":{"kind":"rail","name":"阪急神戸線"},"geometry":{"type":"LineString","coordinates":[[135.3628655,34.7469005],[135.3626742,34.7468839],[135.3625777,34.7468794],[135.3624097,34.7468703],[135.3623074,34.7468609],[135.3621966,34.7468487],[135.3617467,34.7467801],[135.3612371,34.7467036],[135.3609027,34.7466502],[135.3605421,34.7465953],[135.3603153,34.7465613],[135.3602013,34.7465403],[135.3600159,34.7464953],[135.3596853,34.7464138]]}},{"type":"Feature","properties":{"kind":"rail","name":"阪急神戸線"},"geometry":{"type":"LineString","coordinates":[[135.3735198,34.7486082],[135.3737133,34.7486458],[135.3744809,34.7487634],[135.3758309,34.7489784]]}},{"type":"Feature","properties":{"kind":"rail","name":"阪急神戸線"},"geometry":{"type":"LineString","coordinates":[[135.3758877,34.7488303],[135.3745253,34.7486133],[135.3737404,34.7484917],[135.3735415,34.7484643]]}},{"type":"Feature","properties":{"kind":"rail","name":"阪急神戸線"},"geometry":{"type":"LineString","coordinates":[[135.3735415,34.7484643],[135.3729753,34.7483863],[135.3726958,34.7483546]]}},{"type":"Feature","properties":{"kind":"rail","name":"阪急神戸線"},"geometry":{"type":"LineString","coordinates":[[135.3726818,34.7484377],[135.373027,34.7485126],[135.3735198,34.7486082]]}},{"type":"Feature","properties":{"kind":"rail","name":"阪急神戸線"},"geometry":{"type":"LineString","coordinates":[[135.3725669,34.748414],[135.3726818,34.7484377]]}},{"type":"Feature","properties":{"kind":"rail","name":"阪急神戸線"},"geometry":{"type":"LineString","coordinates":[[135.3726958,34.7483546],[135.3725759,34.7483401]]}},{"type":"Feature","properties":{"kind":"rail","name":"阪急今津線"},"geometry":{"type":"LineString","coordinates":[[135.3590099,34.7463553],[135.3588353,34.7463406],[135.3586308,34.7463307],[135.3585416,34.7463219],[135.3581599,34.7462809],[135.3580447,34.7462717],[135.3579439,34.7462688],[135.3578462,34.7462761],[135.3577297,34.746293],[135.3576297,34.7463158],[135.3575318,34.7463501],[135.3574432,34.7463874],[135.3573419,34.746439],[135.3572709,34.7464932],[135.3572025,34.7465487],[135.3570743,34.7466892],[135.3569942,34.7468245],[135.3569223,34.7470301]]}},{"type":"Feature","properties":{"kind":"rail","name":"JR神戸線"},"geometry":{"type":"LineString","coordinates":[[135.3548217,34.7390423],[135.356232,34.7390397],[135.359065,34.7390459],[135.3614762,34.739042],[135.3656312,34.7390421],[135.3658585,34.7390448],[135.3699609,34.739044],[135.3708033,34.7390454],[135.3710872,34.7390463],[135.3715383,34.7390439],[135.3722039,34.7390382],[135.373061,34.7390401],[135.3746399,34.7390443]]}},{"type":"Feature","properties":{"kind":"rail","name":"JR神戸線"},"geometry":{"type":"LineString","coordinates":[[135.3545481,34.7390404],[135.3548217,34.7390423]]}},{"type":"Feature","properties":{"kind":"rail","name":"阪急今津線"},"geometry":{"type":"LineString","coordinates":[[135.3572776,34.7452433],[135.35752,34.744123],[135.3575702,34.7438155],[135.3575857,34.7435755],[135.3575952,34.7433313],[135.3575927,34.7430279],[135.3575821,34.7428589],[135.357564,34.7426338],[135.3575033,34.7422744],[135.3574334,34.741983],[135.3573561,34.7417492]]}},{"type":"Feature","properties":{"kind":"rail","name":"阪急今津線"},"geometry":{"type":"LineString","coordinates":[[135.3571907,34.7414158],[135.3573129,34.7417516],[135.3573898,34.7419818],[135.3574609,34.7422793],[135.3575174,34.7426395],[135.357538,34.7428523],[135.3575513,34.7430415],[135.357547,34.7433298],[135.3575344,34.7435812],[135.3575002,34.7438136],[135.3574574,34.7440346]]}},{"type":"Feature","properties":{"kind":"rail","name":"阪急神戸線"},"geometry":{"type":"LineString","coordinates":[[135.3588005,34.7462484],[135.3585604,34.7462023],[135.3579505,34.7460523],[135.3574032,34.7459266],[135.3572716,34.7458995],[135.3571083,34.7458734],[135.3568237,34.7458332],[135.3561344,34.7457298],[135.3560344,34.7457199],[135.3559157,34.7457117],[135.3554966,34.7456888],[135.3553939,34.7456814],[135.3553056,34.7456739],[135.3552235,34.7456637],[135.3549624,34.7456238],[135.3544202,34.7455398]]}},{"type":"Feature","properties":{"kind":"rail","name":"JR神戸線"},"geometry":{"type":"LineString","coordinates":[[135.3289883,34.7390659],[135.3293613,34.7390745],[135.3298469,34.7390857],[135.3302918,34.7390991],[135.3307244,34.7391103],[135.3313012,34.7391248],[135.3316263,34.7391304],[135.3323323,34.7391282],[135.3328017,34.7391137],[135.3334016,34.7390924],[135.3339281,34.7390768],[135.3344205,34.7390656],[135.3346763,34.7390678]]}},{"type":"Feature","properties":{"kind":"rail","name":"JR神戸線"},"geometry":{"type":"LineString","coordinates":[[135.3791252,34.7389602],[135.37891,34.7389617],[135.3780485,34.7389539],[135.3771717,34.7389324],[135.3754734,34.7388905],[135.3740287,34.7388915],[135.3734859,34.7388961],[135.3725234,34.7389221],[135.3716254,34.7389533],[135.3708352,34.7389711],[135.3658551,34.7389764],[135.3656334,34.7389745],[135.361476,34.7389712],[135.3562296,34.7389651],[135.3547809,34.7389698]]}},{"type":"Feature","properties":{"kind":"rail","name":"JR神戸線"},"geometry":{"type":"LineString","coordinates":[[135.3451158,34.7390868],[135.3457185,34.7390935],[135.3459997,34.7390993],[135.3460994,34.7391014],[135.3466966,34.7391193],[135.3471523,34.7391204],[135.3475047,34.7391248],[135.3481468,34.7391237],[135.3489195,34.7391237],[135.3496677,34.7391237],[135.3501887,34.7391181],[135.3509179,34.7390913],[135.3514307,34.7390779],[135.3520579,34.7390757],[135.3524503,34.7390766],[135.3525149,34.7390768],[135.3527761,34.7390757],[135.3545596,34.7390812]]}},{"type":"Feature","properties":{"kind":"rail","name":"JR神戸線"},"geometry":{"type":"LineString","coordinates":[[135.3548426,34.7390801],[135.3614758,34.7390723],[135.365629,34.7390757],[135.3658531,34.7390769],[135.3708099,34.7390768],[135.3711216,34.7390768],[135.3721278,34.7390847],[135.3729108,34.7391052],[135.3732917,34.7391179],[135.3742161,34.7391195],[135.3746416,34.7391208],[135.3749799,34.7391203],[135.3756735,34.7391211],[135.3762939,34.7391195],[135.3768336,34.7391187],[135.3770452,34.7391218],[135.3777936,34.7391266],[135.378458,34.7391477],[135.3791226,34.7391531]]}},{"type":"Feature","properties":{"kind":"rail","name":"JR神戸線"},"geometry":{"type":"LineString","coordinates":[[135.3283168,34.7389965],[135.3280588,34.7389954],[135.3278087,34.7389875],[135.3274797,34.7389796],[135.3272142,34.7389591],[135.3269179,34.7389322],[135.3265986,34.7388895],[135.3262619,34.7388389],[135.3259849,34.7387867],[135.3256155,34.7387077],[135.325198,34.7386002],[135.325139,34.7385834],[135.3250922,34.7385702],[135.3231254,34.7379824],[135.3219447,34.7376295],[135.3196188,34.7369291]]}},{"type":"Feature","properties":{"kind":"rail","name":"JR神戸線"},"geometry":{"type":"LineString","coordinates":[[135.3283168,34.7389655],[135.3280122,34.7389603],[135.3277891,34.7389509],[135.3274505,34.7389382],[135.3271657,34.7389192],[135.3268444,34.738886],[135.3264154,34.7388307],[135.3259748,34.7387485],[135.3254592,34.7386347],[135.3252053,34.7385683],[135.3251411,34.7385484],[135.3250879,34.7385319],[135.3231475,34.7379506],[135.3219636,34.737596],[135.3196434,34.7368988]]}},{"type":"Feature","properties":{"kind":"rail","name":"JR神戸線"},"geometry":{"type":"LineString","coordinates":[[135.334765,34.7389667],[135.3346861,34.7389667]]}},{"type":"Feature","properties":{"kind":"rail","name":"JR神戸線"},"geometry":{"type":"LineString","coordinates":[[135.3450607,34.7390031],[135.3444893,34.7390019]]}},{"type":"Feature","properties":{"kind":"rail","name":"JR神戸線"},"geometry":{"type":"LineString","coordinates":[[135.3423842,34.7390768],[135.3425951,34.7390768]]}},{"type":"Feature","properties":{"kind":"rail","name":"JR神戸線"},"geometry":{"type":"LineString","coordinates":[[135.3547809,34.7389698],[135.3545097,34.7389682]]}},{"type":"Feature","properties":{"kind":"rail","name":"JR神戸線"},"geometry":{"type":"LineString","coordinates":[[135.3425932,34.7389651],[135.342372,34.7389667]]}},{"type":"Feature","properties":{"kind":"rail","name":"JR神戸線"},"geometry":{"type":"LineString","coordinates":[[135.3547948,34.7390064],[135.3545336,34.7390064]]}},{"type":"Feature","properties":{"kind":"rail","name":"JR神戸線"},"geometry":{"type":"LineString","coordinates":[[135.3283181,34.7390313],[135.3289939,34.7390306]]}},{"type":"Feature","properties":{"kind":"rail","name":"JR神戸線"},"geometry":{"type":"LineString","coordinates":[[135.3444893,34.7390019],[135.3425917,34.7390018]]}},{"type":"Feature","properties":{"kind":"rail","name":"JR神戸線"},"geometry":{"type":"LineString","coordinates":[[135.3395682,34.7390678],[135.3423842,34.7390768]]}},{"type":"Feature","properties":{"kind":"rail","name":"JR神戸線"},"geometry":{"type":"LineString","coordinates":[[135.3450269,34.7389635],[135.3444709,34.7389588]]}},{"type":"Feature","properties":{"kind":"rail","name":"JR神戸線"},"geometry":{"type":"LineString","coordinates":[[135.3283165,34.7390642],[135.3289883,34.7390659]]}},{"type":"Feature","properties":{"kind":"rail","name":"JR神戸線"},"geometry":{"type":"LineString","coordinates":[[135.3395728,34.7389635],[135.3392168,34.7389667]]}},{"type":"Feature","properties":{"kind":"rail","name":"JR神戸線"},"geometry":{"type":"LineString","coordinates":[[135.342379,34.7390389],[135.3425941,34.739038]]}},{"type":"Feature","properties":{"kind":"rail","name":"JR神戸線"},"geometry":{"type":"LineString","coordinates":[[135.342372,34.7389667],[135.3395728,34.7389635]]}},{"type":"Feature","properties":{"kind":"rail","name":"JR神戸線"},"geometry":{"type":"LineString","coordinates":[[135.3395693,34.7390002],[135.3392211,34.7390018]]}},{"type":"Feature","properties":{"kind":"rail","name":"JR神戸線"},"geometry":{"type":"LineString","coordinates":[[135.3346806,34.7390345],[135.3347603,34.7390326]]}},{"type":"Feature","properties":{"kind":"rail","name":"JR神戸線"},"geometry":{"type":"LineString","coordinates":[[135.3392168,34.7389667],[135.3348431,34.7389667],[135.334765,34.7389667]]}},{"type":"Feature","properties":{"kind":"rail","name":"JR神戸線"},"geometry":{"type":"LineString","coordinates":[[135.3347596,34.7389954],[135.3346827,34.738997]]}},{"type":"Feature","properties":{"kind":"rail","name":"JR神戸線"},"geometry":{"type":"LineString","coordinates":[[135.328999,34.7389988],[135.3283168,34.7389965]]}},{"type":"Feature","properties":{"kind":"rail","name":"JR神戸線"},"geometry":{"type":"LineString","coordinates":[[135.3290048,34.7389632],[135.3283168,34.7389655]]}},{"type":"Feature","properties":{"kind":"rail","name":"JR神戸線"},"geometry":{"type":"LineString","coordinates":[[135.3346763,34.7390678],[135.3347593,34.7390667]]}},{"type":"Feature","properties":{"kind":"rail","name":"JR神戸線"},"geometry":{"type":"LineString","coordinates":[[135.3392227,34.7390678],[135.3395682,34.7390678]]}},{"type":"Feature","properties":{"kind":"rail","name":"JR神戸線"},"geometry":{"type":"LineString","coordinates":[[135.3425917,34.7390018],[135.3423704,34.7390033]]}},{"type":"Feature","properties":{"kind":"rail","name":"JR神戸線"},"geometry":{"type":"LineString","coordinates":[[135.3545596,34.7390812],[135.3548426,34.7390801]]}},{"type":"Feature","properties":{"kind":"rail","name":"JR神戸線"},"geometry":{"type":"LineString","coordinates":[[135.3445295,34.7390812],[135.3451158,34.7390868]]}},{"type":"Feature","properties":{"kind":"rail","name":"JR神戸線"},"geometry":{"type":"LineString","coordinates":[[135.3347593,34.7390667],[135.3392227,34.7390678]]}},{"type":"Feature","properties":{"kind":"rail","name":"JR神戸線"},"geometry":{"type":"LineString","coordinates":[[135.3423704,34.7390033],[135.3395693,34.7390002]]}},{"type":"Feature","properties":{"kind":"rail","name":"JR神戸線"},"geometry":{"type":"LineString","coordinates":[[135.3425951,34.7390768],[135.3445295,34.7390812]]}},{"type":"Feature","properties":{"kind":"rail","name":"JR神戸線"},"geometry":{"type":"LineString","coordinates":[[135.3425941,34.739038],[135.3445111,34.739045]]}},{"type":"Feature","properties":{"kind":"rail","name":"JR神戸線"},"geometry":{"type":"LineString","coordinates":[[135.3392252,34.7390383],[135.3395661,34.7390388]]}},{"type":"Feature","properties":{"kind":"rail","name":"JR神戸線"},"geometry":{"type":"LineString","coordinates":[[135.3395661,34.7390388],[135.342379,34.7390389]]}},{"type":"Feature","properties":{"kind":"rail","name":"JR神戸線"},"geometry":{"type":"LineString","coordinates":[[135.3445111,34.739045],[135.3450867,34.7390456]]}},{"type":"Feature","properties":{"kind":"rail","name":"JR神戸線"},"geometry":{"type":"LineString","coordinates":[[135.3195937,34.7369907],[135.3230865,34.7380385],[135.3250869,34.7386386],[135.3251349,34.7386528],[135.3251808,34.7386665],[135.3254148,34.7387302],[135.3256991,34.7387951],[135.3259385,34.7388476],[135.3262637,34.738908],[135.326563,34.7389627],[135.3268582,34.7389952],[135.3271425,34.7390287],[135.3274948,34.7390455],[135.3277791,34.7390589],[135.32816,34.7390634],[135.3283165,34.7390642]]}},{"type":"Feature","properties":{"kind":"rail","name":"JR神戸線"},"geometry":{"type":"LineString","coordinates":[[135.3444709,34.7389588],[135.3435782,34.7389619],[135.3425932,34.7389651]]}},{"type":"Feature","properties":{"kind":"rail","name":"JR神戸線"},"geometry":{"type":"LineString","coordinates":[[135.3347603,34.7390326],[135.336726,34.7390363],[135.3392252,34.7390383]]}},{"type":"Feature","properties":{"kind":"rail","name":"JR神戸線"},"geometry":{"type":"LineString","coordinates":[[135.3392211,34.7390018],[135.3367181,34.7389986],[135.3347596,34.7389954]]}},{"type":"Feature","properties":{"kind":"rail","name":"JR神戸線"},"geometry":{"type":"LineString","coordinates":[[135.3289939,34.7390306],[135.329506,34.7390422],[135.3302095,34.7390594]]}},{"type":"Feature","properties":{"kind":"rail","name":"JR神戸線"},"geometry":{"type":"LineString","coordinates":[[135.3346861,34.7389667],[135.3315156,34.7389635],[135.3312828,34.7389635],[135.3290048,34.7389632]]}},{"type":"Feature","properties":{"kind":"rail","name":"JR神戸線"},"geometry":{"type":"LineString","coordinates":[[135.3320116,34.739093],[135.3326693,34.7390837],[135.3333264,34.7390602],[135.3346806,34.7390345]]}},{"type":"Feature","properties":{"kind":"rail","name":"JR神戸線"},"geometry":{"type":"LineString","coordinates":[[135.3545336,34.7390064],[135.3537813,34.7390031],[135.3525121,34.7390019],[135.3506592,34.7390019],[135.3481511,34.7390059],[135.3467264,34.7390064],[135.3450607,34.7390031]]}},{"type":"Feature","properties":{"kind":"rail","name":"JR神戸線"},"geometry":{"type":"LineString","coordinates":[[135.3346827,34.738997],[135.3327011,34.738997],[135.3319796,34.7389954],[135.3315179,34.738997],[135.331287,34.738997],[135.3303213,34.7389938],[135.328999,34.7389988]]}},{"type":"Feature","properties":{"kind":"rail","name":"阪急今津線"},"geometry":{"type":"LineString","coordinates":[[135.3541753,34.7362452],[135.3525866,34.7336056],[135.3523656,34.7332365],[135.3521482,34.732838],[135.3519263,34.7324108],[135.351682,34.7320026]]}},{"type":"Feature","properties":{"kind":"rail","name":"阪神本線"},"geometry":{"type":"LineString","coordinates":[[135.3333034,34.7362551],[135.3339078,34.7366024],[135.3341914,34.7367671],[135.3343752,34.736853],[135.3345886,34.736941],[135.334775,34.737006],[135.3349883,34.7370654],[135.3351892,34.7371103],[135.3354564,34.7371577],[135.335667,34.7371774],[135.3359366,34.7371827],[135.3362477,34.7371749],[135.3366389,34.7371384]]}},{"type":"Feature","properties":{"kind":"rail","name":"阪神本線"},"geometry":{"type":"LineString","coordinates":[[135.3574204,34.7266025],[135.3572551,34.7267132]]}},{"type":"Feature","properties":{"kind":"rail","name":"阪神本線"},"geometry":{"type":"LineString","coordinates":[[135.3601839,34.7251579],[135.3599177,34.7252754]]}},{"type":"Feature","properties":{"kind":"rail","name":"阪神本線"},"geometry":{"type":"LineString","coordinates":[[135.3497101,34.7323072],[135.349454,34.7324977]]}},{"type":"Feature","properties":{"kind":"rail","name":"阪神本線"},"geometry":{"type":"LineString","coordinates":[[135.3422093,34.7363861],[135.3436823,34.7361857]]}},{"type":"Feature","properties":{"kind":"rail","name":"阪神本線"},"geometry":{"type":"LineString","coordinates":[[135.3572891,34.7267434],[135.3574546,34.7266287]]}},{"type":"Feature","properties":{"kind":"rail","name":"阪神本線"},"geometry":{"type":"LineString","coordinates":[[135.3572551,34.7267132],[135.3570709,34.7268336],[135.3567856,34.7270375],[135.3562623,34.7274136]]}},{"type":"Feature","properties":{"kind":"rail","name":"阪神本線"},"geometry":{"type":"LineString","coordinates":[[135.3583676,34.726112],[135.3586974,34.7259385]]}},{"type":"Feature","properties":{"kind":"rail","name":"阪神本線"},"geometry":{"type":"LineString","coordinates":[[135.3599595,34.7253307],[135.360239,34.7252123]]}},{"type":"Feature","properties":{"kind":"rail","name":"阪神本線"},"geometry":{"type":"LineString","coordinates":[[135.3436766,34.7361591],[135.3421985,34.7363528]]}},{"type":"Feature","properties":{"kind":"rail","name":"阪神本線"},"geometry":{"type":"LineString","coordinates":[[135.3331121,34.736107],[135.3317169,34.7352982]]}},{"type":"Feature","properties":{"kind":"rail","name":"阪神本線"},"geometry":{"type":"LineString","coordinates":[[135.3616528,34.7245894],[135.3617904,34.7245266],[135.3620181,34.7244111]]}},{"type":"Feature","properties":{"kind":"rail","name":"阪神本線"},"geometry":{"type":"LineString","coordinates":[[135.3418749,34.7364269],[135.3422093,34.7363861]]}},{"type":"Feature","properties":{"kind":"rail","name":"阪神本線"},"geometry":{"type":"LineString","coordinates":[[135.3485326,34.7332337],[135.3494838,34.7325175]]}},{"type":"Feature","properties":{"kind":"rail","name":"阪神本線"},"geometry":{"type":"LineString","coordinates":[[135.3484032,34.7332945],[135.3473878,34.7340544],[135.3472531,34.7341552],[135.3465849,34.7346552],[135.3463777,34.7348102],[135.3459249,34.7351491],[135.3457427,34.7352827],[135.3454358,34.7354913],[135.3452161,34.7356241],[135.3449717,34.7357572],[135.3446902,34.735878],[135.3445314,34.7359379],[135.3444175,34.7359786],[135.3442721,34.7360253],[135.3441697,34.7360528]]}},{"type":"Feature","properties":{"kind":"rail","name":"阪神本線"},"geometry":{"type":"LineString","coordinates":[[135.3316966,34.7353235],[135.3330869,34.7361281]]}},{"type":"Feature","properties":{"kind":"rail","name":"阪神本線"},"geometry":{"type":"LineString","coordinates":[[135.3586665,34.7258992],[135.358336,34.726073]]}},{"type":"Feature","properties":{"kind":"rail","name":"阪神本線"},"geometry":{"type":"LineString","coordinates":[[135.3562623,34.7274136],[135.355578,34.7279321],[135.3544667,34.7287641],[135.3525515,34.7301859],[135.351769,34.7307745],[135.351215,34.7311873],[135.3497101,34.7323072]]}},{"type":"Feature","properties":{"kind":"rail","name":"阪神本線"},"geometry":{"type":"LineString","coordinates":[[135.3485104,34.7332138],[135.3484032,34.7332945]]}},{"type":"Feature","properties":{"kind":"rail","name":"阪神本線"},"geometry":{"type":"LineString","coordinates":[[135.3484254,34.7333144],[135.3485326,34.7332337]]}},{"type":"Feature","properties":{"kind":"rail","name":"阪神本線"},"geometry":{"type":"LineString","coordinates":[[135.3494838,34.7325175],[135.3497353,34.7323284]]}},{"type":"Feature","properties":{"kind":"rail","name":"阪神本線"},"geometry":{"type":"LineString","coordinates":[[135.3421985,34.7363528],[135.3418795,34.7363903]]}},{"type":"Feature","properties":{"kind":"rail","name":"阪神本線"},"geometry":{"type":"LineString","coordinates":[[135.3330869,34.7361281],[135.3333034,34.7362551]]}},{"type":"Feature","properties":{"kind":"rail","name":"阪神本線"},"geometry":{"type":"LineString","coordinates":[[135.333321,34.7362265],[135.3331121,34.736107]]}},{"type":"Feature","properties":{"kind":"rail","name":"阪神本線"},"geometry":{"type":"LineString","coordinates":[[135.349454,34.7324977],[135.3485104,34.7332138]]}},{"type":"Feature","properties":{"kind":"rail","name":"阪神本線"},"geometry":{"type":"LineString","coordinates":[[135.3596217,34.7254433],[135.3596909,34.7254126],[135.359937,34.7253026],[135.360212,34.7251846],[135.3616528,34.7245894],[135.3618005,34.7245343],[135.362018,34.7244678]]}},{"type":"Feature","properties":{"kind":"rail","name":"阪神本線"},"geometry":{"type":"LineString","coordinates":[[135.3405317,34.736579],[135.3408414,34.736552],[135.341084,34.7365175]]}},{"type":"Feature","properties":{"kind":"rail","name":"阪神本線"},"geometry":{"type":"LineString","coordinates":[[135.358336,34.726073],[135.3579543,34.7262851],[135.3574204,34.7266025]]}},{"type":"Feature","properties":{"kind":"rail","name":"阪神本線"},"geometry":{"type":"LineString","coordinates":[[135.3411132,34.7364867],[135.3408441,34.7365252],[135.3405287,34.7365479]]}},{"type":"Feature","properties":{"kind":"rail","name":"阪神本線"},"geometry":{"type":"LineString","coordinates":[[135.3574546,34.7266287],[135.3579663,34.7263306],[135.3583676,34.726112]]}},{"type":"Feature","properties":{"kind":"rail","name":"阪神本線"},"geometry":{"type":"LineString","coordinates":[[135.3436823,34.7361857],[135.3438696,34.7361511],[135.3440956,34.7360999],[135.3441758,34.7360801]]}},{"type":"Feature","properties":{"kind":"rail","name":"阪神本線"},"geometry":{"type":"LineString","coordinates":[[135.3441697,34.7360528],[135.3439545,34.7361068],[135.3438645,34.7361247],[135.3436766,34.7361591]]}},{"type":"Feature","properties":{"kind":"rail","name":"阪神本線"},"geometry":{"type":"LineString","coordinates":[[135.360239,34.7252123],[135.3613742,34.7247614]]}},{"type":"Feature","properties":{"kind":"rail","name":"阪神本線"},"geometry":{"type":"LineString","coordinates":[[135.3615486,34.7245929],[135.361106,34.7247656],[135.3606612,34.7249526],[135.3601839,34.7251579]]}},{"type":"Feature","properties":{"kind":"rail","name":"阪神本線"},"geometry":{"type":"LineString","coordinates":[[135.3290839,34.7343968],[135.329774,34.7345281],[135.3299412,34.7345647],[135.330243,34.7346441],[135.3305473,34.7347384],[135.3308304,34.7348601],[135.331109,34.7349988],[135.3316966,34.7353235]]}},{"type":"Feature","properties":{"kind":"rail","name":"阪神本線"},"geometry":{"type":"LineString","coordinates":[[135.3599177,34.7252754],[135.3597159,34.7253689],[135.3593568,34.7255376],[135.3589586,34.7257407],[135.3586665,34.7258992]]}},{"type":"Feature","properties":{"kind":"rail","name":"阪神本線"},"geometry":{"type":"LineString","coordinates":[[135.3370383,34.7370062],[135.3365615,34.7370701],[135.336406,34.7370871],[135.3362383,34.7370924],[135.3359319,34.7370963],[135.3356838,34.7370916],[135.335469,34.7370717],[135.3352129,34.7370381],[135.3350367,34.7370126]]}},{"type":"Feature","properties":{"kind":"rail","name":"阪神本線"},"geometry":{"type":"LineString","coordinates":[[135.3785518,34.7191748],[135.3785988,34.7191735],[135.3790931,34.7191581],[135.379896,34.7191335],[135.3805638,34.7191176],[135.3807422,34.7191053],[135.380944,34.7190852],[135.3811778,34.7190508]]}},{"type":"Feature","properties":{"kind":"rail","name":"阪神本線"},"geometry":{"type":"LineString","coordinates":[[135.3785487,34.7191391],[135.3760796,34.7192109],[135.3733375,34.7192913],[135.3721791,34.719323],[135.3716563,34.7193723],[135.3712861,34.7194184],[135.3709509,34.7194887],[135.370637,34.7195575],[135.370335,34.7196427],[135.3700004,34.7197483],[135.3697122,34.7198522],[135.3694181,34.7199728]]}},{"type":"Feature","properties":{"kind":"rail","name":"阪急甲陽線"},"geometry":{"type":"LineString","coordinates":[[135.3289762,34.7507005],[135.3289545,34.7505355],[135.3289488,34.7504968],[135.3289373,34.7504191],[135.3289126,34.7502384],[135.3288633,34.7498608],[135.3288536,34.749807]]}},{"type":"Feature","properties":{"kind":"rail","name":"阪急甲陽線"},"geometry":{"type":"LineString","coordinates":[[135.3295856,34.7530323],[135.3293874,34.7527325]]}},{"type":"Feature","properties":{"kind":"rail","name":"阪急甲陽線"},"geometry":{"type":"LineString","coordinates":[[135.3291897,34.7522046],[135.3290865,34.7515042],[135.3290235,34.7511006]]}},{"type":"Feature","properties":{"kind":"rail","name":"阪急甲陽線"},"geometry":{"type":"LineString","coordinates":[[135.3323975,34.7570546],[135.332235,34.756807],[135.33191,34.756345],[135.331519,34.755772],[135.3303403,34.7541034],[135.330109,34.7537598],[135.3299297,34.7534949],[135.3298282,34.7533494],[135.3297825,34.7532899],[135.3295856,34.7530323]]}},{"type":"Feature","properties":{"kind":"rail","name":"阪急甲陽線"},"geometry":{"type":"LineString","coordinates":[[135.331268,34.7601156],[135.3312825,34.760094],[135.3312915,34.7600811]]}},{"type":"Feature","properties":{"kind":"rail","name":"阪急甲陽線"},"geometry":{"type":"LineString","coordinates":[[135.3281137,34.7446972],[135.3281082,34.7446577]]}},{"type":"Feature","properties":{"kind":"rail","name":"阪急甲陽線"},"geometry":{"type":"LineString","coordinates":[[135.3281082,34.7446577],[135.3280119,34.7439411],[135.3280058,34.7438617],[135.3280042,34.7438063],[135.3280049,34.7437508],[135.3280108,34.7435615]]}},{"type":"Feature","properties":{"kind":"rail","name":"阪急神戸線"},"geometry":{"type":"LineString","coordinates":[[135.3507468,34.745018],[135.3498767,34.7448819],[135.3487806,34.7447178],[135.3485263,34.7446782],[135.3481718,34.744624],[135.3473244,34.7444952],[135.3465419,34.7443754],[135.3455886,34.7442329],[135.3444121,34.7440557],[135.3432357,34.7438879],[135.3411522,34.7435814],[135.3402847,34.7434546],[135.3392099,34.7432969],[135.3384557,34.7431875],[135.33642,34.7428858],[135.3348068,34.7426552],[135.3340928,34.7425465],[135.3336627,34.7425],[135.3335106,34.7424864],[135.3333204,34.7424689],[135.3331604,34.7424611],[135.3330061,34.7424515],[135.3325025,34.7424317],[135.3300851,34.7423273]]}},{"type":"Feature","properties":{"kind":"rail","name":"阪急神戸線"},"geometry":{"type":"LineString","coordinates":[[135.3180249,34.7415589],[135.3204642,34.7419097],[135.3208967,34.7419639],[135.3210577,34.741974]]}},{"type":"Feature","properties":{"kind":"rail","name":"阪急神戸線"},"geometry":{"type":"LineString","coordinates":[[135.3283261,34.7422894],[135.328501,34.742296]]}},{"type":"Feature","properties":{"kind":"rail","name":"阪急神戸線"},"geometry":{"type":"LineString","coordinates":[[135.3285011,34.7422721],[135.3283266,34.7422648]]}},{"type":"Feature","properties":{"kind":"rail","name":"阪急神戸線"},"geometry":{"type":"LineString","coordinates":[[135.3287055,34.7422806],[135.3285011,34.7422721]]}},{"type":"Feature","properties":{"kind":"rail","name":"阪神本線"},"geometry":{"type":"LineString","coordinates":[[135.3366099,34.7370191],[135.3364268,34.737039],[135.3361664,34.7370475],[135.3358341,34.7370585],[135.3356433,34.7370475],[135.3354747,34.7370389],[135.3352278,34.7370125],[135.3350226,34.7369782],[135.3348184,34.7369292],[135.3346213,34.7368682],[135.3344084,34.7367965],[135.3342242,34.7367234],[135.3339277,34.7365698],[135.333321,34.7362265]]}},{"type":"Feature","properties":{"kind":"rail","name":"阪急神戸線"},"geometry":{"type":"LineString","coordinates":[[135.3588005,34.7462484],[135.3578808,34.7461071],[135.3568076,34.7459489],[135.355121,34.7456854],[135.3549676,34.7456574],[135.3547855,34.7456155],[135.3546132,34.7455756],[135.3544202,34.7455398]]}},{"type":"Feature","properties":{"kind":"rail","name":"阪神本線"},"geometry":{"type":"LineString","coordinates":[[135.3317169,34.7352982],[135.3311281,34.7349692],[135.3308478,34.7348315],[135.3305608,34.7347124],[135.3302564,34.7346165],[135.3299553,34.7345317],[135.329791,34.7344981],[135.329091,34.7343708],[135.3283949,34.7342363],[135.3265415,34.7338935],[135.3233738,34.7333094]]}},{"type":"Feature","properties":{"kind":"rail","name":"阪神本線"},"geometry":{"type":"LineString","coordinates":[[135.3233738,34.7333094],[135.3227998,34.7331948],[135.3223586,34.733111]]}},{"type":"Feature","properties":{"kind":"rail","name":"阪神本線"},"geometry":{"type":"LineString","coordinates":[[135.3233649,34.7333352],[135.3244156,34.7335294],[135.3265365,34.7339245],[135.328386,34.7342698]]}},{"type":"Feature","properties":{"kind":"rail","name":"阪急神戸線"},"geometry":{"type":"LineString","coordinates":[[135.3211315,34.7419784],[135.3213996,34.7419894],[135.3222259,34.7420319],[135.3250347,34.7421563],[135.3267408,34.7422249],[135.3268292,34.7422304],[135.3271029,34.7422438],[135.3281582,34.7422832],[135.3283261,34.7422894]]}},{"type":"Feature","properties":{"kind":"rail","name":"阪急神戸線"},"geometry":{"type":"LineString","coordinates":[[135.3210577,34.741974],[135.3211315,34.7419784]]}},{"type":"Feature","properties":{"kind":"rail","name":"阪急神戸線"},"geometry":{"type":"LineString","coordinates":[[135.3211261,34.741947],[135.3210618,34.7419453]]}},{"type":"Feature","properties":{"kind":"rail","name":"阪急神戸線"},"geometry":{"type":"LineString","coordinates":[[135.3250251,34.7421253],[135.3222256,34.7420034],[135.3213959,34.7419612],[135.3211261,34.741947]]}},{"type":"Feature","properties":{"kind":"rail","name":"JR福知山線"},"geometry":{"type":"LineString","coordinates":[[135.322773,34.8183087],[135.3230345,34.8184232]]}},{"type":"Feature","properties":{"kind":"rail","name":"JR福知山線"},"geometry":{"type":"LineString","coordinates":[[135.321788,34.8178944],[135.3223202,34.8181153]]}},{"type":"Feature","properties":{"kind":"rail","name":"JR福知山線"},"geometry":{"type":"LineString","coordinates":[[135.3227851,34.818279],[135.3225512,34.8181779]]}},{"type":"Feature","properties":{"kind":"rail","name":"JR福知山線"},"geometry":{"type":"LineString","coordinates":[[135.323052,34.8183924],[135.3227851,34.818279]]}},{"type":"Feature","properties":{"kind":"rail","name":"JR福知山線"},"geometry":{"type":"LineString","coordinates":[[135.3299638,34.820299],[135.3296281,34.8203565],[135.329449,34.8203819],[135.3292516,34.8203981],[135.3288702,34.8204213],[135.3284813,34.8204091],[135.3280819,34.8203698],[135.3277394,34.8203088],[135.3275547,34.8202681],[135.3273908,34.8202252],[135.3270624,34.8201185],[135.3267181,34.8199838],[135.3261103,34.8197315],[135.3249972,34.819244]]}},{"type":"Feature","properties":{"kind":"rail","name":"阪神本線"},"geometry":{"type":"LineString","coordinates":[[135.337193,34.73703],[135.3374265,34.7370544]]}},{"type":"Feature","properties":{"kind":"rail","name":"阪神本線"},"geometry":{"type":"LineString","coordinates":[[135.3366389,34.7371384],[135.3369919,34.7371056],[135.3374265,34.7370544],[135.3384438,34.7369464],[135.33982,34.7367729],[135.3400372,34.736743],[135.3405395,34.7366307],[135.3408526,34.7365662],[135.341084,34.7365175]]}},{"type":"Feature","properties":{"kind":"rail","name":"阪神本線"},"geometry":{"type":"LineString","coordinates":[[135.3411132,34.7364867],[135.3408289,34.7365016],[135.340492,34.7365006],[135.3400054,34.7365367],[135.3396407,34.7365849],[135.3384116,34.7367546],[135.3373963,34.7368846],[135.3368491,34.7369804],[135.3366099,34.7370191]]}},{"type":"Feature","properties":{"kind":"rail","name":"阪神本線"},"geometry":{"type":"LineString","coordinates":[[135.3372032,34.7369793],[135.3373963,34.7368846]]}},{"type":"Feature","properties":{"kind":"rail","name":"阪神本線"},"geometry":{"type":"LineString","coordinates":[[135.341084,34.7365175],[135.3418749,34.7364269]]}},{"type":"Feature","properties":{"kind":"rail","name":"阪急今津線"},"geometry":{"type":"LineString","coordinates":[[135.3573239,34.7741288],[135.3571831,34.7743887]]}},{"type":"Feature","properties":{"kind":"rail","name":"阪急今津線"},"geometry":{"type":"LineString","coordinates":[[135.357225,34.7743983],[135.3573617,34.7741459]]}},{"type":"Feature","properties":{"kind":"rail","name":"阪神本線"},"geometry":{"type":"LineString","coordinates":[[135.3366389,34.7371384],[135.3370285,34.7370522],[135.337193,34.73703],[135.3384224,34.7368648],[135.3405317,34.736579]]}},{"type":"Feature","properties":{"kind":"rail","name":"阪神本線"},"geometry":{"type":"LineString","coordinates":[[135.3405287,34.7365479],[135.338427,34.736821],[135.3372032,34.7369793],[135.3370383,34.7370062],[135.3366099,34.7370191]]}},{"type":"Feature","properties":{"kind":"rail","name":"阪神本線"},"geometry":{"type":"LineString","coordinates":[[135.3418795,34.7363903],[135.3411132,34.7364867]]}},{"type":"Feature","properties":{"kind":"rail","name":"阪神本線"},"geometry":{"type":"LineString","coordinates":[[135.3613742,34.7247614],[135.3615832,34.7246699],[135.3618709,34.7245304],[135.362018,34.7244678]]}},{"type":"Feature","properties":{"kind":"rail","name":"阪神本線"},"geometry":{"type":"LineString","coordinates":[[135.3620181,34.7244111],[135.3615486,34.7245929]]}},{"type":"Feature","properties":{"kind":"rail","name":"阪神本線"},"geometry":{"type":"LineString","coordinates":[[135.3641341,34.723586],[135.3644096,34.7234728],[135.3645806,34.7233979],[135.3647893,34.7232921]]}},{"type":"Feature","properties":{"kind":"rail","name":"阪神本線"},"geometry":{"type":"LineString","coordinates":[[135.3645443,34.7233431],[135.3638134,34.7236789]]}},{"type":"Feature","properties":{"kind":"rail","name":"JR福知山線"},"geometry":{"type":"LineString","coordinates":[[135.3217993,34.8178518],[135.3214739,34.8177203],[135.3211923,34.8176158],[135.320859,34.817516],[135.3205304,34.8174487]]}},{"type":"Feature","properties":{"kind":"rail","name":"JR福知山線"},"geometry":{"type":"LineString","coordinates":[[135.3205304,34.8174487],[135.3202626,34.8173928],[135.3199552,34.8173404],[135.3196699,34.817302]]}},{"type":"Feature","properties":{"kind":"rail","name":"JR福知山線"},"geometry":{"type":"LineString","coordinates":[[135.3196699,34.817302],[135.3194418,34.8172797],[135.3191407,34.8172578]]}},{"type":"Feature","properties":{"kind":"rail","name":"JR福知山線"},"geometry":{"type":"LineString","coordinates":[[135.3191407,34.8172578],[135.3189031,34.8172495],[135.3185413,34.8172495],[135.3181523,34.817274],[135.3177986,34.8173077],[135.3174602,34.8173588]]}},{"type":"Feature","properties":{"kind":"rail","name":"JR福知山線"},"geometry":{"type":"LineString","coordinates":[[135.3088906,34.8274074],[135.3088762,34.8277847],[135.3088652,34.8280166]]}},{"type":"Feature","properties":{"kind":"rail","name":"JR福知山線"},"geometry":{"type":"LineString","coordinates":[[135.3089127,34.8265816],[135.3089048,34.8269753]]}},{"type":"Feature","properties":{"kind":"rail","name":"JR福知山線"},"geometry":{"type":"LineString","coordinates":[[135.3174602,34.8173588],[135.3172733,34.8173959],[135.3169008,34.8174759],[135.3165439,34.8175747],[135.3161974,34.8176837],[135.3157204,34.8178828],[135.315541,34.8179627],[135.3152219,34.8181237],[135.3148939,34.8182888],[135.3145751,34.8184358],[135.3139175,34.8187636],[135.3136196,34.8189112],[135.3133073,34.8190676],[135.3129561,34.8192467],[135.3125314,34.8194537],[135.3120736,34.819676],[135.3117202,34.8198913],[135.3114367,34.8200777],[135.3108761,34.8205239],[135.3105479,34.8208001],[135.3102764,34.8210937],[135.3100816,34.8213026],[135.3097879,34.8217384],[135.309532,34.8221725],[135.3093386,34.8226305],[135.3092286,34.8229423],[135.3090673,34.823659],[135.3090364,34.8241657],[135.3090201,34.8244472],[135.3090082,34.8247434],[135.3090006,34.8250575],[135.3089833,34.8253478],[135.308965,34.8256751],[135.3089127,34.8265816]]}},{"type":"Feature","properties":{"kind":"rail","name":"JR福知山線"},"geometry":{"type":"LineString","coordinates":[[135.3088652,34.8280166],[135.3088603,34.828405],[135.3088109,34.8293909],[135.3087258,34.8313038],[135.3087187,34.8318171],[135.3086458,34.8335617],[135.3085882,34.8358188],[135.3085727,34.8365515],[135.3085363,34.8379658],[135.3085225,34.8385872],[135.3084996,34.8389307],[135.3084831,34.8393845],[135.3084826,34.8401069],[135.3084517,34.8406209],[135.3084363,34.8412995],[135.3084049,34.8422938],[135.3083271,34.8441312],[135.3082696,34.8456212],[135.3082435,34.8465736],[135.3082052,34.8474627],[135.3081739,34.8486771],[135.3080597,34.8508249],[135.3078587,34.8520244],[135.3076573,34.8526156],[135.3073997,34.8531871],[135.3070537,34.8537354],[135.306879,34.8539928],[135.3065752,34.8543764],[135.3064661,34.8545009]]}},{"type":"Feature","properties":{"kind":"rail","name":"JR福知山線"},"geometry":{"type":"LineString","coordinates":[[135.3064661,34.8545009],[135.3064091,34.8545655]]}},{"type":"Feature","properties":{"kind":"rail","name":"阪急今津線"},"geometry":{"type":"LineString","coordinates":[[135.3572078,34.7455379],[135.3572776,34.7452433]]}},{"type":"Feature","properties":{"kind":"rail","name":"阪急今津線"},"geometry":{"type":"LineString","coordinates":[[135.3569053,34.7464702],[135.3569387,34.7463381]]}},{"type":"Feature","properties":{"kind":"rail","name":"阪急今津線"},"geometry":{"type":"LineString","coordinates":[[135.3566141,34.7463057],[135.3566242,34.746457]]}},{"type":"Feature","properties":{"kind":"rail","name":"阪急今津線"},"geometry":{"type":"LineString","coordinates":[[135.3513754,34.7317146],[135.3515724,34.7320438]]}},{"type":"Feature","properties":{"kind":"rail","name":"阪急今津線"},"geometry":{"type":"LineString","coordinates":[[135.351682,34.7320026],[135.3514834,34.7316705]]}},{"type":"Feature","properties":{"kind":"rail","name":"阪急甲陽線"},"geometry":{"type":"LineString","coordinates":[[135.3300106,34.7608822],[135.3301129,34.7608384]]}},{"type":"Feature","properties":{"kind":"rail","name":"阪急甲陽線"},"geometry":{"type":"LineString","coordinates":[[135.3288154,34.7497834],[135.3288787,34.7502423],[135.3289108,34.7504917],[135.3289159,34.7505318],[135.328945,34.7507038]]}},{"type":"Feature","properties":{"kind":"rail","name":"阪急甲陽線"},"geometry":{"type":"LineString","coordinates":[[135.3287799,34.7493974],[135.3287675,34.7492818],[135.3286787,34.7487226],[135.3285675,34.7479225],[135.3282824,34.7459191],[135.3281167,34.7447186],[135.3281137,34.7446972]]}},{"type":"Feature","properties":{"kind":"rail","name":"阪急甲陽線"},"geometry":{"type":"LineString","coordinates":[[135.3281084,34.7425939],[135.3281228,34.7424428]]}},{"type":"Feature","properties":{"kind":"rail","name":"阪急甲陽線"},"geometry":{"type":"LineString","coordinates":[[135.3287876,34.7494681],[135.3287799,34.7493974]]}},{"type":"Feature","properties":{"kind":"rail","name":"阪急甲陽線"},"geometry":{"type":"LineString","coordinates":[[135.3287925,34.749514],[135.3287876,34.7494681]]}},{"type":"Feature","properties":{"kind":"rail","name":"JR福知山線"},"geometry":{"type":"LineString","coordinates":[[135.3223382,34.8180836],[135.3217993,34.8178518]]}},{"type":"Feature","properties":{"kind":"rail","name":"JR福知山線"},"geometry":{"type":"LineString","coordinates":[[135.3225512,34.8181779],[135.3223382,34.8180836]]}},{"type":"Feature","properties":{"kind":"rail","name":"JR福知山線"},"geometry":{"type":"LineString","coordinates":[[135.3225343,34.8182041],[135.322773,34.8183087]]}},{"type":"Feature","properties":{"kind":"rail","name":"JR福知山線"},"geometry":{"type":"LineString","coordinates":[[135.3223202,34.8181153],[135.3225343,34.8182041]]}},{"type":"Feature","properties":{"kind":"rail","name":"阪急今津線"},"geometry":{"type":"LineString","coordinates":[[135.3566506,34.7404289],[135.3565455,34.7401801]]}},{"type":"Feature","properties":{"kind":"rail","name":"阪急神戸線"},"geometry":{"type":"LineString","coordinates":[[135.3288959,34.7423107],[135.3300833,34.7423585]]}},{"type":"Feature","properties":{"kind":"rail","name":"阪急神戸線"},"geometry":{"type":"LineString","coordinates":[[135.3300851,34.7423273],[135.3288939,34.7422884]]}},{"type":"Feature","properties":{"kind":"rail","name":"阪急神戸線"},"geometry":{"type":"LineString","coordinates":[[135.3288939,34.7422884],[135.3287055,34.7422806]]}},{"type":"Feature","properties":{"kind":"rail","name":"阪急神戸線"},"geometry":{"type":"LineString","coordinates":[[135.3287094,34.7423037],[135.3288959,34.7423107]]}},{"type":"Feature","properties":{"kind":"rail","name":"JR福知山線"},"geometry":{"type":"LineString","coordinates":[[135.3089396,34.8272334],[135.3089472,34.8269744]]}},{"type":"Feature","properties":{"kind":"rail","name":"JR福知山線"},"geometry":{"type":"LineString","coordinates":[[135.3089372,34.8272987],[135.3089396,34.8272334]]}},{"type":"Feature","properties":{"kind":"rail","name":"JR福知山線"},"geometry":{"type":"LineString","coordinates":[[135.3089048,34.8269753],[135.3088982,34.827213]]}},{"type":"Feature","properties":{"kind":"rail","name":"JR福知山線"},"geometry":{"type":"LineString","coordinates":[[135.3088982,34.827213],[135.3088958,34.8272812]]}},{"type":"Feature","properties":{"kind":"rail","name":"JR福知山線"},"geometry":{"type":"LineString","coordinates":[[135.3089359,34.8273582],[135.3089372,34.8272987]]}},{"type":"Feature","properties":{"kind":"rail","name":"JR福知山線"},"geometry":{"type":"LineString","coordinates":[[135.3089346,34.8274234],[135.3089359,34.8273582]]}},{"type":"Feature","properties":{"kind":"rail","name":"JR福知山線"},"geometry":{"type":"LineString","coordinates":[[135.3088933,34.8273424],[135.3088906,34.8274074]]}},{"type":"Feature","properties":{"kind":"rail","name":"JR福知山線"},"geometry":{"type":"LineString","coordinates":[[135.3088958,34.8272812],[135.3088933,34.8273424]]}},{"type":"Feature","properties":{"kind":"rail","name":"阪急甲陽線"},"geometry":{"type":"LineString","coordinates":[[135.3313667,34.7599588],[135.3314511,34.7598069],[135.3324327,34.7580247]]}},{"type":"Feature","properties":{"kind":"rail","name":"阪急甲陽線"},"geometry":{"type":"LineString","coordinates":[[135.3324327,34.7580247],[135.3324741,34.7579345],[135.3325085,34.7578443],[135.332529,34.7577552],[135.3325425,34.757666],[135.3325442,34.7574785],[135.33251,34.7573038],[135.3324715,34.7571879],[135.3323975,34.7570546]]}},{"type":"Feature","properties":{"kind":"rail","name":"阪急甲陽線"},"geometry":{"type":"LineString","coordinates":[[135.3312915,34.7600811],[135.3313268,34.7600306],[135.3313667,34.7599588]]}},{"type":"Feature","properties":{"kind":"rail","name":"阪急甲陽線"},"geometry":{"type":"LineString","coordinates":[[135.3293874,34.7527325],[135.329315,34.7525895],[135.3292542,34.7524619],[135.3292123,34.752333],[135.3291897,34.7522046]]}},{"type":"Feature","properties":{"kind":"rail","name":"阪急甲陽線"},"geometry":{"type":"LineString","coordinates":[[135.3290235,34.7511006],[135.3289762,34.7507005]]}},{"type":"Feature","properties":{"kind":"rail","name":"阪急甲陽線"},"geometry":{"type":"LineString","coordinates":[[135.328945,34.7507038],[135.3290235,34.7511006]]}},{"type":"Feature","properties":{"kind":"rail","name":"阪急甲陽線"},"geometry":{"type":"LineString","coordinates":[[135.3288536,34.749807],[135.328814,34.7496017],[135.3287925,34.749514]]}},{"type":"Feature","properties":{"kind":"rail","name":"阪急甲陽線"},"geometry":{"type":"LineString","coordinates":[[135.3280108,34.7435615],[135.328022,34.7434405],[135.3280356,34.7433129],[135.3280401,34.7432389],[135.3280496,34.7431741],[135.3281084,34.7425939]]}},{"type":"Feature","properties":{"kind":"rail","name":"阪急甲陽線"},"geometry":{"type":"LineString","coordinates":[[135.3287925,34.749514],[135.3288154,34.7497834]]}},{"type":"Feature","properties":{"kind":"rail","name":"阪急神戸線"},"geometry":{"type":"LineString","coordinates":[[135.3543661,34.745599],[135.3547862,34.7456634],[135.3568006,34.7459724],[135.3583612,34.7462118],[135.3584977,34.7462327]]}},{"type":"Feature","properties":{"kind":"rail","name":"阪急神戸線"},"geometry":{"type":"LineString","coordinates":[[135.3514652,34.7451581],[135.3518817,34.7452172],[135.3519267,34.7452241],[135.3543661,34.745599]]}},{"type":"Feature","properties":{"kind":"rail","name":"阪急神戸線"},"geometry":{"type":"LineString","coordinates":[[135.3544202,34.7455398],[135.3526671,34.74527],[135.3523982,34.7452306],[135.3520638,34.7451854],[135.3519315,34.7451713],[135.3518867,34.7451665],[135.3516586,34.7451428],[135.3513048,34.7450993],[135.3507468,34.745018]]}},{"type":"Feature","properties":{"kind":"rail","name":"阪急神戸線"},"geometry":{"type":"LineString","coordinates":[[135.3710532,34.7481301],[135.3700967,34.7479806],[135.3669163,34.7474927],[135.3652776,34.7472404],[135.3652368,34.7472341],[135.3651283,34.7472173],[135.3650761,34.7472092],[135.3605193,34.7465122],[135.3590033,34.7462806],[135.3588005,34.7462484]]}},{"type":"Feature","properties":{"kind":"rail","name":"阪急今津線"},"geometry":{"type":"LineString","coordinates":[[135.3549624,34.7456238],[135.3547855,34.7456155],[135.3546243,34.7456059],[135.3544749,34.7455875]]}},{"type":"Feature","properties":{"kind":"rail","name":"JR福知山線"},"geometry":{"type":"LineString","coordinates":[[135.3249972,34.819244],[135.3239183,34.8187811],[135.323052,34.8183924]]}},{"type":"Feature","properties":{"kind":"rail","name":"JR福知山線"},"geometry":{"type":"LineString","coordinates":[[135.3354875,34.8162847],[135.3363375,34.8151309],[135.3364954,34.814915],[135.3366638,34.8146848]]}},{"type":"Feature","properties":{"kind":"rail","name":"JR福知山線"},"geometry":{"type":"LineString","coordinates":[[135.3230345,34.8184232],[135.3239036,34.818805],[135.3249828,34.8192699]]}},{"type":"Feature","properties":{"kind":"rail","name":"阪急今津線"},"geometry":{"type":"LineString","coordinates":[[135.3544504,34.7367023],[135.3541753,34.7362452]]}},{"type":"Feature","properties":{"kind":"rail","name":"阪急今津線"},"geometry":{"type":"LineString","coordinates":[[135.3548433,34.7373706],[135.3544504,34.7367023]]}},{"type":"Feature","properties":{"kind":"rail","name":"阪急今津線"},"geometry":{"type":"LineString","coordinates":[[135.3544143,34.7367085],[135.3548158,34.7373762]]}},{"type":"Feature","properties":{"kind":"rail","name":"阪急今津線"},"geometry":{"type":"LineString","coordinates":[[135.3541413,34.7362576],[135.3544143,34.7367085]]}},{"type":"Feature","properties":{"kind":"road","name":"国道43号"},"geometry":{"type":"LineString","coordinates":[[135.3664269,34.7206773],[135.3652965,34.721176],[135.3643431,34.7215982],[135.3632495,34.7220417],[135.3624014,34.7223418],[135.3620506,34.7224669],[135.3615637,34.7226369],[135.3610101,34.7228374]]}},{"type":"Feature","properties":{"kind":"road","name":"国道171号"},"geometry":{"type":"LineString","coordinates":[[135.3394096,34.7386498],[135.3394145,34.7385692]]}},{"type":"Feature","properties":{"kind":"road","name":"国道43号"},"geometry":{"type":"LineString","coordinates":[[135.3574287,34.7248171],[135.3564315,34.7255],[135.356262,34.7256094],[135.3561163,34.7256994],[135.3559222,34.7258208],[135.3557769,34.7259117],[135.3556233,34.726012],[135.3550375,34.7264198],[135.3548355,34.7265598],[135.3546901,34.7266605],[135.3541814,34.7270339],[135.3523244,34.7283557],[135.3522208,34.7284258],[135.3516643,34.7288025],[135.3509229,34.7292681],[135.3502325,34.7297006],[135.3499092,34.7299295],[135.3496889,34.7300904],[135.3494616,34.7302534],[135.3487748,34.7307403]]}},{"type":"Feature","properties":{"kind":"expressway","name":"中国自動車道"},"geometry":{"type":"LineString","coordinates":[[135.3242705,34.8217895],[135.3230329,34.8215942],[135.3224558,34.8215154],[135.3219976,34.8214726],[135.3215362,34.8214479],[135.3210427,34.821438],[135.3205408,34.8214497],[135.3200577,34.8214898]]}},{"type":"Feature","properties":{"kind":"expressway","name":"中国自動車道"},"geometry":{"type":"LineString","coordinates":[[135.3201997,34.8216924],[135.320646,34.8216679],[135.3210672,34.8216641],[135.3215038,34.821679],[135.3219485,34.8217049],[135.3223901,34.8217436],[135.3227966,34.8217934],[135.3232094,34.8218509],[135.3239597,34.8219711]]}},{"type":"Feature","properties":{"kind":"expressway","name":"中国自動車道"},"geometry":{"type":"LineString","coordinates":[[135.3200577,34.8214898],[135.3197626,34.8215291],[135.3194117,34.8215799],[135.3189652,34.8216606],[135.3185604,34.821754],[135.3181763,34.8218595],[135.3177641,34.8219933],[135.3174257,34.8221153],[135.3170732,34.8222564],[135.3166851,34.8224285],[135.3162531,34.8226367]]}},{"type":"Feature","properties":{"kind":"road","name":"中津浜線"},"geometry":{"type":"LineString","coordinates":[[135.3638051,34.7306364],[135.3638045,34.7307064],[135.3642652,34.7315702],[135.3645844,34.7321676],[135.3648497,34.7326517],[135.3648988,34.7327412],[135.3651897,34.7332953],[135.3654351,34.7337569],[135.3654679,34.7338186],[135.365504,34.7339005],[135.365505,34.7339034],[135.3656538,34.7343124],[135.3657702,34.7347066],[135.3657853,34.7347841]]}},{"type":"Feature","properties":{"kind":"road","name":"中津浜線"},"geometry":{"type":"LineString","coordinates":[[135.365909,34.7359789],[135.3658822,34.7363833],[135.3658767,34.7365052],[135.3658704,34.7366435]]}},{"type":"Feature","properties":{"kind":"road","name":"中津浜線"},"geometry":{"type":"LineString","coordinates":[[135.3568551,34.7218487],[135.3572508,34.722209],[135.3575747,34.7225406],[135.3580992,34.7230393],[135.3584627,34.7233652],[135.358859,34.7237204],[135.3589333,34.7237977]]}},{"type":"Feature","properties":{"kind":"road","name":"中津浜線"},"geometry":{"type":"LineString","coordinates":[[135.3568551,34.7218487],[135.3564828,34.7214942],[135.3564047,34.7214198],[135.3561003,34.7211508],[135.3556814,34.7207804],[135.3555725,34.7206841]]}},{"type":"Feature","properties":{"kind":"road","name":"中津浜線"},"geometry":{"type":"LineString","coordinates":[[135.3638051,34.7306364],[135.3634982,34.7300891],[135.3633385,34.7297864],[135.3632225,34.7295894],[135.3631732,34.7294927],[135.3630136,34.7291921],[135.3628575,34.7289042],[135.3626602,34.7285405],[135.3624697,34.7282306],[135.3623146,34.728005],[135.3621765,34.7278237],[135.362102,34.7277325],[135.3618267,34.7274371],[135.3613855,34.7269971],[135.3610831,34.7265838],[135.3610685,34.7265639],[135.361013,34.7264903],[135.3606226,34.7259689],[135.3601811,34.7253044],[135.3600491,34.7251444],[135.3597651,34.7247401],[135.3596596,34.7245794],[135.3596552,34.7245744],[135.359412,34.7242957],[135.359276,34.7241621],[135.3591223,34.7239958],[135.3590349,34.723904],[135.3589333,34.7237977]]}},{"type":"Feature","properties":{"kind":"road","name":"国道2号"},"geometry":{"type":"LineString","coordinates":[[135.3786005,34.7321696],[135.3787342,34.7321398]]}},{"type":"Feature","properties":{"kind":"road","name":"国道43号"},"geometry":{"type":"LineString","coordinates":[[135.3689279,34.7197358],[135.3692334,34.7196021],[135.3699249,34.7193023],[135.3702307,34.7191783],[135.3704575,34.7191069],[135.3712335,34.7188948],[135.3714004,34.7188487],[135.372226,34.7186546],[135.3729982,34.718473],[135.3740889,34.7182213],[135.3744567,34.7181462],[135.3745615,34.7181203],[135.3767229,34.7175375],[135.3773381,34.7173716],[135.3777958,34.7172585]]}},{"type":"Feature","properties":{"kind":"road","name":"国道43号"},"geometry":{"type":"LineString","coordinates":[[135.3295696,34.7338121],[135.330815,34.7339365],[135.3315823,34.7339883]]}},{"type":"Feature","properties":{"kind":"road","name":"国道2号"},"geometry":{"type":"LineString","coordinates":[[135.3787046,34.7320499],[135.3785745,34.7320794]]}},{"type":"Feature","properties":{"kind":"road","name":"国道43号"},"geometry":{"type":"LineString","coordinates":[[135.3831734,34.7158751],[135.3801998,34.7165861],[135.3789418,34.7169045]]}},{"type":"Feature","properties":{"kind":"road","name":"国道43号"},"geometry":{"type":"LineString","coordinates":[[135.3789026,34.7169865],[135.3802291,34.7166519]]}},{"type":"Feature","properties":{"kind":"road","name":"国道43号"},"geometry":{"type":"LineString","coordinates":[[135.3777623,34.7171847],[135.376953,34.717373],[135.3763581,34.7175248],[135.3755759,34.7176815],[135.3744841,34.7179052],[135.3743854,34.7179245],[135.3729228,34.7182855],[135.3727041,34.7183363]]}},{"type":"Feature","properties":{"kind":"expressway","name":"中国自動車道"},"geometry":{"type":"LineString","coordinates":[[135.2817543,34.8334101],[135.2812593,34.8336756],[135.2807147,34.8339334],[135.2802162,34.8341437]]}},{"type":"Feature","properties":{"kind":"expressway","name":"中国自動車道"},"geometry":{"type":"LineString","coordinates":[[135.2357945,34.8382839],[135.2353705,34.8383592]]}},{"type":"Feature","properties":{"kind":"expressway","name":"中国自動車道"},"geometry":{"type":"LineString","coordinates":[[135.2803115,34.8342559],[135.280811,34.8340468],[135.2813363,34.8337983],[135.2818492,34.8335194]]}},{"type":"Feature","properties":{"kind":"expressway","name":"中国自動車道"},"geometry":{"type":"LineString","coordinates":[[135.2354087,34.8384914],[135.2358268,34.8384123]]}},{"type":"Feature","properties":{"kind":"expressway","name":"中国自動車道"},"geometry":{"type":"LineString","coordinates":[[135.3163697,34.8227757],[135.3167184,34.8226085],[135.3171278,34.8224316],[135.317531,34.8222727],[135.3179017,34.8221478],[135.3182953,34.8220342],[135.3186859,34.8219386],[135.3190812,34.8218522],[135.3194532,34.8217844],[135.3198063,34.8217347],[135.3201997,34.8216924]]}},{"type":"Feature","properties":{"kind":"expressway","name":"中国自動車道"},"geometry":{"type":"LineString","coordinates":[[135.2384895,34.8381484],[135.2392221,34.8381364],[135.2397347,34.8381421]]}},{"type":"Feature","properties":{"kind":"expressway","name":"中国自動車道"},"geometry":{"type":"LineString","coordinates":[[135.2397443,34.8380055],[135.2392481,34.838001],[135.2385063,34.838011]]}},{"type":"Feature","properties":{"kind":"expressway","name":"中国自動車道"},"geometry":{"type":"LineString","coordinates":[[135.3256454,34.8220263],[135.3242705,34.8217895]]}},{"type":"Feature","properties":{"kind":"expressway","name":"中国自動車道"},"geometry":{"type":"LineString","coordinates":[[135.3250457,34.8221524],[135.3260021,34.822308],[135.3265329,34.8223765],[135.3270383,34.8224321],[135.3275211,34.8224715],[135.327969,34.8225001],[135.3283663,34.8225234]]}},{"type":"Feature","properties":{"kind":"expressway","name":"中国自動車道"},"geometry":{"type":"LineString","coordinates":[[135.3319211,34.8218031],[135.331438,34.8219407],[135.3309701,34.822055],[135.3304848,34.8221464],[135.3300205,34.8222157],[135.3295694,34.8222624],[135.3290898,34.8222923],[135.3286039,34.8222988],[135.3280775,34.8222919]]}},{"type":"Feature","properties":{"kind":"expressway","name":"中国自動車道"},"geometry":{"type":"LineString","coordinates":[[135.3099888,34.8247783],[135.3106632,34.82471],[135.3111212,34.8246623],[135.3115614,34.8246102],[135.3119671,34.8245478],[135.3123656,34.8244701],[135.3127525,34.8243775],[135.3131301,34.8242695],[135.313546,34.8241326]]}},{"type":"Feature","properties":{"kind":"expressway","name":"中国自動車道"},"geometry":{"type":"LineString","coordinates":[[135.3134392,34.8240038],[135.3130513,34.8241362],[135.3126777,34.8242462],[135.312323,34.8243331],[135.3119408,34.8244068],[135.3115315,34.8244772],[135.3111473,34.8245244],[135.310659,34.8245755],[135.3100381,34.8246368]]}},{"type":"Feature","properties":{"kind":"expressway","name":"中国自動車道"},"geometry":{"type":"LineString","coordinates":[[135.2802162,34.8341437],[135.2797557,34.8343291],[135.2793632,34.8344731],[135.2789645,34.834602],[135.2784548,34.834753],[135.2778349,34.8349145],[135.2773176,34.8350455],[135.276794,34.8351664],[135.2763258,34.8352683],[135.2758638,34.8353601],[135.2754414,34.8354412],[135.2750066,34.835512],[135.2745853,34.8355776],[135.2741578,34.8356331],[135.273727,34.8356868],[135.2732962,34.8357202],[135.272847,34.8357496],[135.27241,34.8357688],[135.2719904,34.8357823],[135.2715893,34.835783],[135.2711122,34.8357702],[135.2707012,34.8357519],[135.2702577,34.8357244],[135.2698268,34.8356822],[135.2691459,34.8356066],[135.268328,34.835499],[135.2673351,34.8353657],[135.2665849,34.8352515]]}},{"type":"Feature","properties":{"kind":"expressway","name":"中国自動車道"},"geometry":{"type":"LineString","coordinates":[[135.2353705,34.8383592],[135.2342228,34.8386206],[135.2339014,34.8386939],[135.2334046,34.8388343],[135.2328886,34.8390044]]}},{"type":"Feature","properties":{"kind":"expressway","name":"中国自動車道"},"geometry":{"type":"LineString","coordinates":[[135.2385063,34.838011],[135.2378291,34.8380428],[135.237491,34.8380668],[135.2369831,34.8381195],[135.2364628,34.8381807],[135.2357945,34.8382839]]}},{"type":"Feature","properties":{"kind":"expressway","name":"中国自動車道"},"geometry":{"type":"LineString","coordinates":[[135.313546,34.8241326],[135.3139608,34.8239703],[135.3144101,34.8237695],[135.3148958,34.8235328],[135.3163697,34.8227757]]}},{"type":"Feature","properties":{"kind":"expressway","name":"中国自動車道"},"geometry":{"type":"LineString","coordinates":[[135.3162531,34.8226367],[135.314801,34.8233991],[135.3143136,34.8236431],[135.3138504,34.8238468],[135.3134392,34.8240038]]}},{"type":"Feature","properties":{"kind":"expressway","name":"中国自動車道"},"geometry":{"type":"LineString","coordinates":[[135.2818492,34.8335194],[135.282268,34.8332853],[135.2826897,34.8330204],[135.2831573,34.8327076],[135.2836776,34.8323339],[135.284608,34.8316866],[135.2850352,34.831396],[135.2854684,34.8311258],[135.2859978,34.8308398],[135.2864591,34.8306291],[135.2868507,34.8304801],[135.2873419,34.8303305],[135.2878046,34.8302234],[135.2882674,34.8301418],[135.28872,34.8300833],[135.289185,34.8300451],[135.2897542,34.830012],[135.2903956,34.8299726],[135.2909039,34.8299306],[135.2913647,34.8298755],[135.2918422,34.8297962],[135.2922794,34.829699],[135.2927466,34.8295795],[135.2931782,34.8294433],[135.2936043,34.8292869],[135.294018,34.8291128],[135.294449,34.8289197],[135.2952887,34.8285245],[135.2956853,34.8283523],[135.2960695,34.8282055],[135.2965176,34.8280568],[135.296937,34.8279426],[135.2973287,34.8278564],[135.2977374,34.8277851],[135.2982151,34.8277276],[135.2987176,34.827693],[135.299238,34.8276838],[135.3004223,34.8277027],[135.300977,34.8277046],[135.3014675,34.8276848],[135.3019041,34.8276518],[135.3023439,34.8275929],[135.3027613,34.8275066],[135.3032291,34.8273871],[135.3036719,34.8272467],[135.3040777,34.827085],[135.3045215,34.8268778],[135.3049537,34.8266448],[135.305625,34.8262576],[135.3060164,34.8260359],[135.3063724,34.8258426],[135.3067283,34.8256647],[135.307126,34.825493],[135.3075301,34.8253368],[135.3079579,34.8251938],[135.3083982,34.8250663],[135.308827,34.8249582],[135.3092746,34.8248707],[135.3096254,34.8248194],[135.3099888,34.8247783]]}},{"type":"Feature","properties":{"kind":"expressway","name":"中国自動車道"},"geometry":{"type":"LineString","coordinates":[[135.3100381,34.8246368],[135.3096435,34.8246825],[135.3092488,34.824741],[135.3088056,34.8248329],[135.3083633,34.8249393],[135.3079057,34.825072],[135.3074824,34.8252137],[135.3070716,34.8253735],[135.306664,34.8255592],[135.3062932,34.8257387],[135.3059162,34.8259435],[135.3055552,34.8261525],[135.3048584,34.8265536],[135.304422,34.8267848],[135.3040038,34.826977],[135.3036045,34.8271332],[135.3032006,34.8272654],[135.3027448,34.8273837],[135.3023116,34.8274693],[135.3018877,34.8275317],[135.3014297,34.8275693],[135.3009162,34.8275864],[135.3004027,34.8275829],[135.299217,34.8275642],[135.2986914,34.8275705],[135.2981734,34.8276125],[135.2977204,34.8276647],[135.2973036,34.827734],[135.2968744,34.8278312],[135.2964624,34.8279464],[135.2960163,34.8280936],[135.2956042,34.8282535],[135.2952089,34.8284176],[135.2943684,34.8288149],[135.2939166,34.8290181],[135.2935111,34.8291857],[135.2931083,34.8293307],[135.2927071,34.8294603],[135.292256,34.8295793],[135.2917924,34.8296779],[135.2913161,34.8297598],[135.2908698,34.8298107],[135.2903816,34.8298527],[135.2897439,34.8298964],[135.2891645,34.8299268],[135.2887044,34.8299627],[135.2881916,34.8300239],[135.287754,34.8301057],[135.2872916,34.8302142],[135.2867909,34.8303692],[135.2863893,34.8305215],[135.2859271,34.8307358],[135.2853911,34.8310264],[135.2849311,34.8313062],[135.2845248,34.8315804],[135.2835826,34.8322445],[135.2830743,34.8325988],[135.2826526,34.8328768],[135.2822096,34.8331587],[135.2817543,34.8334101]]}},{"type":"Feature","properties":{"kind":"expressway","name":"中国自動車道"},"geometry":{"type":"LineString","coordinates":[[135.2358268,34.8384123],[135.2362629,34.8383483],[135.2366718,34.8382883],[135.237088,34.8382433],[135.2376146,34.8381919],[135.2384895,34.8381484]]}},{"type":"Feature","properties":{"kind":"expressway","name":"中国自動車道"},"geometry":{"type":"LineString","coordinates":[[135.2397347,34.8381421],[135.2412364,34.8381893],[135.2421627,34.8382497],[135.2434165,34.8383042],[135.244276,34.8383215],[135.2450422,34.8383162],[135.2456381,34.8382907],[135.2460161,34.8382623],[135.2467931,34.8381741],[135.2473239,34.8380921],[135.2480718,34.8379447],[135.2494879,34.8376499],[135.2507168,34.8374237],[135.2512882,34.8373467],[135.2519533,34.8372981],[135.2523273,34.8372847],[135.2527459,34.8372872],[135.2532358,34.8372993],[135.2544206,34.837339],[135.2548261,34.8373453],[135.2551203,34.8373439],[135.2554727,34.837333],[135.255856,34.8373119]]}},{"type":"Feature","properties":{"kind":"road","name":"国道171号"},"geometry":{"type":"LineString","coordinates":[[135.3481211,34.7490077],[135.3482061,34.7490532],[135.348594,34.7492608],[135.3489601,34.7494599],[135.3489819,34.7494717],[135.3493669,34.7496792],[135.3497181,34.7498725],[135.3502126,34.7501447],[135.3504154,34.7502575],[135.3508149,34.7504797],[135.3509263,34.7505407],[135.3510679,34.7506183],[135.3513552,34.7507756],[135.3515316,34.7508756]]}},{"type":"Feature","properties":{"kind":"road","name":"国道171号"},"geometry":{"type":"LineString","coordinates":[[135.360349,34.7575581],[135.3607075,34.7578127]]}},{"type":"Feature","properties":{"kind":"road","name":"国道176号"},"geometry":{"type":"LineString","coordinates":[[135.3084285,34.8257839],[135.3081827,34.8258067],[135.3078538,34.8258398],[135.3075408,34.8258967],[135.3073018,34.8259711]]}},{"type":"Feature","properties":{"kind":"road","name":"国道176号"},"geometry":{"type":"LineString","coordinates":[[135.2642288,34.834614],[135.2639161,34.8345219],[135.2635019,34.8344391],[135.2628324,34.8343491],[135.2626511,34.8343392],[135.2623245,34.8343337],[135.2619176,34.8343396],[135.2615872,34.8343597],[135.2610207,34.834418]]}},{"type":"Feature","properties":{"kind":"road","name":"国道176号"},"geometry":{"type":"LineString","coordinates":[[135.324998,34.8201647],[135.3251088,34.8202974],[135.3252837,34.8204207],[135.3254519,34.8205151],[135.3256415,34.8206071],[135.3258831,34.8207047],[135.3261588,34.8207782],[135.3263589,34.8208115],[135.3265241,34.820839]]}},{"type":"Feature","properties":{"kind":"road","name":"国道176号"},"geometry":{"type":"LineString","coordinates":[[135.2563183,34.8325814],[135.2561354,34.8323956],[135.256086,34.832349]]}},{"type":"Feature","properties":{"kind":"road","name":"国道176号"},"geometry":{"type":"LineString","coordinates":[[135.2574076,34.8336109],[135.2572498,34.8334996],[135.2570179,34.8333022],[135.25681,34.8330983]]}},{"type":"Feature","properties":{"kind":"road","name":"国道176号"},"geometry":{"type":"LineString","coordinates":[[135.3339904,34.8178018],[135.3340956,34.8176043]]}},{"type":"Feature","properties":{"kind":"road","name":"国道176号"},"geometry":{"type":"LineString","coordinates":[[135.25681,34.8330983],[135.2566794,34.8329668],[135.2563183,34.8325814]]}},{"type":"Feature","properties":{"kind":"road","name":"国道176号"},"geometry":{"type":"LineString","coordinates":[[135.2415664,34.8321525],[135.2412884,34.8324386]]}},{"type":"Feature","properties":{"kind":"road","name":"国道176号"},"geometry":{"type":"LineString","coordinates":[[135.2585552,34.8341874],[135.2581395,34.834027],[135.2578884,34.8339098],[135.2576095,34.8337471],[135.2574076,34.8336109]]}},{"type":"Feature","properties":{"kind":"road","name":"国道176号"},"geometry":{"type":"LineString","coordinates":[[135.3175416,34.8236328],[135.3174585,34.8238756],[135.3173755,34.8241123],[135.317259,34.8243584],[135.3171506,34.8245209],[135.3170519,34.8246482],[135.3169096,34.8247752],[135.3167818,34.8248843],[135.3166766,34.8249659],[135.3165542,34.8250412],[135.3164211,34.8251111],[135.3162047,34.8252021],[135.3159705,34.8252735],[135.3157348,34.8253222],[135.3155657,34.8253386],[135.3153966,34.8253445],[135.3151233,34.8253332],[135.3147784,34.8252396],[135.3145765,34.8251441],[135.3144015,34.8250505],[135.3141792,34.8248949],[135.3138247,34.8245874],[135.3129608,34.8238312],[135.3126596,34.8235678],[135.3123817,34.8233895],[135.3121737,34.8233008],[135.3119371,34.8232471],[135.3117113,34.8232287],[135.3114237,34.8232398],[135.311178,34.8232924],[135.3109225,34.8233924]]}},{"type":"Feature","properties":{"kind":"road","name":"国道176号"},"geometry":{"type":"LineString","coordinates":[[135.3340956,34.8176043],[135.3344592,34.8169183],[135.3346019,34.8166546],[135.3348354,34.8162348],[135.3350114,34.8159006],[135.335501,34.8149666],[135.3355556,34.8148747],[135.3357338,34.8145707],[135.3359551,34.8141485]]}},{"type":"Feature","properties":{"kind":"road","name":"国道176号"},"geometry":{"type":"LineString","coordinates":[[135.256086,34.832349],[135.2559631,34.8322375],[135.2557908,34.8320899],[135.2555673,34.831955],[135.2552643,34.8317875],[135.2549868,34.8316561]]}},{"type":"Feature","properties":{"kind":"road","name":"国道176号"},"geometry":{"type":"LineString","coordinates":[[135.2597717,34.8344537],[135.2594934,34.8344202],[135.2592191,34.8343719],[135.2589557,34.8343134],[135.2587753,34.8342651],[135.2585552,34.8341874]]}},{"type":"Feature","properties":{"kind":"road","name":"国道176号"},"geometry":{"type":"LineString","coordinates":[[135.3109225,34.8233924],[135.3107883,34.8234689],[135.3107015,34.8235327],[135.3106228,34.8236009],[135.3105349,34.8236915]]}},{"type":"Feature","properties":{"kind":"road","name":"国道176号"},"geometry":{"type":"LineString","coordinates":[[135.3105349,34.8236915],[135.3104042,34.82386],[135.3103347,34.823982]]}},{"type":"Feature","properties":{"kind":"road","name":"国道176号"},"geometry":{"type":"LineString","coordinates":[[135.2412473,34.8324809],[135.2411326,34.8325995],[135.2410835,34.8326509],[135.2408106,34.8329867],[135.2405647,34.83333],[135.2403734,34.8336445],[135.2402519,34.8338457],[135.2402047,34.8339239]]}},{"type":"Feature","properties":{"kind":"road","name":"国道2号"},"geometry":{"type":"LineString","coordinates":[[135.3445677,34.7381095],[135.3446131,34.738105],[135.3447576,34.7380874],[135.3450835,34.7380498],[135.3457743,34.7379644],[135.3459823,34.73794],[135.3464375,34.7378816],[135.3464711,34.7378815],[135.3471814,34.7377986],[135.3473758,34.7377759]]}},{"type":"Feature","properties":{"kind":"road","name":"国道2号"},"geometry":{"type":"LineString","coordinates":[[135.3288671,34.7376925],[135.3289547,34.7377152],[135.3291209,34.7377589],[135.3292615,34.7377959],[135.330497,34.7381208],[135.3311474,34.7382694],[135.3312014,34.7382817],[135.3314432,34.7383367]]}},{"type":"Feature","properties":{"kind":"road","name":"国道2号"},"geometry":{"type":"LineString","coordinates":[[135.3538233,34.7370065],[135.3538524,34.7370009],[135.3539958,34.7369764],[135.354306,34.7369237],[135.3545995,34.7368735],[135.354938,34.7368113],[135.3552771,34.7367421],[135.356184,34.7365815]]}},{"type":"Feature","properties":{"kind":"road","name":"国道43号"},"geometry":{"type":"LineString","coordinates":[[135.34858,34.7308783],[135.3476214,34.7315355],[135.3474663,34.7316448],[135.3471926,34.7318159],[135.3468701,34.7320047],[135.3466023,34.7321594],[135.3459505,34.7324813],[135.3457006,34.7325852],[135.3452342,34.7327599],[135.3449572,34.7328619]]}},{"type":"Feature","properties":{"kind":"road","name":"国道43号"},"geometry":{"type":"LineString","coordinates":[[135.3282962,34.7334715],[135.3274453,34.7334123],[135.3264816,34.7333171],[135.3256408,34.7331651],[135.3250664,34.733025],[135.3244097,34.7328417],[135.323827,34.7326737],[135.3234832,34.7325667],[135.3229423,34.7323982]]}},{"type":"Feature","properties":{"kind":"road","name":"国道43号"},"geometry":{"type":"LineString","coordinates":[[135.3295873,34.7335717],[135.3287518,34.7335069],[135.3282962,34.7334715]]}},{"type":"Feature","properties":{"kind":"road","name":"国道43号"},"geometry":{"type":"LineString","coordinates":[[135.3487748,34.7307403],[135.3487499,34.7307579]]}},{"type":"Feature","properties":{"kind":"road","name":"国道43号"},"geometry":{"type":"LineString","coordinates":[[135.3575318,34.7249131],[135.3576253,34.7248471]]}},{"type":"Feature","properties":{"kind":"road","name":"国道43号"},"geometry":{"type":"LineString","coordinates":[[135.3449572,34.7328619],[135.3444344,34.7330178]]}},{"type":"Feature","properties":{"kind":"road","name":"国道43号"},"geometry":{"type":"LineString","coordinates":[[135.3444344,34.7330178],[135.3434233,34.733213],[135.3431099,34.7332509],[135.3422386,34.7333266],[135.3418919,34.7333509],[135.3413487,34.7333747],[135.3403261,34.7334454],[135.339665,34.7334888],[135.3394382,34.733504],[135.3384371,34.7335558],[135.3377517,34.7336027],[135.3370991,34.7336377],[135.3365623,34.7336748],[135.3359809,34.7337066],[135.335808,34.7337161],[135.3349827,34.7337746],[135.3347313,34.7337891],[135.3345573,34.7337977],[135.3338515,34.7338234],[135.3332331,34.7338273],[135.3327206,34.7338284],[135.3315861,34.7337515],[135.3308459,34.7337002],[135.3298815,34.7335951]]}},{"type":"Feature","properties":{"kind":"road","name":"国道43号"},"geometry":{"type":"LineString","coordinates":[[135.3576253,34.7248471],[135.3581315,34.7245118],[135.3583202,34.7243935]]}},{"type":"Feature","properties":{"kind":"road","name":"国道171号"},"geometry":{"type":"LineString","coordinates":[[135.3607075,34.7578127],[135.3605144,34.7575844],[135.3599777,34.7572024],[135.3589005,34.7563933],[135.3586181,34.7561767],[135.3585247,34.7561051],[135.3583695,34.7559861]]}},{"type":"Feature","properties":{"kind":"road","name":"国道171号"},"geometry":{"type":"LineString","coordinates":[[135.3578594,34.755574],[135.357713,34.7554717],[135.3575624,34.7553845],[135.3572946,34.7551797],[135.356694,34.7547391],[135.3561815,34.754363],[135.3559585,34.75417],[135.3555288,34.7538508],[135.3552626,34.7537854]]}},{"type":"Feature","properties":{"kind":"road","name":"国道171号"},"geometry":{"type":"LineString","coordinates":[[135.358337,34.756187],[135.3583945,34.7562312],[135.3587647,34.7565158],[135.358965,34.756665],[135.359225,34.756855],[135.3598038,34.7572806],[135.359837,34.757305],[135.3604279,34.7577108],[135.3607075,34.7578127]]}},{"type":"Feature","properties":{"kind":"road","name":"国道171号"},"geometry":{"type":"LineString","coordinates":[[135.3721742,34.764713],[135.3723104,34.7646982]]}},{"type":"Feature","properties":{"kind":"road","name":"国道171号"},"geometry":{"type":"LineString","coordinates":[[135.3555426,34.7539656],[135.3569358,34.7550138],[135.3580742,34.7558641],[135.3584941,34.7561829],[135.3590633,34.7566146],[135.3598519,34.7572057],[135.360349,34.7575581]]}},{"type":"Feature","properties":{"kind":"road","name":"国道176号"},"geometry":{"type":"LineString","coordinates":[[135.3099619,34.8227887],[135.3097099,34.8228633]]}},{"type":"Feature","properties":{"kind":"road","name":"国道176号"},"geometry":{"type":"LineString","coordinates":[[135.3097099,34.8228633],[135.3096018,34.8229713],[135.3095446,34.8230995],[135.309529,34.823224],[135.3095651,34.8233415],[135.3097701,34.8236762],[135.3098331,34.8237884],[135.3098504,34.8239028]]}},{"type":"Feature","properties":{"kind":"road","name":"山手幹線"},"geometry":{"type":"LineString","coordinates":[[135.3282292,34.7417641],[135.3281933,34.7417622],[135.3281475,34.7417582]]}},{"type":"Feature","properties":{"kind":"road","name":"臨港線"},"geometry":{"type":"LineString","coordinates":[[135.3360972,34.7284435],[135.3363657,34.7284226],[135.3368753,34.7283793],[135.3371326,34.7283574],[135.3376404,34.7283194],[135.3378972,34.7282989],[135.3384586,34.7282543],[135.338597,34.7282433]]}},{"type":"Feature","properties":{"kind":"road","name":"中津浜線"},"geometry":{"type":"LineString","coordinates":[[135.3555725,34.7206841],[135.3554863,34.7205976],[135.3551982,34.7203179],[135.3547906,34.7199445],[135.3546144,34.7197663],[135.354597,34.7197487],[135.354382,34.71954],[135.3543496,34.7195086],[135.3540884,34.7192553],[135.353792,34.718968],[135.353766,34.7189439],[135.3534818,34.7186799],[135.3531815,34.718401],[135.3528841,34.7181125],[135.3525987,34.7178459],[135.352343,34.717607]]}},{"type":"Feature","properties":{"kind":"road","name":"山手幹線"},"geometry":{"type":"LineString","coordinates":[[135.3738322,34.7424434],[135.3746634,34.742457],[135.3753487,34.7424889],[135.3763293,34.7426505],[135.3765262,34.7426884]]}},{"type":"Feature","properties":{"kind":"road","name":"山手幹線"},"geometry":{"type":"LineString","coordinates":[[135.3549223,34.7423777],[135.3548889,34.742377],[135.3548682,34.7423764],[135.3544845,34.742367],[135.3543038,34.7423619],[135.3533339,34.7423344],[135.3529449,34.7423193],[135.3522475,34.7422922],[135.352112,34.7422869],[135.3519858,34.7422827],[135.3518337,34.7422776],[135.351806,34.7422767],[135.3512783,34.7422677],[135.351214,34.7422671],[135.3511492,34.7422643],[135.3504081,34.7422377],[135.3503077,34.7422341],[135.3502172,34.7422314],[135.3499916,34.7422213],[135.3496619,34.7422135],[135.3495756,34.7422106],[135.3495424,34.7422096]]}},{"type":"Feature","properties":{"kind":"road","name":"山手幹線"},"geometry":{"type":"LineString","coordinates":[[135.3392041,34.7418421],[135.3393861,34.7418512],[135.3396341,34.7418601],[135.3404173,34.7418805],[135.3405028,34.7418832],[135.3405902,34.7418859],[135.3418204,34.7419242],[135.342107,34.7419359],[135.3425592,34.7419544],[135.3426688,34.7419589],[135.3427688,34.7419625],[135.343191,34.7419779],[135.3439766,34.7420053],[135.3443557,34.7420185],[135.3445228,34.7420261],[135.3446121,34.7420285],[135.3447092,34.7420341],[135.345402,34.7420587],[135.3461783,34.7420856],[135.3475564,34.7421362],[135.3476845,34.7421383],[135.347799,34.7421448],[135.3480638,34.7421598],[135.3481439,34.7421625],[135.3483037,34.742168],[135.348737,34.7421828],[135.3489448,34.7421899],[135.3493068,34.742202],[135.3493979,34.742205],[135.3494262,34.7422059]]}},{"type":"Feature","properties":{"kind":"road","name":"国道171号"},"geometry":{"type":"LineString","coordinates":[[135.3552626,34.7537854],[135.355412,34.7539585],[135.3560023,34.7544317],[135.3563213,34.7546721],[135.3564729,34.7547681],[135.3565812,34.7548494],[135.3569456,34.755123],[135.3570927,34.7552352],[135.3571905,34.7553016],[135.3574553,34.755501],[135.3574847,34.755496],[135.3575587,34.7554859],[135.3576328,34.7554848],[135.3577303,34.7555203],[135.3578594,34.755574]]}},{"type":"Feature","properties":{"kind":"road","name":"中津浜線"},"geometry":{"type":"LineString","coordinates":[[135.3657712,34.7381102],[135.3656233,34.7402452],[135.3656045,34.7404799],[135.3655858,34.7407499],[135.365567,34.7410221],[135.3655369,34.7415417]]}},{"type":"Feature","properties":{"kind":"road","name":"山手幹線"},"geometry":{"type":"LineString","coordinates":[[135.3285823,34.7418034],[135.3284624,34.7417871]]}},{"type":"Feature","properties":{"kind":"road","name":"中津浜線"},"geometry":{"type":"LineString","coordinates":[[135.3590659,34.77345],[135.3592694,34.77332],[135.359342,34.7732736],[135.3594877,34.7731805],[135.3597468,34.7730613],[135.3598165,34.7730322],[135.3599184,34.7730051],[135.360156,34.7729671],[135.3608584,34.7729195],[135.3613669,34.7728801],[135.3620233,34.7728379],[135.3623269,34.7727175]]}},{"type":"Feature","properties":{"kind":"road","name":"国道43号"},"geometry":{"type":"LineString","coordinates":[[135.3610595,34.7229353],[135.3632649,34.7221343],[135.3639111,34.7218859],[135.3643977,34.7216875],[135.365351,34.7212528],[135.3664883,34.7207496]]}},{"type":"Feature","properties":{"kind":"road","name":"中津浜線"},"geometry":{"type":"LineString","coordinates":[[135.3659904,34.7359568],[135.3659811,34.7356355],[135.3659634,34.7354295],[135.3659469,34.7352371],[135.3658938,34.7349594],[135.3658732,34.7348584]]}},{"type":"Feature","properties":{"kind":"expressway","name":"中国自動車道"},"geometry":{"type":"LineString","coordinates":[[135.2331623,34.8390679],[135.2338942,34.8388521],[135.2346227,34.8386593],[135.2354087,34.8384914]]}},{"type":"Feature","properties":{"kind":"road","name":"国道176号"},"geometry":{"type":"LineString","coordinates":[[135.2402047,34.8339239],[135.2400626,34.8342224],[135.2399507,34.8344993],[135.2398504,34.834777]]}},{"type":"Feature","properties":{"kind":"road","name":"国道2号"},"geometry":{"type":"LineString","coordinates":[[135.3536991,34.7370268],[135.3538233,34.7370065]]}},{"type":"Feature","properties":{"kind":"road","name":"国道2号"},"geometry":{"type":"LineString","coordinates":[[135.3286689,34.7376427],[135.3288671,34.7376925]]}},{"type":"Feature","properties":{"kind":"road","name":"国道2号"},"geometry":{"type":"LineString","coordinates":[[135.3444209,34.7381287],[135.3445677,34.7381095]]}},{"type":"Feature","properties":{"kind":"road","name":"国道2号"},"geometry":{"type":"LineString","coordinates":[[135.3525134,34.7371656],[135.3526553,34.7371502],[135.353455,34.7370637],[135.3535065,34.7370569],[135.3536747,34.7370334],[135.3536991,34.7370268]]}},{"type":"Feature","properties":{"kind":"road","name":"国道2号"},"geometry":{"type":"LineString","coordinates":[[135.3537835,34.7369223],[135.3536602,34.7369373]]}},{"type":"Feature","properties":{"kind":"road","name":"国道176号"},"geometry":{"type":"LineString","coordinates":[[135.2567102,34.8331207],[135.2569101,34.8333112],[135.257085,34.8334702],[135.2573019,34.8336381]]}},{"type":"Feature","properties":{"kind":"road","name":"国道176号"},"geometry":{"type":"LineString","coordinates":[[135.2562692,34.8326496],[135.2565972,34.8330038],[135.2567102,34.8331207]]}},{"type":"Feature","properties":{"kind":"road","name":"国道176号"},"geometry":{"type":"LineString","coordinates":[[135.2573019,34.8336381],[135.2575406,34.8337992],[135.2577652,34.833934],[135.2579846,34.8340453],[135.2585279,34.8342667]]}},{"type":"Feature","properties":{"kind":"road","name":"国道176号"},"geometry":{"type":"LineString","coordinates":[[135.2642288,34.834614],[135.2645441,34.8346701],[135.2646277,34.834686],[135.2662965,34.8350025],[135.2670611,34.8351138],[135.2685383,34.8353056],[135.2686372,34.8353142],[135.2687431,34.8353171],[135.2689538,34.8353189],[135.2690304,34.8353153],[135.2691269,34.8353079],[135.2692824,34.8352848],[135.2694474,34.8352521],[135.2696549,34.8352073],[135.2698223,34.8351657],[135.2699896,34.8351126],[135.2703359,34.8349507],[135.2704317,34.8349059],[135.2711963,34.8344939],[135.2713488,34.8344162],[135.2714949,34.8343553],[135.272121,34.8341517],[135.2724623,34.8340376],[135.272486,34.8340297],[135.2725324,34.834017],[135.2727361,34.8339612],[135.2727889,34.8339468],[135.2729923,34.8339158],[135.273154,34.8339132],[135.2736687,34.8338987],[135.2738877,34.8338666],[135.2741276,34.8338012],[135.274533,34.8336153],[135.2751143,34.8333832],[135.2753336,34.833292],[135.2755529,34.8332222],[135.2755858,34.8332158],[135.275684,34.8331965],[135.2758291,34.8331794],[135.2763925,34.8331784],[135.2767344,34.8331724],[135.2770113,34.8331263],[135.2771654,34.8330889],[135.2773597,34.8330295],[135.2774266,34.8330034],[135.27749,34.8329733],[135.277578,34.8329293],[135.2776662,34.8328995],[135.2777393,34.8328971],[135.2778047,34.8329001],[135.2778641,34.8329242],[135.2779259,34.8329522],[135.2779586,34.8330075],[135.2779793,34.8330706],[135.2779678,34.833189],[135.2779028,34.8332636],[135.2778196,34.8333073],[135.2777172,34.8333351],[135.2776063,34.8333652],[135.2774613,34.8333925],[135.2773247,34.8334225],[135.2772568,34.8334414],[135.2771888,34.8334602],[135.2764624,34.8336897],[135.2763685,34.8337245],[135.2763124,34.8337506],[135.276275,34.8337709],[135.2762107,34.8338036],[135.2761573,34.8338354],[135.2761112,34.8338829],[135.2760975,34.8339346],[135.2760928,34.8339736],[135.276091,34.8339883],[135.2761068,34.8340279],[135.2761371,34.8340676],[135.2761645,34.8340934],[135.2762064,34.8341173],[135.2762994,34.8341287],[135.2764069,34.8341185],[135.2768022,34.834006],[135.2770941,34.8339318],[135.2774151,34.8338722],[135.27746,34.8338639],[135.2777247,34.8338277],[135.2780269,34.8338178],[135.2789328,34.8337882],[135.2807101,34.8337491],[135.2817334,34.8337913],[135.2820427,34.8337964],[135.2824092,34.8337943],[135.2825422,34.8337846],[135.2826811,34.8337807]]}},{"type":"Feature","properties":{"kind":"road","name":"国道176号"},"geometry":{"type":"LineString","coordinates":[[135.2585279,34.8342667],[135.2587416,34.8343344],[135.2589144,34.8343847],[135.2592337,34.834458],[135.2594988,34.8345036],[135.2597511,34.8345329]]}},{"type":"Feature","properties":{"kind":"road","name":"国道176号"},"geometry":{"type":"LineString","coordinates":[[135.2597511,34.8345329],[135.2600069,34.8345547],[135.2607068,34.8345396],[135.2609395,34.8345262]]}},{"type":"Feature","properties":{"kind":"road","name":"国道176号"},"geometry":{"type":"LineString","coordinates":[[135.2413243,34.8325188],[135.2415949,34.8322446]]}},{"type":"Feature","properties":{"kind":"road","name":"国道176号"},"geometry":{"type":"LineString","coordinates":[[135.2560368,34.8324211],[135.2560681,34.8324484],[135.2562288,34.83261],[135.2562692,34.8326496]]}},{"type":"Feature","properties":{"kind":"road","name":"国道176号"},"geometry":{"type":"LineString","coordinates":[[135.2415949,34.8322446],[135.2420695,34.8318011],[135.2426508,34.8312655],[135.2427519,34.8311724]]}},{"type":"Feature","properties":{"kind":"road","name":"国道176号"},"geometry":{"type":"LineString","coordinates":[[135.2370296,34.8467203],[135.2372179,34.8465042],[135.2373282,34.8463574],[135.2374213,34.8461573],[135.2374999,34.8459129],[135.237712,34.8449261],[135.237822,34.844464]]}},{"type":"Feature","properties":{"kind":"road","name":"中津浜線"},"geometry":{"type":"LineString","coordinates":[[135.3659428,34.7367392],[135.3659904,34.7359568]]}},{"type":"Feature","properties":{"kind":"road","name":"中津浜線"},"geometry":{"type":"LineString","coordinates":[[135.3656058,34.7415408],[135.3657176,34.7399442],[135.3658444,34.738108]]}},{"type":"Feature","properties":{"kind":"road","name":"中津浜線"},"geometry":{"type":"LineString","coordinates":[[135.3657217,34.7342969],[135.3655674,34.7338862],[135.3655366,34.7338043],[135.3655027,34.7337403],[135.3652563,34.7332753]]}},{"type":"Feature","properties":{"kind":"road","name":"中津浜線"},"geometry":{"type":"LineString","coordinates":[[135.3658444,34.738108],[135.3658611,34.7378727],[135.3658912,34.7374391],[135.3659194,34.737104],[135.3659428,34.7367392]]}},{"type":"Feature","properties":{"kind":"road","name":"中津浜線"},"geometry":{"type":"LineString","coordinates":[[135.3655325,34.7425468],[135.3655407,34.7424279],[135.3656058,34.7415408]]}},{"type":"Feature","properties":{"kind":"road","name":"中津浜線"},"geometry":{"type":"LineString","coordinates":[[135.3655369,34.7415417],[135.3654678,34.7423344],[135.3654597,34.7424269],[135.3654518,34.7425472]]}},{"type":"Feature","properties":{"kind":"road","name":"中津浜線"},"geometry":{"type":"LineString","coordinates":[[135.3658704,34.7366435],[135.3657712,34.7381102]]}},{"type":"Feature","properties":{"kind":"road","name":"国道2号"},"geometry":{"type":"LineString","coordinates":[[135.3785745,34.7320794],[135.3784325,34.7321109],[135.3766794,34.7325308],[135.376544,34.7325614]]}},{"type":"Feature","properties":{"kind":"road","name":"中津浜線"},"geometry":{"type":"LineString","coordinates":[[135.3652563,34.7332753],[135.3650272,34.7328564],[135.3649573,34.7327286],[135.3643277,34.7315548],[135.3638703,34.7306801],[135.3638051,34.7306364]]}},{"type":"Feature","properties":{"kind":"road","name":"国道176号"},"geometry":{"type":"LineString","coordinates":[[135.3331957,34.8187369],[135.3333971,34.8185653],[135.3336125,34.8183427],[135.3339154,34.8179527]]}},{"type":"Feature","properties":{"kind":"road","name":"中津浜線"},"geometry":{"type":"LineString","coordinates":[[135.3626964,34.7710613],[135.3628524,34.7704006],[135.3630193,34.7692367],[135.363062,34.7688793],[135.3630632,34.7688443],[135.3630734,34.7685361],[135.363067,34.7684253],[135.363036,34.7678935],[135.3630289,34.7677999],[135.3629935,34.7671718],[135.3629736,34.7669095],[135.3629529,34.7666377],[135.3629389,34.7664261],[135.3629295,34.7662848],[135.3629185,34.7661313],[135.3628534,34.765464],[135.3628262,34.7651876],[135.3628187,34.7651122],[135.3628093,34.7650167],[135.362799,34.7648652],[135.362794,34.7647917],[135.362776,34.7645265],[135.3627521,34.7641754],[135.3627241,34.7637547],[135.3627242,34.7637272],[135.3627253,34.7634723],[135.3627261,34.7634153],[135.3627279,34.7632875],[135.3627279,34.7632229],[135.3627279,34.7631355],[135.3627292,34.762956],[135.3627307,34.762767],[135.3627381,34.762135],[135.3627446,34.7619138],[135.3627455,34.7617715],[135.3627729,34.7613929],[135.36281,34.7608797],[135.3628448,34.7603673],[135.362906,34.759717],[135.3629069,34.7597075]]}},{"type":"Feature","properties":{"kind":"road","name":"中津浜線"},"geometry":{"type":"LineString","coordinates":[[135.3651732,34.7468416],[135.3651598,34.7469657],[135.3651384,34.747152]]}},{"type":"Feature","properties":{"kind":"road","name":"国道176号"},"geometry":{"type":"LineString","coordinates":[[135.311178,34.8232924],[135.3105358,34.8228721],[135.3102982,34.8227944],[135.3101109,34.8227795],[135.3099619,34.8227887]]}},{"type":"Feature","properties":{"kind":"road","name":"国道171号"},"geometry":{"type":"LineString","coordinates":[[135.3607075,34.7578127],[135.3608237,34.757891],[135.3609467,34.7579781],[135.3617616,34.7585654],[135.361882,34.7586524],[135.3619463,34.7586989],[135.3621824,34.7588695],[135.3626989,34.759236],[135.3627691,34.7592946],[135.3629013,34.7594002]]}},{"type":"Feature","properties":{"kind":"road","name":"国道171号"},"geometry":{"type":"LineString","coordinates":[[135.3552626,34.7537854],[135.3555426,34.7539656]]}},{"type":"Feature","properties":{"kind":"road","name":"国道171号"},"geometry":{"type":"LineString","coordinates":[[135.3575587,34.7554859],[135.3575612,34.7554453],[135.3575624,34.7553845]]}},{"type":"Feature","properties":{"kind":"road","name":"中津浜線"},"geometry":{"type":"LineString","coordinates":[[135.3631931,34.7554458],[135.3631983,34.7553496],[135.3632298,34.7547639],[135.3632485,34.7544153],[135.3632515,34.754365],[135.3633008,34.7535426],[135.3633052,34.7534815],[135.3633168,34.7533218],[135.3633284,34.7531611],[135.363381,34.7524337],[135.3633879,34.7523383],[135.3633939,34.752227],[135.3634013,34.7520881],[135.3634711,34.7518182],[135.3634825,34.7517899],[135.3635945,34.7515129],[135.3637828,34.7510839],[135.3638396,34.7509545],[135.3639137,34.7507857],[135.3642694,34.7499967],[135.3643372,34.7498428],[135.3643704,34.7497673],[135.364407,34.7496884],[135.364658,34.7491468],[135.3647022,34.7490488],[135.3648404,34.7487209],[135.3648915,34.7486047],[135.3649422,34.7484867],[135.3650082,34.7483315],[135.3651209,34.7479899],[135.3651826,34.7477056],[135.3651987,34.7475524]]}},{"type":"Feature","properties":{"kind":"road","name":"国道176号"},"geometry":{"type":"LineString","coordinates":[[135.302205,34.8297001],[135.3024614,34.829676],[135.3028178,34.8296272],[135.3028837,34.8296145],[135.3033358,34.8295274],[135.3033502,34.8295246],[135.3034733,34.8295009],[135.3040495,34.8293761],[135.3041683,34.8293474],[135.3042901,34.8292987],[135.3043927,34.8292497],[135.3044984,34.8291938],[135.3048055,34.8289649],[135.3049898,34.8287992],[135.3050632,34.8287121],[135.3051407,34.8285915],[135.3051759,34.8285058],[135.3051897,34.8284374],[135.3052363,34.8278624],[135.3052573,34.8277469],[135.3052935,34.8276747],[135.3054983,34.82736],[135.3055131,34.8273186],[135.3055134,34.8272753],[135.3055055,34.8272371],[135.3054915,34.8272029],[135.3054353,34.8271224]]}},{"type":"Feature","properties":{"kind":"road","name":"国道176号"},"geometry":{"type":"LineString","coordinates":[[135.302011,34.8297185],[135.302205,34.8297001]]}},{"type":"Feature","properties":{"kind":"road","name":"国道2号"},"geometry":{"type":"LineString","coordinates":[[135.3288842,34.7376062],[135.3286905,34.737555]]}},{"type":"Feature","properties":{"kind":"road","name":"国道2号"},"geometry":{"type":"LineString","coordinates":[[135.3536602,34.7369373],[135.3536269,34.7369416],[135.3534878,34.7369591],[135.3526413,34.7370572],[135.3525048,34.7370698]]}},{"type":"Feature","properties":{"kind":"road","name":"中津浜線"},"geometry":{"type":"LineString","coordinates":[[135.3651384,34.747152],[135.3651283,34.7472173],[135.3651276,34.7472479],[135.365129,34.7474296],[135.3651262,34.7475535],[135.3651115,34.7477375],[135.3650686,34.7479171],[135.3650216,34.7480879],[135.3649519,34.7482874],[135.3649392,34.7483223],[135.3649211,34.7483722],[135.3648795,34.7484668],[135.3648234,34.748583],[135.3647704,34.7487002],[135.3646451,34.7489596],[135.3646144,34.7490303],[135.3645591,34.7491525],[135.3643488,34.7496711],[135.3643117,34.7497552],[135.3642798,34.7498246],[135.3642036,34.7499974],[135.3640545,34.7503065],[135.3638525,34.7507699],[135.3635663,34.7514281],[135.3635315,34.7514996],[135.3633973,34.7518314],[135.363341,34.7520448],[135.3633249,34.7521785],[135.3633228,34.7522251],[135.3633178,34.7523361],[135.3633096,34.752433],[135.363282,34.7527581],[135.3632756,34.7528639],[135.3632565,34.7531801],[135.3632351,34.7536318],[135.3632157,34.753928],[135.3631908,34.7543095],[135.363188,34.7543628],[135.3631867,34.7544017],[135.3631722,34.754675],[135.3631507,34.7551034],[135.3631385,34.7553473],[135.3631343,34.7554304],[135.3631262,34.7555598],[135.3631219,34.7556231],[135.3631094,34.7558257],[135.3630798,34.756295],[135.3630764,34.7563496],[135.3630598,34.756595],[135.3630583,34.7566173],[135.363051,34.7567242],[135.3630248,34.7571187],[135.3630198,34.7571853],[135.3629991,34.7575332],[135.3629965,34.7576189],[135.3629812,34.757903],[135.3629445,34.7584944],[135.3629319,34.7587586],[135.362915,34.759112],[135.3629013,34.7594002]]}},{"type":"Feature","properties":{"kind":"road","name":"中津浜線"},"geometry":{"type":"LineString","coordinates":[[135.3651987,34.7475524],[135.3652071,34.7474958],[135.3652162,34.7474274],[135.3652349,34.7473128],[135.3652369,34.747265],[135.3652368,34.7472341],[135.3652394,34.7471669],[135.3652416,34.7469602],[135.3652456,34.7468339]]}},{"type":"Feature","properties":{"kind":"road","name":"中津浜線"},"geometry":{"type":"LineString","coordinates":[[135.3652456,34.7468339],[135.3652845,34.7463733],[135.3652994,34.7460712],[135.3653139,34.7457779],[135.3653187,34.7455986],[135.3653274,34.7454958],[135.3653385,34.7453653],[135.3653643,34.7450598],[135.3653805,34.7447913],[135.3654677,34.7435332],[135.3655136,34.7428392],[135.3655227,34.7426939],[135.3655325,34.7425468]]}},{"type":"Feature","properties":{"kind":"road","name":"中津浜線"},"geometry":{"type":"LineString","coordinates":[[135.3629069,34.7597075],[135.3629251,34.7596142],[135.3629592,34.7594397]]}},{"type":"Feature","properties":{"kind":"road","name":"国道176号"},"geometry":{"type":"LineString","coordinates":[[135.3073018,34.8259711],[135.3069996,34.8261067],[135.3066172,34.8262961],[135.3053668,34.8270319]]}},{"type":"Feature","properties":{"kind":"road","name":"国道176号"},"geometry":{"type":"LineString","coordinates":[[135.2911475,34.8303607],[135.2911299,34.8302607]]}},{"type":"Feature","properties":{"kind":"road","name":"国道176号"},"geometry":{"type":"LineString","coordinates":[[135.2913323,34.8304616],[135.2914718,34.8304534],[135.2915407,34.8304493],[135.2921006,34.8303938],[135.2923667,34.8303539],[135.2926741,34.8302954],[135.2928283,34.8302803],[135.2931155,34.8302752],[135.293317,34.8302747],[135.2945322,34.8302856],[135.2946411,34.8302899],[135.2947191,34.8302973],[135.2947897,34.830312],[135.2948546,34.8303309],[135.2949195,34.8303554],[135.294993,34.8304037],[135.2950638,34.8304608],[135.2951096,34.8305069],[135.2951474,34.8305662],[135.2951702,34.8306201],[135.2951893,34.8307012],[135.2951908,34.8307576],[135.295159,34.8309605],[135.2951489,34.8310991],[135.2951777,34.8312305],[135.2952181,34.8313217],[135.2953105,34.8314093],[135.2954648,34.8314732],[135.2955418,34.8314991],[135.2956362,34.831514],[135.2956951,34.8315143],[135.2957835,34.8315125],[135.2958532,34.8314979],[135.2959149,34.8314744],[135.2960188,34.8314282]]}},{"type":"Feature","properties":{"kind":"road","name":"国道176号"},"geometry":{"type":"LineString","coordinates":[[135.2387948,34.8394772],[135.238683,34.840041],[135.2385804,34.840522],[135.2383589,34.8415327],[135.2382811,34.8418831],[135.2382532,34.8420381],[135.2380882,34.8427637],[135.2378834,34.8437517],[135.2378782,34.8437834],[135.2378464,34.8439058],[135.2377341,34.8443383],[135.2377152,34.8444501],[135.2374321,34.8458168],[135.2373205,34.846176],[135.2372135,34.8463574],[135.2371025,34.8465095]]}},{"type":"Feature","properties":{"kind":"road","name":"国道176号"},"geometry":{"type":"LineString","coordinates":[[135.2946386,34.8294256],[135.2936628,34.8297726],[135.292691,34.8300728],[135.2922281,34.8301598],[135.2917437,34.8302115],[135.2911299,34.8302607]]}},{"type":"Feature","properties":{"kind":"road","name":"国道176号"},"geometry":{"type":"LineString","coordinates":[[135.297319,34.8284846],[135.2970743,34.8285738],[135.2964766,34.8287527],[135.2954313,34.8291384],[135.2946386,34.8294256]]}},{"type":"Feature","properties":{"kind":"road","name":"国道176号"},"geometry":{"type":"LineString","coordinates":[[135.3017961,34.8280947],[135.3014083,34.8281476],[135.3012856,34.8281543],[135.3010337,34.8281682],[135.3005597,34.8281816],[135.2994189,34.8281688],[135.2988254,34.8281982],[135.2984977,34.8282392],[135.2981985,34.8282805],[135.2975922,34.8284073],[135.297319,34.8284846]]}},{"type":"Feature","properties":{"kind":"road","name":"国道176号"},"geometry":{"type":"LineString","coordinates":[[135.3048038,34.8272946],[135.3041343,34.8275525],[135.3033819,34.8277795],[135.3024972,34.8279739],[135.3017961,34.8280947]]}},{"type":"Feature","properties":{"kind":"road","name":"国道176号"},"geometry":{"type":"LineString","coordinates":[[135.2971286,34.8308836],[135.2971382,34.8308788],[135.2984245,34.8302714],[135.2984444,34.830262],[135.2986546,34.8301627],[135.2990891,34.8299827],[135.2991875,34.8299303],[135.2994375,34.8297904],[135.2995487,34.8297465],[135.2998329,34.8296657],[135.2999507,34.8296428],[135.3000468,34.8296311],[135.3001151,34.8296299],[135.3008449,34.829671],[135.3013781,34.8297047],[135.3017959,34.8297252],[135.302011,34.8297185]]}},{"type":"Feature","properties":{"kind":"road","name":"国道176号"},"geometry":{"type":"LineString","coordinates":[[135.2970308,34.830932],[135.2971286,34.8308836]]}},{"type":"Feature","properties":{"kind":"road","name":"国道43号"},"geometry":{"type":"LineString","coordinates":[[135.3298815,34.7335951],[135.3295873,34.7335717]]}},{"type":"Feature","properties":{"kind":"expressway","name":"中国自動車道"},"geometry":{"type":"LineString","coordinates":[[135.3283663,34.8225234],[135.328942,34.8225375],[135.3294909,34.8225306]]}},{"type":"Feature","properties":{"kind":"expressway","name":"中国自動車道"},"geometry":{"type":"LineString","coordinates":[[135.3280775,34.8222919],[135.3275408,34.8222641],[135.3270455,34.822216],[135.3264901,34.8221524],[135.3256454,34.8220263]]}},{"type":"Feature","properties":{"kind":"expressway","name":"中国自動車道"},"geometry":{"type":"LineString","coordinates":[[135.3294909,34.8225306],[135.3299324,34.8225007],[135.3303117,34.82246],[135.3306953,34.8224069],[135.3311296,34.8223383],[135.3315407,34.8222532],[135.3319416,34.822145],[135.3323301,34.8220305],[135.3327028,34.8218953]]}},{"type":"Feature","properties":{"kind":"road","name":"国道176号"},"geometry":{"type":"LineString","coordinates":[[135.2907021,34.8306554],[135.2907226,34.8306217],[135.2907617,34.8305888],[135.2907991,34.8305661],[135.2908476,34.8305437],[135.2908985,34.8305205],[135.2909553,34.830505]]}},{"type":"Feature","properties":{"kind":"road","name":"国道176号"},"geometry":{"type":"LineString","coordinates":[[135.2879534,34.830554],[135.2884139,34.830586],[135.289055,34.8305397],[135.2899338,34.8304729],[135.2904122,34.8304297],[135.2911475,34.8303607]]}},{"type":"Feature","properties":{"kind":"road","name":"国道176号"},"geometry":{"type":"LineString","coordinates":[[135.2948512,34.8294389],[135.2953662,34.8292628],[135.2963157,34.8289127],[135.296718,34.8287828],[135.297347,34.8285681]]}},{"type":"Feature","properties":{"kind":"road","name":"国道176号"},"geometry":{"type":"LineString","coordinates":[[135.297347,34.8285681],[135.2976314,34.8284789],[135.298208,34.8283567],[135.2988209,34.8282808],[135.2992769,34.8282588],[135.2997033,34.828261],[135.3003471,34.8282698],[135.300862,34.8282676],[135.3013717,34.828239],[135.3018276,34.8281993]]}},{"type":"Feature","properties":{"kind":"road","name":"国道176号"},"geometry":{"type":"LineString","coordinates":[[135.2911475,34.8303607],[135.2911828,34.8305591]]}},{"type":"Feature","properties":{"kind":"road","name":"国道176号"},"geometry":{"type":"LineString","coordinates":[[135.2911475,34.8303607],[135.291257,34.8303504],[135.2917693,34.8303064],[135.2923353,34.8302315],[135.2927671,34.8301302],[135.2932258,34.8299937],[135.2938132,34.8297978],[135.2948512,34.8294389]]}},{"type":"Feature","properties":{"kind":"road","name":"国道176号"},"geometry":{"type":"LineString","coordinates":[[135.3018276,34.8281993],[135.3026189,34.828065],[135.3034772,34.8278625],[135.3042228,34.8276401],[135.3048773,34.8274067]]}},{"type":"Feature","properties":{"kind":"road","name":"国道176号"},"geometry":{"type":"LineString","coordinates":[[135.3054353,34.8271224],[135.306197,34.8266537],[135.3065322,34.8264555],[135.3068246,34.8262838],[135.3070526,34.8261803],[135.3073378,34.8260608]]}},{"type":"Feature","properties":{"kind":"road","name":"国道176号"},"geometry":{"type":"LineString","coordinates":[[135.3110131,34.8234782],[135.3111707,34.8234166],[135.3113082,34.8233759],[135.3115156,34.8233438],[135.3117296,34.8233359],[135.3119141,34.8233604],[135.3121212,34.8234111],[135.3123639,34.8235197],[135.3125541,34.8236222],[135.3128765,34.8238864],[135.3137314,34.8246306],[135.3141107,34.8249645],[135.314537,34.825245],[135.3147909,34.8253548],[135.3150927,34.8254446],[135.3152448,34.82546],[135.3154843,34.8254636],[135.315719,34.8254362],[135.3158752,34.8254024],[135.316069,34.8253476],[135.3162537,34.82527],[135.3163959,34.8252017],[135.3165557,34.8251104],[135.3167761,34.8249738],[135.3169728,34.8248052],[135.3172066,34.8245536],[135.3173335,34.8243674],[135.3174168,34.824203],[135.3174614,34.824047],[135.3175213,34.8238485],[135.3175416,34.8236328]]}},{"type":"Feature","properties":{"kind":"road","name":"国道176号"},"geometry":{"type":"LineString","coordinates":[[135.3106255,34.8237837],[135.3107327,34.8236708],[135.3108655,34.8235687],[135.3110131,34.8234782]]}},{"type":"Feature","properties":{"kind":"road","name":"国道176号"},"geometry":{"type":"LineString","coordinates":[[135.3084382,34.8258812],[135.3087767,34.8258569],[135.3089999,34.8258266],[135.3092278,34.8257686],[135.3094344,34.8256937],[135.3096597,34.8255704],[135.3097769,34.8254792],[135.3099032,34.8253492]]}},{"type":"Feature","properties":{"kind":"road","name":"国道176号"},"geometry":{"type":"LineString","coordinates":[[135.3073378,34.8260608],[135.3076319,34.8259689],[135.3078599,34.8259359],[135.3081013,34.8259095],[135.3084382,34.8258812]]}},{"type":"Feature","properties":{"kind":"road","name":"国道2号"},"geometry":{"type":"LineString","coordinates":[[135.3473758,34.7377759],[135.3476296,34.7377474],[135.348885,34.7376063],[135.3493123,34.7375514],[135.3496167,34.7375123],[135.3497616,34.737494],[135.3508625,34.7373661],[135.3511069,34.7373377],[135.3511574,34.7373317],[135.3512906,34.7373159],[135.3513934,34.7373031],[135.3523135,34.7371886],[135.3523621,34.737183],[135.3525134,34.7371656]]}},{"type":"Feature","properties":{"kind":"road","name":"国道2号"},"geometry":{"type":"LineString","coordinates":[[135.3473179,34.7376805],[135.3471655,34.7376986],[135.3471265,34.7377033],[135.3463555,34.7377999],[135.3460621,34.7378367],[135.3457834,34.7378704],[135.3452947,34.7379276],[135.345079,34.7379524],[135.3447407,34.7379961],[135.3445799,34.7380148],[135.3445316,34.7380205]]}},{"type":"Feature","properties":{"kind":"road","name":"国道2号"},"geometry":{"type":"LineString","coordinates":[[135.344382,34.7380387],[135.344309,34.7380474]]}},{"type":"Feature","properties":{"kind":"road","name":"国道2号"},"geometry":{"type":"LineString","coordinates":[[135.3445316,34.7380205],[135.344382,34.7380387]]}},{"type":"Feature","properties":{"kind":"road","name":"国道2号"},"geometry":{"type":"LineString","coordinates":[[135.3377533,34.7385609],[135.3376733,34.7385624],[135.3375889,34.7385637],[135.3363213,34.7385614],[135.3361737,34.7385583],[135.3360625,34.7385585],[135.3349055,34.738561],[135.3347934,34.738561]]}},{"type":"Feature","properties":{"kind":"road","name":"国道2号"},"geometry":{"type":"LineString","coordinates":[[135.3377535,34.7386565],[135.3378994,34.7386572],[135.3383972,34.7386597],[135.3390649,34.7386475],[135.339215,34.7386485],[135.3394096,34.7386498]]}},{"type":"Feature","properties":{"kind":"road","name":"国道171号"},"geometry":{"type":"LineString","coordinates":[[135.3629013,34.7594002],[135.3629592,34.7594397]]}},{"type":"Feature","properties":{"kind":"road","name":"中津浜線"},"geometry":{"type":"LineString","coordinates":[[135.3629013,34.7594002],[135.3629049,34.7595975],[135.3629069,34.7597075]]}},{"type":"Feature","properties":{"kind":"road","name":"中津浜線"},"geometry":{"type":"LineString","coordinates":[[135.3629592,34.7594397],[135.3629753,34.7591711],[135.3629787,34.7591138],[135.3630504,34.7579049],[135.3630573,34.7577838],[135.3630664,34.7576233],[135.3630709,34.7575353],[135.3630761,34.7574486],[135.3630832,34.7573205],[135.3630906,34.7571866],[135.3630939,34.7571195],[135.3631409,34.7563735],[135.3631421,34.7563545],[135.3631453,34.7562981],[135.3631537,34.7561482],[135.3631766,34.7558819],[135.3631866,34.7555613],[135.3631931,34.7554458]]}},{"type":"Feature","properties":{"kind":"road","name":"国道171号"},"geometry":{"type":"LineString","coordinates":[[135.3629592,34.7594397],[135.3638669,34.7601147],[135.3639719,34.7601945],[135.3641474,34.7603281],[135.3645008,34.7605968],[135.3647583,34.760786],[135.3648603,34.7608628],[135.3652082,34.7611249],[135.3653052,34.761198],[135.3655742,34.7613991],[135.3655957,34.7614152],[135.365948,34.7616786],[135.3660052,34.7617213],[135.3663291,34.7619746],[135.3664429,34.7620635],[135.3665171,34.7621216],[135.3666127,34.7621818]]}},{"type":"Feature","properties":{"kind":"road","name":"山手幹線"},"geometry":{"type":"LineString","coordinates":[[135.3655325,34.7425468],[135.3656508,34.7425438],[135.3658876,34.7425423],[135.3660513,34.7425384],[135.3661769,34.7425259],[135.3664591,34.7425212],[135.366609,34.7425193],[135.367088,34.7425129],[135.3671741,34.7425117],[135.3673272,34.7425085],[135.3677294,34.7425029],[135.3677791,34.7425021],[135.3682324,34.7424946],[135.3686161,34.7424882],[135.3691096,34.7424777],[135.3695978,34.742476],[135.3705244,34.7424572],[135.3706305,34.7424551]]}},{"type":"Feature","properties":{"kind":"road","name":"国道2号"},"geometry":{"type":"LineString","coordinates":[[135.3286905,34.737555],[135.3286381,34.7375422],[135.3279386,34.7373572],[135.327423,34.7372209],[135.3263213,34.7369191],[135.3250121,34.7365707],[135.3248118,34.736519],[135.3246325,34.7364715],[135.3240072,34.7363061],[135.3231573,34.7360808],[135.3227754,34.7359796],[135.3221912,34.7358249],[135.3215782,34.7356626],[135.3214267,34.7356189],[135.3213197,34.7355882]]}},{"type":"Feature","properties":{"kind":"road","name":"国道43号"},"geometry":{"type":"LineString","coordinates":[[135.3282501,34.7336827],[135.3287672,34.7337334],[135.3295696,34.7338121]]}},{"type":"Feature","properties":{"kind":"road","name":"臨港線"},"geometry":{"type":"LineString","coordinates":[[135.3290923,34.727232],[135.3291235,34.7272375],[135.3291437,34.7272417],[135.3304361,34.7274876],[135.3307352,34.7275446],[135.3314127,34.7276735],[135.3317565,34.727739],[135.3321753,34.7278163],[135.3323442,34.7278475],[135.3324006,34.727858],[135.3335666,34.7280555],[135.3339534,34.728134],[135.3347058,34.7282868],[135.335543,34.7284567],[135.3357404,34.7284634]]}},{"type":"Feature","properties":{"kind":"road","name":"臨港線"},"geometry":{"type":"LineString","coordinates":[[135.3244016,34.7267186],[135.3255343,34.726774],[135.3258379,34.7267887],[135.3261316,34.7268029],[135.327034,34.7268466],[135.3280082,34.7270299],[135.328746,34.7271696],[135.3287885,34.7271774]]}},{"type":"Feature","properties":{"kind":"road","name":"山手幹線"},"geometry":{"type":"LineString","coordinates":[[135.35843,34.7425197],[135.3590313,34.7425357],[135.3594752,34.7425421],[135.3596469,34.742547],[135.3597743,34.7425507],[135.3598227,34.7425521],[135.3602396,34.7425641],[135.3605092,34.7425704],[135.3605384,34.7425711],[135.3606729,34.7425756],[135.3610761,34.7425848],[135.361541,34.7426065],[135.3616514,34.7426116],[135.3621097,34.7426114],[135.3622902,34.7426086],[135.3629324,34.7425988],[135.3638618,34.7425845],[135.3640093,34.7425823],[135.3642233,34.7425793],[135.3646256,34.742556],[135.3650063,34.7425496],[135.3651184,34.742549],[135.3652901,34.742548],[135.3653412,34.7425477],[135.3654518,34.7425472]]}},{"type":"Feature","properties":{"kind":"road","name":"国道2号"},"geometry":{"type":"LineString","coordinates":[[135.3658732,34.7348584],[135.3660538,34.7348273],[135.3665451,34.7347427],[135.3671837,34.734628],[135.3672623,34.7346139],[135.3672923,34.7346089],[135.3674423,34.734584],[135.3683764,34.7344157],[135.3687633,34.734346],[135.3701318,34.7341007],[135.3714189,34.7338463],[135.3715947,34.7338084],[135.3717641,34.7337718],[135.3728751,34.7335105]]}},{"type":"Feature","properties":{"kind":"road","name":"中津浜線"},"geometry":{"type":"LineString","coordinates":[[135.3658732,34.7348584],[135.365855,34.7347703],[135.3658363,34.7346948],[135.3657217,34.7342969]]}},{"type":"Feature","properties":{"kind":"road","name":"国道2号"},"geometry":{"type":"LineString","coordinates":[[135.3657853,34.7347841],[135.3656108,34.7348145],[135.3647856,34.7349583],[135.3646837,34.7349764],[135.3645479,34.7350007],[135.3636054,34.735172],[135.3622777,34.7354167],[135.3612136,34.7355991],[135.3610609,34.7356253],[135.3609153,34.7356533],[135.3604743,34.7357383],[135.3599491,34.7358182],[135.3598224,34.7358375],[135.3593286,34.7359287],[135.3591057,34.7359658],[135.3580212,34.7361617],[135.3575972,34.7362422],[135.3573046,34.7362977],[135.3566949,34.7364134],[135.3563796,34.7364674]]}},{"type":"Feature","properties":{"kind":"road","name":"中津浜線"},"geometry":{"type":"LineString","coordinates":[[135.3657853,34.7347841],[135.3658035,34.7348728],[135.3658242,34.7349741],[135.3658758,34.735242],[135.3658905,34.7353966],[135.3659131,34.7356355],[135.365909,34.7359789]]}},{"type":"Feature","properties":{"kind":"road","name":"国道2号"},"geometry":{"type":"LineString","coordinates":[[135.3739239,34.7332735],[135.3744201,34.7331531],[135.3752274,34.7329573],[135.3758804,34.7328078],[135.3763474,34.7327003],[135.3764961,34.7326663]]}},{"type":"Feature","properties":{"kind":"road","name":"国道2号"},"geometry":{"type":"LineString","coordinates":[[135.3728402,34.7334224],[135.3720567,34.7336035],[135.3717306,34.7336788],[135.3716084,34.733705],[135.3713893,34.733752],[135.3700963,34.7340175],[135.3686372,34.7342727],[135.3672745,34.734514],[135.3672383,34.7345204],[135.3671607,34.7345328],[135.3667449,34.7346061],[135.3665169,34.7346457],[135.3660311,34.7347372],[135.365855,34.7347703],[135.3657853,34.7347841]]}},{"type":"Feature","properties":{"kind":"road","name":"山手幹線"},"geometry":{"type":"LineString","coordinates":[[135.3706305,34.7424551],[135.3707101,34.7424549],[135.371035,34.7424474],[135.3716911,34.7424345],[135.3720808,34.7424291],[135.3733554,34.7424128],[135.3734339,34.7424271]]}},{"type":"Feature","properties":{"kind":"road","name":"国道171号"},"geometry":{"type":"LineString","coordinates":[[135.3695184,34.7643343],[135.3698959,34.7645072],[135.3700462,34.7645571],[135.3703442,34.764656],[135.3707904,34.7647379],[135.3710776,34.7647645],[135.3715486,34.7647662],[135.3720092,34.764727],[135.3721742,34.764713]]}},{"type":"Feature","properties":{"kind":"road","name":"国道2号"},"geometry":{"type":"LineString","coordinates":[[135.3443423,34.738138],[135.3444209,34.7381287]]}},{"type":"Feature","properties":{"kind":"road","name":"国道2号"},"geometry":{"type":"LineString","coordinates":[[135.344309,34.7380474],[135.3441648,34.7380656],[135.3436965,34.7381118],[135.3425215,34.7382537],[135.3423727,34.7382717]]}},{"type":"Feature","properties":{"kind":"road","name":"国道2号"},"geometry":{"type":"LineString","coordinates":[[135.3314432,34.7383367],[135.3316542,34.7383706],[135.3319687,34.738421],[135.3322582,34.7384629],[135.332674,34.7385124],[135.3331326,34.7385638],[135.3333628,34.7385872],[135.3336965,34.7386074],[135.333994,34.7386234],[135.3342614,34.7386395],[135.334648,34.7386403],[135.3347818,34.7386413]]}},{"type":"Feature","properties":{"kind":"road","name":"国道2号"},"geometry":{"type":"LineString","coordinates":[[135.3314612,34.7382415],[135.3312266,34.7381927],[135.3304907,34.7380272],[135.3292939,34.737712],[135.3291383,34.7376729],[135.3289859,34.7376346],[135.3288842,34.7376062]]}},{"type":"Feature","properties":{"kind":"road","name":"山手幹線"},"geometry":{"type":"LineString","coordinates":[[135.3296777,34.7418362],[135.3291284,34.7418352],[135.3287405,34.7418144],[135.3285823,34.7418034]]}},{"type":"Feature","properties":{"kind":"road","name":"国道2号"},"geometry":{"type":"LineString","coordinates":[[135.3347818,34.7386413],[135.3349038,34.7386422],[135.3360622,34.7386508],[135.336174,34.7386505],[135.3363179,34.7386542],[135.3369223,34.7386557],[135.3372006,34.7386436],[135.3375889,34.7386463],[135.337672,34.7386469],[135.3377535,34.7386565]]}},{"type":"Feature","properties":{"kind":"road","name":"国道2号"},"geometry":{"type":"LineString","coordinates":[[135.3347934,34.738561],[135.3346483,34.7385615],[135.334257,34.7385549],[135.3339714,34.7385478],[135.3336992,34.7385368],[135.3333526,34.7385169],[135.3331316,34.7384974],[135.3327098,34.7384501],[135.3323791,34.7384108],[135.3322494,34.7383896],[135.3316773,34.7382853],[135.3314612,34.7382415]]}},{"type":"Feature","properties":{"kind":"road","name":"山手幹線"},"geometry":{"type":"LineString","coordinates":[[135.3277789,34.7417115],[135.3275527,34.7416688]]}},{"type":"Feature","properties":{"kind":"road","name":"国道176号"},"geometry":{"type":"LineString","coordinates":[[135.2427519,34.8311724],[135.2428407,34.8310912],[135.243198,34.8307643],[135.2438398,34.8301772],[135.2441598,34.8298937],[135.2442693,34.8297966],[135.244516,34.8295981],[135.2447922,34.8293995],[135.2450765,34.8292291],[135.2452998,34.8290964],[135.2457375,34.8288928],[135.2461497,34.8287454],[135.2467149,34.8285796],[135.2468441,34.8285542],[135.2470788,34.8285081],[135.2473012,34.8284779],[135.2475046,34.8284502],[135.2480249,34.8284385],[135.2482514,34.8284527],[135.2486421,34.828508],[135.2490217,34.8285934],[135.2492812,34.8286893],[135.2494094,34.8287366],[135.2495452,34.8288036],[135.2497208,34.8288902],[135.2498467,34.8289579],[135.2499825,34.8290491],[135.2501128,34.8291518],[135.2505888,34.8295412],[135.2512599,34.8300864],[135.2517006,34.8304476],[135.2521133,34.8307627],[135.252417,34.8309534],[135.2526301,34.8310611],[135.2528964,34.8311689],[135.2530417,34.8312246],[135.2532748,34.8313002],[135.253682,34.8313973],[135.2541535,34.8314946],[135.2543762,34.8315476],[135.2545505,34.831605],[135.2548248,34.8317003],[135.2549433,34.8317415]]}},{"type":"Feature","properties":{"kind":"road","name":"国道176号"},"geometry":{"type":"LineString","coordinates":[[135.2412807,34.8325683],[135.2413243,34.8325188]]}},{"type":"Feature","properties":{"kind":"road","name":"国道176号"},"geometry":{"type":"LineString","coordinates":[[135.2398504,34.834777],[135.2398278,34.8348468],[135.2397706,34.8350485],[135.2397516,34.8351076],[135.2397281,34.8351805],[135.2395787,34.835756],[135.2393862,34.8366574],[135.2391204,34.8379024],[135.2390444,34.8382712],[135.2389898,34.8385141],[135.2387948,34.8394772]]}},{"type":"Feature","properties":{"kind":"road","name":"国道176号"},"geometry":{"type":"LineString","coordinates":[[135.2399415,34.8348283],[135.2400405,34.8345189],[135.2401594,34.8342325],[135.240299,34.8339573]]}},{"type":"Feature","properties":{"kind":"road","name":"国道176号"},"geometry":{"type":"LineString","coordinates":[[135.2549433,34.8317415],[135.2552197,34.8318612],[135.2555821,34.8320623],[135.2557931,34.8322071],[135.2560368,34.8324211]]}},{"type":"Feature","properties":{"kind":"road","name":"国道176号"},"geometry":{"type":"LineString","coordinates":[[135.2549868,34.8316561],[135.2548654,34.8316155],[135.2546409,34.8315405],[135.2544355,34.8314799],[135.2540715,34.8313923],[135.2536656,34.8313171],[135.2532988,34.8312266],[135.252939,34.8311031],[135.2526793,34.8309963],[135.2524882,34.8309048],[135.2524004,34.8308506],[135.2521842,34.8307172],[135.2519434,34.8305338],[135.2513218,34.8300236],[135.250458,34.8293145],[135.250074,34.8290197],[135.2497779,34.8288106],[135.2496039,34.8287259],[135.2494642,34.8286579],[135.2493246,34.8286056],[135.2489824,34.8284772],[135.248692,34.828415],[135.2484008,34.8283639],[135.2480298,34.8283396],[135.2475182,34.8283571],[135.2472775,34.8283889],[135.2470511,34.8284188],[135.2468154,34.8284668],[135.2463756,34.8285732],[135.2461643,34.8286372],[135.2456784,34.8288288],[135.2454366,34.8289377],[135.2449372,34.8292073],[135.2445557,34.829466],[135.2443056,34.829661],[135.2442706,34.8296883],[135.2441929,34.8297489],[135.2438467,34.8300581],[135.2437593,34.8301362],[135.2436951,34.8301954],[135.2436061,34.8302775],[135.2434994,34.8303759],[135.2427756,34.8310435],[135.2426851,34.8311269]]}},{"type":"Feature","properties":{"kind":"road","name":"国道176号"},"geometry":{"type":"LineString","coordinates":[[135.237822,34.844464],[135.2379637,34.8437975],[135.2383841,34.84188],[135.2384572,34.8415437],[135.2385078,34.841291],[135.2386931,34.8404047],[135.2388958,34.839484],[135.2389429,34.8392396],[135.2390788,34.8385493],[135.2393202,34.8374331],[135.239482,34.8366723],[135.2396138,34.8360527],[135.2396973,34.8356945],[135.2398438,34.8351296],[135.2398598,34.835068],[135.2399415,34.8348283]]}},{"type":"Feature","properties":{"kind":"road","name":"国道176号"},"geometry":{"type":"LineString","coordinates":[[135.3339154,34.8179527],[135.3339904,34.8178018]]}},{"type":"Feature","properties":{"kind":"road","name":"国道176号"},"geometry":{"type":"LineString","coordinates":[[135.3099472,34.8250877],[135.3098039,34.8252899],[135.3096536,34.8254226],[135.3094186,34.8255708],[135.309118,34.8256748],[135.3087376,34.8257456],[135.3084285,34.8257839]]}},{"type":"Feature","properties":{"kind":"road","name":"国道176号"},"geometry":{"type":"LineString","coordinates":[[135.3099032,34.8253492],[135.3099557,34.8252713],[135.3100285,34.8251498],[135.3101398,34.8248966],[135.3102659,34.8245179],[135.3103356,34.8243132],[135.3104012,34.8241491],[135.3104628,34.8240204]]}},{"type":"Feature","properties":{"kind":"road","name":"国道176号"},"geometry":{"type":"LineString","coordinates":[[135.2909553,34.830505],[135.2913323,34.8304616]]}},{"type":"Feature","properties":{"kind":"road","name":"国道176号"},"geometry":{"type":"LineString","coordinates":[[135.2911299,34.8302607],[135.2891271,34.8304524],[135.2879534,34.830554]]}},{"type":"Feature","properties":{"kind":"road","name":"国道176号"},"geometry":{"type":"LineString","coordinates":[[135.2426851,34.8311269],[135.2425848,34.8312186],[135.2418296,34.8319095],[135.2415664,34.8321525]]}},{"type":"Feature","properties":{"kind":"road","name":"国道176号"},"geometry":{"type":"LineString","coordinates":[[135.2609395,34.8345262],[135.2610568,34.8345161],[135.2616332,34.8344525],[135.2624717,34.8344161],[135.262893,34.8344286],[135.2631397,34.8344457],[135.2634824,34.8344943],[135.2639136,34.8345697],[135.2642288,34.834614]]}},{"type":"Feature","properties":{"kind":"road","name":"国道176号"},"geometry":{"type":"LineString","coordinates":[[135.2610207,34.834418],[135.2609076,34.8344332],[135.2605312,34.8344608],[135.260033,34.8344546],[135.2597717,34.8344537]]}},{"type":"Feature","properties":{"kind":"road","name":"国道176号"},"geometry":{"type":"LineString","coordinates":[[135.240299,34.8339573],[135.2403427,34.8338805],[135.2404492,34.8336936],[135.2406837,34.8333188],[135.2408114,34.8331388],[135.2411036,34.8327616],[135.241211,34.832642],[135.2412807,34.8325683]]}},{"type":"Feature","properties":{"kind":"road","name":"中津浜線"},"geometry":{"type":"LineString","coordinates":[[135.3654518,34.7425472],[135.3654407,34.7426939],[135.3654256,34.7429709],[135.3653953,34.7435316],[135.3653467,34.7441488],[135.3653054,34.7447764],[135.3652871,34.7450449],[135.3652604,34.7455955]]}},{"type":"Feature","properties":{"kind":"road","name":"中津浜線"},"geometry":{"type":"LineString","coordinates":[[135.3652604,34.7455955],[135.3652322,34.7459975],[135.3652061,34.7463666],[135.3651732,34.7468416]]}},{"type":"Feature","properties":{"kind":"road","name":"国道171号"},"geometry":{"type":"LineString","coordinates":[[135.3666127,34.7621818],[135.3667411,34.762276],[135.3672259,34.7626354],[135.3676631,34.7629596],[135.3679425,34.7631704],[135.3681496,34.7633266],[135.3682547,34.7634058],[135.3682891,34.7634317],[135.3684398,34.7635452],[135.3687277,34.7637621],[135.3692677,34.7641688],[135.3693709,34.7642317],[135.3695184,34.7643343]]}},{"type":"Feature","properties":{"kind":"road","name":"国道2号"},"geometry":{"type":"LineString","coordinates":[[135.3201802,34.7353832],[135.3212384,34.7356707],[135.3212825,34.7356823],[135.3213879,34.7357101],[135.3217077,34.7357939],[135.3222191,34.7359279],[135.3229227,34.7361122],[135.3236668,34.7363156],[135.3240603,34.7364232],[135.3245914,34.7365684],[135.3247595,34.7366144],[135.3249702,34.7366673],[135.3258721,34.7368937],[135.3270523,34.7372103],[135.327999,34.7374635],[135.3286689,34.7376427]]}},{"type":"Feature","properties":{"kind":"road","name":"臨港線"},"geometry":{"type":"LineString","coordinates":[[135.338597,34.7282433],[135.3387451,34.7282273],[135.3400298,34.7280887],[135.3406646,34.728013],[135.3418791,34.7278683]]}},{"type":"Feature","properties":{"kind":"road","name":"臨港線"},"geometry":{"type":"LineString","coordinates":[[135.3449311,34.727517],[135.3453577,34.7274625],[135.3458174,34.7273716],[135.3462201,34.7272581],[135.3466582,34.7271036],[135.347163,34.7268796]]}},{"type":"Feature","properties":{"kind":"road","name":"国道2号"},"geometry":{"type":"LineString","coordinates":[[135.3394145,34.7385692],[135.339215,34.7385651],[135.3385359,34.7385637],[135.3379006,34.7385605],[135.3377533,34.7385609]]}},{"type":"Feature","properties":{"kind":"road","name":"国道171号"},"geometry":{"type":"LineString","coordinates":[[135.3394096,34.7386498],[135.3394055,34.7387368],[135.3393824,34.7392293],[135.3393729,34.7395361],[135.3393548,34.7398233],[135.3393313,34.7401778],[135.3393264,34.7402391],[135.3392648,34.7412319],[135.3392606,34.7412994],[135.3392547,34.7413562],[135.3392267,34.7416737],[135.3392041,34.7418421],[135.3391915,34.7419906],[135.3391625,34.7423341],[135.339142,34.742805],[135.3391387,34.742839],[135.3391163,34.7432176],[135.339105,34.7433966],[135.3390906,34.7436099],[135.3390569,34.7441699],[135.3390634,34.7442845],[135.3390808,34.7443559],[135.3391118,34.7444283],[135.3391538,34.7444834],[135.3392106,34.7445331],[135.3393001,34.7445893],[135.3393877,34.7446328],[135.3397297,34.7447717],[135.3401478,34.7449339],[135.3403413,34.745026],[135.3408714,34.7452303],[135.3412769,34.7453878],[135.3414609,34.7454674],[135.342141,34.745741],[135.3422657,34.7457956],[135.3424311,34.745868],[135.3425856,34.7459355],[135.3434089,34.7463786],[135.3439624,34.7466801],[135.3442593,34.7468362],[135.3444113,34.7469283]]}},{"type":"Feature","properties":{"kind":"road","name":"国道2号"},"geometry":{"type":"LineString","coordinates":[[135.3394096,34.7386498],[135.3395953,34.7386508],[135.339996,34.7386283],[135.3410067,34.738518],[135.3422214,34.7383772],[135.342382,34.7383587],[135.3425379,34.7383415],[135.3437046,34.7382107],[135.3441838,34.7381567],[135.3443423,34.738138]]}},{"type":"Feature","properties":{"kind":"road","name":"臨港線"},"geometry":{"type":"LineString","coordinates":[[135.3357404,34.7284634],[135.3358719,34.7284568],[135.3360972,34.7284435]]}},{"type":"Feature","properties":{"kind":"road","name":"国道43号"},"geometry":{"type":"LineString","coordinates":[[135.3315823,34.7339883],[135.3324035,34.7340264],[135.3332218,34.7340537],[135.3341432,34.7340131],[135.3345389,34.7339872],[135.3359023,34.733898],[135.3360552,34.7338894],[135.3371082,34.7338242],[135.3382314,34.7337529],[135.3394599,34.7336749]]}},{"type":"Feature","properties":{"kind":"road","name":"国道43号"},"geometry":{"type":"LineString","coordinates":[[135.3394599,34.7336749],[135.3396775,34.7336609],[135.340367,34.7336165],[135.3413818,34.7335511],[135.3423128,34.7335142],[135.3431531,34.7334483],[135.3436439,34.7333811],[135.3441363,34.7332935],[135.3442206,34.7332698]]}},{"type":"Feature","properties":{"kind":"road","name":"国道2号"},"geometry":{"type":"LineString","coordinates":[[135.3423727,34.7382717],[135.3422064,34.7382921],[135.3410921,34.7384407],[135.3409955,34.7384521],[135.3407745,34.7384743],[135.3399834,34.7385556],[135.3395944,34.738573],[135.3394145,34.7385692]]}},{"type":"Feature","properties":{"kind":"road","name":"臨港線"},"geometry":{"type":"LineString","coordinates":[[135.3418791,34.7278683],[135.3422607,34.7278274],[135.3425656,34.7277887],[135.3435084,34.7276832],[135.3438368,34.7276471],[135.3442057,34.7276066],[135.3445722,34.7275613],[135.3449311,34.727517]]}},{"type":"Feature","properties":{"kind":"road","name":"国道171号"},"geometry":{"type":"LineString","coordinates":[[135.3527331,34.7517948],[135.3527663,34.7518206],[135.3527997,34.7518465],[135.3528184,34.751861],[135.3530475,34.7520398],[135.353423,34.752333],[135.353704,34.7525524],[135.3540782,34.7528411],[135.3546354,34.7532768],[135.3547572,34.7533757],[135.3549549,34.7535325],[135.3550842,34.7536411],[135.3552626,34.7537854]]}},{"type":"Feature","properties":{"kind":"road","name":"国道171号"},"geometry":{"type":"LineString","coordinates":[[135.3444113,34.7469283],[135.3445186,34.7469814],[135.344915,34.7472218],[135.3456917,34.7476435],[135.3457716,34.7476941],[135.3467798,34.7482538],[135.3469065,34.7483241],[135.3470153,34.7483861],[135.3475018,34.7486637],[135.3479623,34.7489181],[135.3479919,34.7489346]]}},{"type":"Feature","properties":{"kind":"road","name":"国道176号"},"geometry":{"type":"LineString","coordinates":[[135.3103347,34.823982],[135.310261,34.8241665],[135.3100428,34.8248995],[135.310005,34.8249838],[135.3099472,34.8250877]]}},{"type":"Feature","properties":{"kind":"road","name":"国道176号"},"geometry":{"type":"LineString","coordinates":[[135.3104628,34.8240204],[135.3105405,34.8239023],[135.3106255,34.8237837]]}},{"type":"Feature","properties":{"kind":"road","name":"国道176号"},"geometry":{"type":"LineString","coordinates":[[135.2826811,34.8337807],[135.2830085,34.8337339],[135.2830307,34.8337319],[135.2834761,34.8336914],[135.2839449,34.8336447],[135.2841836,34.833621],[135.2842771,34.8335986],[135.2843574,34.8335694],[135.2844247,34.8335407],[135.2845476,34.8334737],[135.2846408,34.8334071],[135.2847147,34.8333522],[135.2847699,34.8333041],[135.2848213,34.8332515],[135.2848536,34.8332094],[135.284893,34.8331481],[135.2849247,34.8330885],[135.2849687,34.8330095],[135.2850125,34.8329303],[135.2850594,34.8328014],[135.2850691,34.8327325],[135.2850703,34.8326528],[135.2850441,34.8325306],[135.2849669,34.8323725],[135.2848864,34.8322228],[135.2848655,34.8321449],[135.2848662,34.8320689],[135.2848741,34.8319842],[135.2848858,34.8319508],[135.2849037,34.8318995],[135.284941,34.8318295],[135.2849877,34.8317671],[135.2850476,34.8317063],[135.2851262,34.8316493],[135.2852327,34.8315697],[135.2855658,34.8313717],[135.2859591,34.8311594],[135.2860644,34.8311091],[135.2864291,34.8309346],[135.2867185,34.83081],[135.28702,34.8307107],[135.2872422,34.8306549],[135.2874515,34.830616],[135.2876433,34.8305923],[135.2876769,34.8305882],[135.2879534,34.830554]]}},{"type":"Feature","properties":{"kind":"road","name":"国道176号"},"geometry":{"type":"LineString","coordinates":[[135.2960188,34.8314282],[135.2966207,34.8311289],[135.2969132,34.8309902],[135.2970308,34.830932]]}},{"type":"Feature","properties":{"kind":"road","name":"国道2号"},"geometry":{"type":"LineString","coordinates":[[135.3525048,34.7370698],[135.3523492,34.7370862],[135.3513817,34.7372102],[135.3512758,34.7372211],[135.3511422,34.737235],[135.3503729,34.7373232],[135.3497787,34.7373914],[135.3495966,34.7374131],[135.3483544,34.7375612],[135.34761,34.7376469],[135.3473179,34.7376805]]}},{"type":"Feature","properties":{"kind":"expressway","name":"中国自動車道"},"geometry":{"type":"LineString","coordinates":[[135.255856,34.8373119],[135.2562977,34.8372635],[135.2566827,34.8372013],[135.2570431,34.8371274],[135.2574275,34.8370331],[135.2578399,34.8369109],[135.2582199,34.8367827],[135.2586617,34.8365986]]}},{"type":"Feature","properties":{"kind":"expressway","name":"中国自動車道"},"geometry":{"type":"LineString","coordinates":[[135.2558516,34.8371804],[135.2554955,34.8372079],[135.2550504,34.8372198],[135.2546023,34.837219],[135.2532519,34.8371721],[135.2527695,34.8371624],[135.2523149,34.8371629],[135.2518279,34.8371847],[135.2513596,34.8372199],[135.2508199,34.8372843],[135.250117,34.8374049],[135.249261,34.8375707],[135.2484009,34.8377566],[135.2474286,34.8379526],[135.2467154,34.8380656],[135.2462981,34.8381176],[135.2457635,34.8381611],[135.2448892,34.8381971],[135.2443301,34.8381988],[135.2433384,34.8381711],[135.2418378,34.8380972],[135.2397443,34.8380055]]}},{"type":"Feature","properties":{"kind":"expressway","name":"中国自動車道"},"geometry":{"type":"LineString","coordinates":[[135.2586617,34.8365986],[135.2590534,34.8364131],[135.2594233,34.8362174],[135.2597825,34.8360034],[135.2601144,34.8357865],[135.2606239,34.8354628],[135.2608159,34.8353508],[135.2610396,34.8352303],[135.2612516,34.8351295],[135.2614751,34.8350434],[135.2616736,34.8349778],[135.2618478,34.8349298],[135.2620262,34.8348913],[135.2622081,34.8348611],[135.2623912,34.8348405],[135.2626293,34.8348264],[135.2628701,34.8348253],[135.2631408,34.8348394],[135.2634226,34.8348667],[135.2636878,34.8349037],[135.2665639,34.8353743],[135.2673266,34.8354884],[135.2682991,34.8356168],[135.269141,34.8357289],[135.2698094,34.8358027],[135.2702396,34.835841],[135.2706737,34.8358693],[135.2711168,34.8358928],[135.27156,34.8359037],[135.2719922,34.8359051],[135.2724226,34.8358969],[135.2728779,34.8358683],[135.2733053,34.8358425],[135.2737406,34.8358042],[135.2741662,34.8357599],[135.2746135,34.8356977],[135.2750302,34.8356328],[135.2754593,34.8355602],[135.2758836,34.8354785],[135.2763092,34.8353944],[135.2768276,34.8352799],[135.2773638,34.8351585],[135.2778746,34.8350313],[135.278503,34.8348685],[135.2790232,34.8347224],[135.2794382,34.8345864],[135.2798486,34.8344415],[135.2803115,34.8342559]]}},{"type":"Feature","properties":{"kind":"expressway","name":"中国自動車道"},"geometry":{"type":"LineString","coordinates":[[135.2585927,34.8364795],[135.2581576,34.8366528],[135.2577778,34.8367883],[135.2573763,34.836906],[135.2570089,34.8369952],[135.2566415,34.8370691],[135.2562811,34.8371294],[135.2558516,34.8371804]]}},{"type":"Feature","properties":{"kind":"expressway","name":"中国自動車道"},"geometry":{"type":"LineString","coordinates":[[135.3322986,34.8216715],[135.3319211,34.8218031]]}},{"type":"Feature","properties":{"kind":"expressway","name":"中国自動車道"},"geometry":{"type":"LineString","coordinates":[[135.3239597,34.8219711],[135.3250457,34.8221524]]}},{"type":"Feature","properties":{"kind":"road","name":"国道176号"},"geometry":{"type":"LineString","coordinates":[[135.3237676,34.8193132],[135.3240378,34.8194713],[135.3241186,34.8195186],[135.3245102,34.8198008],[135.324998,34.8201647]]}},{"type":"Feature","properties":{"kind":"road","name":"国道176号"},"geometry":{"type":"LineString","coordinates":[[135.3053668,34.8270319],[135.3054353,34.8271224]]}},{"type":"Feature","properties":{"kind":"road","name":"国道176号"},"geometry":{"type":"LineString","coordinates":[[135.3053668,34.8270319],[135.3048038,34.8272946]]}},{"type":"Feature","properties":{"kind":"road","name":"国道176号"},"geometry":{"type":"LineString","coordinates":[[135.3048773,34.8274067],[135.3052582,34.8272283],[135.3054353,34.8271224]]}},{"type":"Feature","properties":{"kind":"road","name":"国道43号"},"geometry":{"type":"LineString","coordinates":[[135.3610101,34.7228374],[135.360778,34.7229236],[135.3605598,34.723008],[135.3603673,34.7230871],[135.3601615,34.7231763],[135.3599625,34.7232704],[135.3597444,34.723374],[135.35936,34.723576],[135.3589333,34.7237977],[135.3582954,34.7242249],[135.3581339,34.7243319],[135.3579768,34.7244417]]}},{"type":"Feature","properties":{"kind":"road","name":"国道43号"},"geometry":{"type":"LineString","coordinates":[[135.3583202,34.7243935],[135.3590349,34.723904],[135.3597621,34.7235116],[135.3599981,34.7233932],[135.3604486,34.723183],[135.3606218,34.7231084],[135.3608306,34.7230218],[135.3610595,34.7229353]]}},{"type":"Feature","properties":{"kind":"road","name":"国道43号"},"geometry":{"type":"LineString","coordinates":[[135.3664883,34.7207496],[135.3674695,34.7203289],[135.3689279,34.7197358]]}},{"type":"Feature","properties":{"kind":"road","name":"国道43号"},"geometry":{"type":"LineString","coordinates":[[135.3727041,34.7183363],[135.3721645,34.7184795],[135.3713189,34.7186864],[135.3707881,34.7188403],[135.3703388,34.7189663],[135.369831,34.719135],[135.3691261,34.7194412],[135.3688794,34.7195593],[135.3682947,34.7198392],[135.367417,34.7202437],[135.3664269,34.7206773]]}},{"type":"Feature","properties":{"kind":"road","name":"国道43号"},"geometry":{"type":"LineString","coordinates":[[135.3789418,34.7169045],[135.3777623,34.7171847]]}},{"type":"Feature","properties":{"kind":"road","name":"国道43号"},"geometry":{"type":"LineString","coordinates":[[135.3777958,34.7172585],[135.3789026,34.7169865]]}},{"type":"Feature","properties":{"kind":"road","name":"中津浜線"},"geometry":{"type":"LineString","coordinates":[[135.352343,34.717607],[135.3519191,34.7171741],[135.3518887,34.7171451],[135.3514142,34.7167129]]}},{"type":"Feature","properties":{"kind":"road","name":"山手幹線"},"geometry":{"type":"LineString","coordinates":[[135.3551075,34.7423836],[135.3552272,34.7423883],[135.3553052,34.7423913],[135.3556166,34.7424034],[135.355844,34.7424123],[135.3560023,34.7424187],[135.3564426,34.7424314],[135.3566801,34.7424382],[135.3567758,34.7424412],[135.3572339,34.7424597],[135.3582875,34.7425126],[135.35843,34.7425197]]}},{"type":"Feature","properties":{"kind":"road","name":"山手幹線"},"geometry":{"type":"LineString","coordinates":[[135.3766223,34.7427074],[135.3766747,34.7427177],[135.3791593,34.7432188]]}},{"type":"Feature","properties":{"kind":"road","name":"国道43号"},"geometry":{"type":"LineString","coordinates":[[135.3216277,34.7322994],[135.3239187,34.7329076],[135.3244373,34.7330511],[135.3254068,34.7332662],[135.3264796,34.7335027],[135.3282501,34.7336827]]}},{"type":"Feature","properties":{"kind":"road","name":"国道43号"},"geometry":{"type":"LineString","coordinates":[[135.3447032,34.7331342],[135.344837,34.7330966],[135.3453912,34.7329008],[135.3459794,34.7326642],[135.3466591,34.7323472],[135.3471891,34.7320549],[135.3476845,34.7317174],[135.3479264,34.7315561],[135.3486418,34.7310791],[135.3486702,34.7310598]]}},{"type":"Feature","properties":{"kind":"road","name":"国道43号"},"geometry":{"type":"LineString","coordinates":[[135.3442206,34.7332698],[135.3447032,34.7331342]]}},{"type":"Feature","properties":{"kind":"road","name":"国道43号"},"geometry":{"type":"LineString","coordinates":[[135.3488105,34.7309641],[135.3488383,34.7309451],[135.3495261,34.7304866],[135.3503763,34.7299022],[135.3510651,34.7294251],[135.3514314,34.7291645],[135.3517772,34.7289185],[135.3518241,34.7288833],[135.3523158,34.7285712],[135.3528616,34.7282142],[135.353763,34.7275637],[135.3540852,34.7273373],[135.3548561,34.7268149],[135.355035,34.7266937],[135.3552022,34.7265751],[135.3565149,34.7256438],[135.3575318,34.7249131]]}},{"type":"Feature","properties":{"kind":"road","name":"国道43号"},"geometry":{"type":"LineString","coordinates":[[135.3486702,34.7310598],[135.3488105,34.7309641]]}},{"type":"Feature","properties":{"kind":"road","name":"国道43号"},"geometry":{"type":"LineString","coordinates":[[135.3486124,34.7308553],[135.34858,34.7308783]]}},{"type":"Feature","properties":{"kind":"road","name":"国道43号"},"geometry":{"type":"LineString","coordinates":[[135.3487499,34.7307579],[135.3486124,34.7308553]]}},{"type":"Feature","properties":{"kind":"road","name":"山手幹線"},"geometry":{"type":"LineString","coordinates":[[135.3284624,34.7417871],[135.3282292,34.7417641]]}},{"type":"Feature","properties":{"kind":"road","name":"国道171号"},"geometry":{"type":"LineString","coordinates":[[135.3481009,34.7489962],[135.3481211,34.7490077]]}},{"type":"Feature","properties":{"kind":"road","name":"国道171号"},"geometry":{"type":"LineString","coordinates":[[135.3479919,34.7489346],[135.3480446,34.748964],[135.3481009,34.7489962]]}},{"type":"Feature","properties":{"kind":"road","name":"山手幹線"},"geometry":{"type":"LineString","coordinates":[[135.3549223,34.7423777],[135.3550245,34.7423807]]}},{"type":"Feature","properties":{"kind":"road","name":"国道176号"},"geometry":{"type":"LineString","coordinates":[[135.2911828,34.8305591],[135.2911874,34.8306188],[135.2911803,34.8306661],[135.2911701,34.8306984],[135.2911525,34.8307402],[135.2911281,34.8307838],[135.2910908,34.8308273],[135.2910545,34.8308571],[135.2910156,34.8308785],[135.2909752,34.8308932],[135.2909314,34.8309027],[135.2908898,34.8309037],[135.290852,34.8308978],[135.2907921,34.830876],[135.2907526,34.8308516],[135.290724,34.8308214],[135.2907045,34.8307905],[135.2906893,34.8307556],[135.2906873,34.8307215],[135.2906928,34.8306827],[135.2907021,34.8306554]]}},{"type":"Feature","properties":{"kind":"road","name":"国道176号"},"geometry":{"type":"LineString","coordinates":[[135.328196,34.8208696],[135.3285262,34.8208636],[135.328873,34.8208384],[135.329179,34.8207932],[135.3295198,34.8207112],[135.3297909,34.8206257],[135.3300481,34.8205126],[135.330293,34.8203929],[135.3325105,34.8191687],[135.3329328,34.8189191],[135.3331957,34.8187369]]}},{"type":"Feature","properties":{"kind":"road","name":"国道176号"},"geometry":{"type":"LineString","coordinates":[[135.3265434,34.8207473],[135.3264009,34.8207332],[135.3263789,34.8207301],[135.3261777,34.8207019],[135.3259157,34.8206385],[135.325795,34.8205938],[135.3256688,34.8205471],[135.3254852,34.8204499],[135.3253205,34.8203598],[135.3251572,34.8202531],[135.324998,34.8201647]]}},{"type":"Feature","properties":{"kind":"road","name":"国道176号"},"geometry":{"type":"LineString","coordinates":[[135.3339072,34.8177236],[135.3337777,34.8179503]]}},{"type":"Feature","properties":{"kind":"road","name":"国道176号"},"geometry":{"type":"LineString","coordinates":[[135.3340258,34.8175097],[135.3339072,34.8177236]]}},{"type":"Feature","properties":{"kind":"road","name":"国道176号"},"geometry":{"type":"LineString","coordinates":[[135.3358517,34.8141462],[135.3354724,34.8148404],[135.3354133,34.8149344],[135.3350466,34.8156157],[135.3349184,34.8158729],[135.3345075,34.8166143],[135.3342764,34.8170453],[135.3340258,34.8175097]]}},{"type":"Feature","properties":{"kind":"road","name":"国道176号"},"geometry":{"type":"LineString","coordinates":[[135.3337777,34.8179503],[135.3334608,34.8183505],[135.3332774,34.8185317]]}},{"type":"Feature","properties":{"kind":"road","name":"国道176号"},"geometry":{"type":"LineString","coordinates":[[135.3332774,34.8185317],[135.3331771,34.8186256],[135.3328697,34.8188501],[135.3324477,34.8191089],[135.3302798,34.8203133],[135.3300004,34.8204397],[135.3297256,34.8205508],[135.329486,34.8206378],[135.3291566,34.8207118],[135.3288565,34.8207552],[135.3285194,34.8207813],[135.3281996,34.8207899]]}},{"type":"Feature","properties":{"kind":"road","name":"国道2号"},"geometry":{"type":"LineString","coordinates":[[135.3538186,34.7369168],[135.3537835,34.7369223]]}},{"type":"Feature","properties":{"kind":"road","name":"山手幹線"},"geometry":{"type":"LineString","coordinates":[[135.3550245,34.7423807],[135.3551075,34.7423836]]}},{"type":"Feature","properties":{"kind":"road","name":"山手幹線"},"geometry":{"type":"LineString","coordinates":[[135.3765262,34.7426884],[135.3766223,34.7427074]]}},{"type":"Feature","properties":{"kind":"road","name":"中津浜線"},"geometry":{"type":"LineString","coordinates":[[135.3623269,34.7727175],[135.362354,34.7725964],[135.3624553,34.7721429],[135.3625784,34.7716106],[135.3626169,34.7714313],[135.3626964,34.7710613]]}},{"type":"Feature","properties":{"kind":"road","name":"国道2号"},"geometry":{"type":"LineString","coordinates":[[135.3764961,34.7326663],[135.3767095,34.7326173],[135.3784613,34.7322006],[135.3786005,34.7321696]]}},{"type":"Feature","properties":{"kind":"road","name":"国道2号"},"geometry":{"type":"LineString","coordinates":[[135.3728751,34.7335105],[135.3729824,34.7334874],[135.3739239,34.7332735]]}},{"type":"Feature","properties":{"kind":"road","name":"山手幹線"},"geometry":{"type":"LineString","coordinates":[[135.3281475,34.7417582],[135.3280002,34.7417426],[135.3277789,34.7417115]]}},{"type":"Feature","properties":{"kind":"road","name":"国道176号"},"geometry":{"type":"LineString","coordinates":[[135.3265241,34.820839],[135.3266972,34.8208514],[135.3267563,34.8208556],[135.3273818,34.8208694],[135.328196,34.8208696]]}},{"type":"Feature","properties":{"kind":"road","name":"国道176号"},"geometry":{"type":"LineString","coordinates":[[135.3281996,34.8207899],[135.3273867,34.8207809],[135.3272032,34.8207776],[135.3267883,34.8207701],[135.3267024,34.8207621],[135.3265434,34.8207473]]}},{"type":"Feature","properties":{"kind":"road","name":"山手幹線"},"geometry":{"type":"LineString","coordinates":[[135.3654518,34.7425472],[135.3655325,34.7425468]]}},{"type":"Feature","properties":{"kind":"road","name":"国道176号"},"geometry":{"type":"LineString","coordinates":[[135.323645,34.8192574],[135.3237676,34.8193132]]}},{"type":"Feature","properties":{"kind":"road","name":"国道176号"},"geometry":{"type":"LineString","coordinates":[[135.3226123,34.8186352],[135.3228727,34.8188176],[135.3234408,34.8191544],[135.323645,34.8192574]]}},{"type":"Feature","properties":{"kind":"road","name":"国道176号"},"geometry":{"type":"LineString","coordinates":[[135.3223495,34.8184956],[135.3224645,34.8185588],[135.3225493,34.8186026],[135.3226123,34.8186352]]}},{"type":"Feature","properties":{"kind":"road","name":"国道176号"},"geometry":{"type":"LineString","coordinates":[[135.3222489,34.8184403],[135.3223495,34.8184956]]}},{"type":"Feature","properties":{"kind":"road","name":"国道176号"},"geometry":{"type":"LineString","coordinates":[[135.3200199,34.8178349],[135.3197637,34.8178218],[135.319471,34.8178168],[135.3191107,34.8178362],[135.318808,34.8178698],[135.3185032,34.8179226],[135.3182693,34.8179914],[135.3180228,34.818081],[135.3178652,34.8181586],[135.3177119,34.8182449],[135.3175695,34.818344],[135.317425,34.8184484],[135.3173074,34.8185523],[135.317177,34.8186805],[135.3170432,34.8188577]]}},{"type":"Feature","properties":{"kind":"road","name":"山手幹線"},"geometry":{"type":"LineString","coordinates":[[135.3495424,34.7422096],[135.3494262,34.7422059]]}},{"type":"Feature","properties":{"kind":"road","name":"国道176号"},"geometry":{"type":"LineString","coordinates":[[135.3220974,34.8183691],[135.3222489,34.8184403]]}},{"type":"Feature","properties":{"kind":"road","name":"国道176号"},"geometry":{"type":"LineString","coordinates":[[135.3170432,34.8188577],[135.316906,34.8190726],[135.3167953,34.8193172],[135.316702,34.8196047],[135.3166487,34.8198944],[135.3166148,34.8201958],[135.3166051,34.8204417],[135.3166147,34.8206959],[135.3166266,34.8208023],[135.3166384,34.8209088],[135.3166642,34.8210697],[135.3166933,34.8211907],[135.3167343,34.821345],[135.3168015,34.8215605],[135.3169722,34.8219709],[135.3171224,34.82228],[135.31723,34.8225359],[135.3173063,34.8227346],[135.3174899,34.8231256],[135.3175485,34.8233746],[135.3175416,34.8236328]]}},{"type":"Feature","properties":{"kind":"road","name":"国道171号"},"geometry":{"type":"LineString","coordinates":[[135.3526741,34.751749],[135.3527331,34.7517948]]}},{"type":"Feature","properties":{"kind":"road","name":"国道171号"},"geometry":{"type":"LineString","coordinates":[[135.3515316,34.7508756],[135.3517423,34.7510262],[135.3518668,34.7511153],[135.3521942,34.7513724],[135.3525133,34.751623],[135.3525566,34.7516571],[135.3526383,34.7517212],[135.3526741,34.751749]]}},{"type":"Feature","properties":{"kind":"road","name":"国道176号"},"geometry":{"type":"LineString","coordinates":[[135.3220974,34.8183691],[135.3218257,34.8182609],[135.3216444,34.8181959],[135.3212581,34.8180791],[135.3208774,34.8179711],[135.3205998,34.8179097]]}},{"type":"Feature","properties":{"kind":"road","name":"国道176号"},"geometry":{"type":"LineString","coordinates":[[135.3205998,34.8179097],[135.3203846,34.817868]]}},{"type":"Feature","properties":{"kind":"road","name":"国道176号"},"geometry":{"type":"LineString","coordinates":[[135.3203846,34.817868],[135.3202275,34.8178376]]}},{"type":"Feature","properties":{"kind":"road","name":"国道176号"},"geometry":{"type":"LineString","coordinates":[[135.3202275,34.8178376],[135.3200199,34.8178349]]}},{"type":"Feature","properties":{"kind":"road","name":"山手幹線"},"geometry":{"type":"LineString","coordinates":[[135.3347033,34.7418328],[135.3346009,34.7417938],[135.3342951,34.7418065],[135.3336547,34.7418065],[135.3335739,34.7418065],[135.3334766,34.7418065],[135.3325546,34.7418065],[135.3324598,34.7418065],[135.3315938,34.7418064],[135.3314356,34.7418015],[135.3312615,34.741796],[135.3310014,34.7418043],[135.3309232,34.7418067],[135.3303124,34.741806],[135.3302132,34.7418058],[135.3299211,34.7418054],[135.3296777,34.7418362]]}},{"type":"Feature","properties":{"kind":"road","name":"山手幹線"},"geometry":{"type":"LineString","coordinates":[[135.3296777,34.7418362],[135.3299077,34.7418577],[135.3302129,34.7418596],[135.330314,34.7418602],[135.3312622,34.7418628],[135.3314368,34.7418643]]}},{"type":"Feature","properties":{"kind":"road","name":"山手幹線"},"geometry":{"type":"LineString","coordinates":[[135.3314368,34.7418643],[135.3315927,34.7418644],[135.3320843,34.7418646],[135.3324595,34.7418647],[135.3325548,34.7418645],[135.3330459,34.7418633],[135.3332266,34.7418629],[135.3334187,34.7418624],[135.3334768,34.7418627],[135.3335733,34.741863],[135.3346136,34.7418516],[135.3347033,34.7418328]]}},{"type":"Feature","properties":{"kind":"road","name":"山手幹線"},"geometry":{"type":"LineString","coordinates":[[135.3247807,34.7407621],[135.3245612,34.7406208],[135.3238196,34.7403137],[135.3236295,34.740235],[135.3235086,34.7401694],[135.3230898,34.7399854],[135.3228991,34.7399121],[135.3225812,34.7397809],[135.322516,34.7397524],[135.3224204,34.7397105],[135.3223155,34.7396647],[135.3218443,34.7394586],[135.321506,34.7393268],[135.3213847,34.7392696]]}},{"type":"Feature","properties":{"kind":"road","name":"山手幹線"},"geometry":{"type":"LineString","coordinates":[[135.3213805,34.7393312],[135.3214994,34.7393878],[135.3223891,34.7397621],[135.3224802,34.7398035],[135.3228499,34.7399636],[135.3231178,34.740063],[135.3235057,34.7402415],[135.3236301,34.7402965],[135.3241678,34.7405182],[135.3245604,34.7406839],[135.3247807,34.7407621]]}},{"type":"Feature","properties":{"kind":"road","name":"山手幹線"},"geometry":{"type":"LineString","coordinates":[[135.3275527,34.7416688],[135.3271576,34.7415862],[135.326835,34.7415055],[135.3267825,34.7414924],[135.3266817,34.7414671],[135.3264886,34.7414125],[135.3256476,34.7411231],[135.3255514,34.7410849],[135.3249275,34.7408381],[135.3247807,34.7407621]]}},{"type":"Feature","properties":{"kind":"road","name":"山手幹線"},"geometry":{"type":"LineString","coordinates":[[135.3213847,34.7392696],[135.3212641,34.7392132],[135.3207567,34.7389841],[135.3206145,34.7389279],[135.3202779,34.7387788],[135.3200942,34.7387141],[135.319802,34.7385922],[135.3197077,34.7385457],[135.3195943,34.7384916],[135.3192714,34.738367],[135.3189154,34.7382105]]}},{"type":"Feature","properties":{"kind":"road","name":"山手幹線"},"geometry":{"type":"LineString","coordinates":[[135.3186129,34.738144],[135.319537,34.7385481],[135.3196462,34.738601],[135.3197511,34.7386465],[135.3208826,34.7391159],[135.3209711,34.7391436],[135.3212597,34.7392694],[135.3213805,34.7393312]]}},{"type":"Feature","properties":{"kind":"road","name":"国道176号"},"geometry":{"type":"LineString","coordinates":[[135.2412884,34.8324386],[135.2412473,34.8324809]]}},{"type":"Feature","properties":{"kind":"road","name":"国道2号"},"geometry":{"type":"LineString","coordinates":[[135.376544,34.7325614],[135.3764375,34.7325886],[135.3763185,34.7326129],[135.375452,34.7328161],[135.3742091,34.7331011],[135.3737835,34.7332081],[135.37371,34.7332265]]}},{"type":"Feature","properties":{"kind":"road","name":"国道2号"},"geometry":{"type":"LineString","coordinates":[[135.37371,34.7332265],[135.3728402,34.7334224]]}},{"type":"Feature","properties":{"kind":"expressway","name":"中国自動車道"},"geometry":{"type":"LineString","coordinates":[[135.2665849,34.8352515],[135.26373,34.8347825],[135.2634338,34.8347392],[135.2631417,34.8347069],[135.2628723,34.8346906],[135.2626148,34.8346907],[135.2623692,34.8347067],[135.262181,34.8347265],[135.2619788,34.8347598],[135.2617738,34.8348023],[135.2616168,34.8348459],[135.261405,34.8349163],[135.2611688,34.8350103],[135.2609569,34.8351134],[135.260725,34.8352421],[135.2605258,34.8353596],[135.2600255,34.8356709],[135.2596739,34.8359013],[135.2593564,34.8360936],[135.2589668,34.8363056],[135.2585927,34.8364795]]}},{"type":"Feature","properties":{"kind":"road","name":"国道43号"},"geometry":{"type":"LineString","coordinates":[[135.3579768,34.7244417],[135.3575309,34.7247471]]}},{"type":"Feature","properties":{"kind":"road","name":"国道43号"},"geometry":{"type":"LineString","coordinates":[[135.3575309,34.7247471],[135.3574287,34.7248171]]}},{"type":"Feature","properties":{"kind":"road","name":"国道2号"},"geometry":{"type":"LineString","coordinates":[[135.356184,34.7365815],[135.3567402,34.7364872],[135.3573292,34.7363791],[135.3579611,34.7362667],[135.3584119,34.7361865],[135.3588851,34.7361023],[135.3591294,34.7360589],[135.3593293,34.7360253],[135.3596366,34.7359671],[135.3598443,34.7359307],[135.3599681,34.7359106],[135.3604044,34.7358397],[135.3609381,34.7357529],[135.3611088,34.7357195],[135.3612405,34.7356995],[135.3616063,34.7356266],[135.362437,34.7354609],[135.3635721,34.7352619],[135.3638623,34.735211],[135.3645719,34.7350866],[135.3647096,34.7350625],[135.3648099,34.735045],[135.3648641,34.7350356],[135.3651323,34.7349891],[135.3655673,34.7349137],[135.3656319,34.7349025],[135.3658035,34.7348728],[135.3658732,34.7348584]]}},{"type":"Feature","properties":{"kind":"road","name":"国道2号"},"geometry":{"type":"LineString","coordinates":[[135.35616,34.7365043],[135.3552727,34.7366571],[135.3546614,34.7367696],[135.3539715,34.7368901],[135.3538186,34.7369168]]}},{"type":"Feature","properties":{"kind":"road","name":"国道2号"},"geometry":{"type":"LineString","coordinates":[[135.3563796,34.7364674],[135.35616,34.7365043]]}},{"type":"Feature","properties":{"kind":"road","name":"山手幹線"},"geometry":{"type":"LineString","coordinates":[[135.3347033,34.7418328],[135.3358292,34.7418416],[135.336237,34.7418437],[135.3364851,34.7418432],[135.3366225,34.7418413],[135.3369488,34.741837],[135.3380582,34.7418327],[135.3387021,34.7418416],[135.3389367,34.7418419],[135.3390698,34.741842],[135.3392041,34.7418421]]}}]}
